raw_path,raw_filename,class,file_sha256,pixel_sha256,size_bytes,is_corrupt,corrupt_error,width,height,mode,status,quarantine_reason,final_split,final_path
data_soil_raw/Alluvial/alluvial_0001.jpg,alluvial_0001.jpg,Alluvial,d741953635a294390a99d00b9e1bafd367327c30f438ea01343e44a59d27aec0,6c2a2f37e636bb83f84b2b9c2bcede6e683761fcb905160f6fb472c2a130b0e3,846177,False,,1000,667,RGB,clean_retained,,train,data_soil/train/Alluvial/alluvial_0074.jpg
data_soil_raw/Alluvial/alluvial_0002.jpg,alluvial_0002.jpg,Alluvial,1e7670a51ad7e8c7472f277c1ed5b8e51442c0709433868e010802cd6d8b68f6,73cc593882749ffd061ee337965295257885711ccc0d7b8b60336854dd0ac0b7,37483,False,,211,128,RGB,clean_retained,,train,data_soil/train/Alluvial/alluvial_0078.jpg
data_soil_raw/Alluvial/alluvial_0003.png,alluvial_0003.png,Alluvial,e3d208294ec4a8200699088749d0b9d8eabc182dc832065650025431b987b25d,da5fd72132eca2cedad91a06f7244f3556f06044eef6b94f16c3119e2134bd2f,415455,False,,535,259,RGBA,clean_retained,,train,data_soil/train/Alluvial/alluvial_0172.jpg
data_soil_raw/Alluvial/alluvial_0004.jpg,alluvial_0004.jpg,Alluvial,bab9a8cb36dc1d67838e842a6078255645d7e23db7aaca6170cc30738b28ec8b,489d74043662d7bcf2033261f5a806cd9e59d59854992c0b9aceadf64be5bbdc,57026,False,,326,173,RGB,clean_retained,,train,data_soil/train/Alluvial/alluvial_0045.jpg
data_soil_raw/Alluvial/alluvial_0005.png,alluvial_0005.png,Alluvial,90210b12e72b27d457528d818c2553ca54b60e20f5c934ed9fc512055401b49f,3fdb6472f7519d0972cde9e9c487006880413302d69367b7f34ba2c62431d194,123499,False,,390,261,RGBA,clean_retained,,train,data_soil/train/Alluvial/alluvial_0042.jpg
data_soil_raw/Alluvial/alluvial_0006.jpg,alluvial_0006.jpg,Alluvial,7661f160e2e854c4879e5ea5fb0c9db518f2ca165e07a1f9ce23327d83fc5f77,fbc30d7d483e3d0b02017ff80bf79d876fc8097724a5e769e24e271fa5a9c144,69785,False,,388,228,RGB,clean_retained,,val,data_soil/val/Alluvial/alluvial_0044.jpg
data_soil_raw/Alluvial/alluvial_0007.png,alluvial_0007.png,Alluvial,e4a90b9903a030c9d078ced03fb60c3d3ad6b188420e567d4f391f9cc6d58b1d,9db9a00552af4ec1698afa1ee17c758aa1818c340fe89073fc489be8355da8bb,261202,False,,390,261,RGBA,clean_retained,,train,data_soil/train/Alluvial/alluvial_0115.jpg
data_soil_raw/Alluvial/alluvial_0008.jpg,alluvial_0008.jpg,Alluvial,18d220797b52a67d634132f356c91fe62a3b1e1e578c0591bdc3bec1100406d1,899e01909aa8a9836e6cbc37650278dc9f79f38030d4554bd53303164d5c0186,27128,False,,347,280,RGB,clean_retained,,train,data_soil/train/Alluvial/alluvial_0093.jpg
data_soil_raw/Alluvial/alluvial_0009.png,alluvial_0009.png,Alluvial,ae3c4fa3ddb5c9d6ae0e39a8b9cef7b20975f422df7527ca8700c6701ea8c52b,67179de3407614f26292259ce844a68b56602a6e2f7f7929f7b8a8f87b011657,223107,False,,392,260,RGBA,clean_retained,,val,data_soil/val/Alluvial/alluvial_0017.jpg
data_soil_raw/Alluvial/alluvial_0010.png,alluvial_0010.png,Alluvial,30835c467ea9b65f18ca29f016ef4bfd96d9664d53b4f255e9d36e066a973c64,c19b48d29ce07bbc8e4d32dd88f3abcf9ce5b729adb0433c34d0cbcca607f066,568466,False,,942,261,RGBA,clean_retained,,val,data_soil/val/Alluvial/alluvial_0033.jpg
data_soil_raw/Alluvial/alluvial_0011.jpg,alluvial_0011.jpg,Alluvial,580f42a14b3cf9f52e6a8cc727b29b154e86dd29dceec5130aae60e37ff9b57f,94f4e8536785be696e084df703ca3ab890486a8539ebe9d4472ba7ee86ffb6ea,81150,False,,800,531,RGB,clean_retained,,train,data_soil/train/Alluvial/alluvial_0104.jpg
data_soil_raw/Alluvial/alluvial_0012.jpg,alluvial_0012.jpg,Alluvial,bbbf3e4f2f9bb11ad64d29a74f50291c3ec7c51160581075dfddd2555a32d090,17cf1ce149dc11d34387d83d2d887c3e4c60087eab65afd004d1510b72dd04ef,95004,False,,800,531,RGB,clean_retained,,train,data_soil/train/Alluvial/alluvial_0016.jpg
data_soil_raw/Alluvial/alluvial_0013.jpg,alluvial_0013.jpg,Alluvial,e91299edaa67cd26b0eec50a925b45e4ade35479bf6a55acd9e1b9fe9c60c356,b1c9a2bc951ca2d1f1b06a16657d4772cf291c7cf9f66d9f8bf4ea866a005807,39953,False,,462,280,RGB,clean_retained,,train,data_soil/train/Alluvial/alluvial_0131.jpg
data_soil_raw/Alluvial/alluvial_0014.png,alluvial_0014.png,Alluvial,4db490ff1e7e3e6c70af77e407f60b2e412d90c3bc1f60adf93d37f9c8c9ea82,a633ce774cc4d3f7219003f5040f2803ccd1f94574566ef66cbd6f4eb13b479b,254235,False,,390,259,RGBA,clean_retained,,train,data_soil/train/Alluvial/alluvial_0119.jpg
data_soil_raw/Alluvial/alluvial_0015.jpg,alluvial_0015.jpg,Alluvial,a0013c142b8c9c14909bdc5ee1e184bf420363bb28ef7e8cd182217f45b0c3d2,131803d1c8687c9707a9c5d17117efb725ccbe7b69a8a03316b1f3b85cca0728,53106,False,,415,188,RGB,clean_retained,,train,data_soil/train/Alluvial/alluvial_0013.jpg
data_soil_raw/Alluvial/alluvial_0016.png,alluvial_0016.png,Alluvial,d92bdbed8d5159acf687bf4f1b5c1893e601b99d6db98d347634e444c097903f,156a7bd0b3c44fb05ec0c5b7db336715643fefcd746d5be755766bad5b67152c,355999,False,,462,260,RGBA,clean_retained,,train,data_soil/train/Alluvial/alluvial_0014.jpg
data_soil_raw/Alluvial/alluvial_0017.png,alluvial_0017.png,Alluvial,9a8102440e3c9daf1f564f1c3e2df65b0393485fad52fa36b6962978e1794e9d,b8433574f1970e00a40c9def8fe6714fd283e8db316bdffe45a9e552d218a508,299461,False,,390,259,RGBA,clean_retained,,train,data_soil/train/Alluvial/alluvial_0135.jpg
data_soil_raw/Alluvial/alluvial_0018.jpg,alluvial_0018.jpg,Alluvial,0cdafc5d120f78593f804032d7e3fb83bac14c14dffca10d46d80c91ca00dac3,b8eb250a52568016a10f3a98a7362b33d7edec8e3471361d4f2a87d40469d41d,54282,False,,386,159,RGB,clean_retained,,train,data_soil/train/Alluvial/alluvial_0137.jpg
data_soil_raw/Alluvial/alluvial_0019.jpg,alluvial_0019.jpg,Alluvial,fc4b6987fa4c416b8b61ceb93bd903b1a87c46a81022df32ef97534cbcead5ea,c42f4cbe2af16d1ff0f368f6aa9b3ddf027fe56dc28c32b7c3141f98a60bebb1,46454,False,,216,174,RGB,clean_retained,,train,data_soil/train/Alluvial/alluvial_0152.jpg
data_soil_raw/Alluvial/alluvial_0020.jpg,alluvial_0020.jpg,Alluvial,fc4b6987fa4c416b8b61ceb93bd903b1a87c46a81022df32ef97534cbcead5ea,c42f4cbe2af16d1ff0f368f6aa9b3ddf027fe56dc28c32b7c3141f98a60bebb1,46454,False,,216,174,RGB,quarantined_exact_duplicate,Exact pixel duplicate of canonical file data_soil_raw/Alluvial/alluvial_0019.jpg,,
data_soil_raw/Alluvial/alluvial_0021.jpg,alluvial_0021.jpg,Alluvial,7cbee3c561713e9eb5a9a3e43aeb0380dc495807e2e9e0b2a8de2198ce51b6db,c2b5e1153c85b908ae2a8955ab38a0490b2603f4559c0cde032264485edd7961,60887,False,,368,188,RGB,clean_retained,,train,data_soil/train/Alluvial/alluvial_0150.jpg
data_soil_raw/Alluvial/alluvial_0022.png,alluvial_0022.png,Alluvial,ab98182ffc5a036b3793d1ac717e3c46e29b3c17993140445f6ad749f534dfb0,60111db27e99f34365e36c3a14e7a14b8210e563526f539620adc488a8f5f9bf,241109,False,,390,258,RGBA,clean_retained,,train,data_soil/train/Alluvial/alluvial_0061.jpg
data_soil_raw/Alluvial/alluvial_0023.jpg,alluvial_0023.jpg,Alluvial,6d18079a52f406a6ff2956c2a40bab030d8e8c469ed610f99cca4d7bcb1ee426,f5eed541a6f0a15129969649a4163514cc96097f219b36b6a4fec0134e4ca468,48422,False,,393,135,RGB,clean_retained,,train,data_soil/train/Alluvial/alluvial_0197.jpg
data_soil_raw/Alluvial/alluvial_0024.jpg,alluvial_0024.jpg,Alluvial,ff9035db43acf080c917654066ecfb366501311b0ae503c4e1abdfd8bfc18751,591aa2ce66fc0a9a10888b8e88f52c5e9edffaa222ad4c0c55eac20426219281,463861,False,,1500,1125,RGB,clean_retained,,train,data_soil/train/Alluvial/alluvial_0058.jpg
data_soil_raw/Alluvial/alluvial_0025.jpg,alluvial_0025.jpg,Alluvial,d741953635a294390a99d00b9e1bafd367327c30f438ea01343e44a59d27aec0,6c2a2f37e636bb83f84b2b9c2bcede6e683761fcb905160f6fb472c2a130b0e3,846177,False,,1000,667,RGB,quarantined_exact_duplicate,Exact pixel duplicate of canonical file data_soil_raw/Alluvial/alluvial_0001.jpg,,
data_soil_raw/Alluvial/alluvial_0026.jpg,alluvial_0026.jpg,Alluvial,9524b2b1ddb8dd5605511e1d6219f8bce4ada5da053bf45118e736c50b1c58e1,71a01fb8801c6f0db3a9785ba381f5cebe076d5c75e827d8409fe4a0cf3b3c86,155799,False,,1160,522,RGB,clean_retained,,test,data_soil/test/Alluvial/alluvial_0023.jpg
data_soil_raw/Alluvial/alluvial_0027.jpg,alluvial_0027.jpg,Alluvial,53494f3d0a2e2b6a60bdbc572f5eb0abff32edce421b6641aada1b11965f8989,441c0c96d1ffea61159cb0bc600a4203af999e22c0a72621bc4a59045191d821,595910,False,,1200,675,RGB,clean_retained,,val,data_soil/val/Alluvial/alluvial_0012.jpg
data_soil_raw/Alluvial/alluvial_0028.jpg,alluvial_0028.jpg,Alluvial,59545f1f5208de892cd32dce15896d54f62696115594ad4252090bc67156b135,96edf22f1b636a735f3e620e144146e38ff307627c2f620282891945ad40c890,302853,False,,1300,956,RGB,clean_retained,,train,data_soil/train/Alluvial/alluvial_0106.jpg
data_soil_raw/Alluvial/alluvial_0029.jpg,alluvial_0029.jpg,Alluvial,ccf1809efa79a7ac2ab7670aca5c9eb615b4737868f170ed6db423a438dc94c3,8dc5238aef46b5b622b1884bf4a08a510979c2f87e054e0be2ba7e5bf571532e,24571,False,,373,280,RGB,clean_retained,,train,data_soil/train/Alluvial/alluvial_0097.jpg
data_soil_raw/Alluvial/alluvial_0030.jpeg,alluvial_0030.jpeg,Alluvial,d673a49c2bb372a401db118274d46b6e8dd59530c5dff8a9bd7e63ad0db280f8,d17de62aa8342d3c2229c51a582970fe5ce6dc6dca9d7b32d33363403fdc2ce5,3183,False,,100,100,RGB,clean_retained,,train,data_soil/train/Alluvial/alluvial_0164.jpg
data_soil_raw/Alluvial/alluvial_0031.jpeg,alluvial_0031.jpeg,Alluvial,b1173393e47ea39c1b8993045ec846884d8f7fae5a346c86a57b9147d02a8542,5fc0a57f03924ad451453c6a90f34d15fdfda02e15cac5ed0617f5fcded2b302,12249,False,,319,158,RGB,clean_retained,,val,data_soil/val/Alluvial/alluvial_0016.jpg
data_soil_raw/Alluvial/alluvial_0032.jpeg,alluvial_0032.jpeg,Alluvial,2676113fc55968b4f04cf2cc0e61186a83480a55c5f358d68a5ee0d3894a7c25,dc7d79c498ac5b2422817d96de15323dd63b018a9c404f2887184ad902bcfacc,14956,False,,262,192,RGB,clean_retained,,train,data_soil/train/Alluvial/alluvial_0176.jpg
data_soil_raw/Alluvial/alluvial_0033.jpeg,alluvial_0033.jpeg,Alluvial,93707b3daa2f6bebc91758041291a7b67f12a4f7c8d08ce3bc2c139127c08e28,6e796464fb287329855c9a9f93dfd77f34b856fa16beb550f42f68077ecb40c0,2999,False,,100,100,RGB,clean_retained,,test,data_soil/test/Alluvial/alluvial_0021.jpg
data_soil_raw/Alluvial/alluvial_0034.jpg,alluvial_0034.jpg,Alluvial,42eadcc60f4299abab6aa84843dfc42c9bca412cbcc1b3228ca70621d2c12158,569f3233d538f11f2fd534570c828417cf78b35968390daed99c18320af24312,1789522,False,,1500,1101,RGB,clean_retained,,train,data_soil/train/Alluvial/alluvial_0056.jpg
data_soil_raw/Alluvial/alluvial_0035.jpg,alluvial_0035.jpg,Alluvial,96acf7a7d224127c64ef48928762d2ea14caa5affd41177f6e989e7285695e15,89a0d357c547fcd19f021c383ae4d9bf6aad0d42f1267151f41f93024464fadc,162692,False,,1160,522,RGB,clean_retained,,val,data_soil/val/Alluvial/alluvial_0023.jpg
data_soil_raw/Alluvial/alluvial_0036.jpg,alluvial_0036.jpg,Alluvial,bbd002eeeeb0f5f9bec10b554a9b5b473c688a2a3655c0dbe761e507abe64101,a3e44125ce46f920822c1b07e71ee8984ab2fbc3874d2b553c9a9fc5c9daa426,62938,False,,728,728,RGB,clean_retained,,test,data_soil/test/Alluvial/alluvial_0032.jpg
data_soil_raw/Alluvial/alluvial_0037.jpg,alluvial_0037.jpg,Alluvial,d481bc6666ff20aee5a3de17f63308e856dd0d70f2efa863dc440f70b273c29b,884acf56d630c7491f6092e02250ea9e017089c97f0187fe8108dde00660e844,30987,False,,728,728,RGB,clean_retained,,val,data_soil/val/Alluvial/alluvial_0022.jpg
data_soil_raw/Alluvial/alluvial_0038.jpg,alluvial_0038.jpg,Alluvial,5da19d8b1c8ff76ef3bca92a08fe0ae06293d6afc1493496cd682884ee36c50d,348969c13089608ba5dc421cf019cd616f79c4b4a654670b7f085d6913c2af49,30962,False,,728,728,RGB,clean_retained,,train,data_soil/train/Alluvial/alluvial_0033.jpg
data_soil_raw/Alluvial/alluvial_0039.jpg,alluvial_0039.jpg,Alluvial,40968288e39227aa47d2e08fa131eff50c699e0349b2270c7e282574fcd4041a,a8d5cade21e607937dec4bff23f7cce8e77202dd92bee9ba84da60d4eb8d3dd3,53976,False,,728,728,RGB,clean_retained,,train,data_soil/train/Alluvial/alluvial_0121.jpg
data_soil_raw/Alluvial/alluvial_0040.jpg,alluvial_0040.jpg,Alluvial,d118dd594a09631a111a8dfff8c87af7039eb87723be4f058b97193761d17eb0,de6914fc74a292e1cca8902c8bfbb62ea229e4d24e17f772cf77e400b6de49ed,67527,False,,728,728,RGB,clean_retained,,train,data_soil/train/Alluvial/alluvial_0177.jpg
data_soil_raw/Alluvial/alluvial_0041.jpeg,alluvial_0041.jpeg,Alluvial,156432af2e15d9928bd1136224bd343a456996f77520656882645886dac9353a,d9014a2b3e72566d23d07038b323f0e30717cc28f1a09446c895d5b5c9b0fe3e,13416,False,,330,153,RGB,clean_retained,,train,data_soil/train/Alluvial/alluvial_0170.jpg
data_soil_raw/Alluvial/alluvial_0042.jpeg,alluvial_0042.jpeg,Alluvial,b77d1e4343c5425a7082f57c33ba528307da7571d89c440f1d3f9a99ec37a432,3421b9bd6c8c0dbad303a9ad0b076f07c58265038ee8e3f479fc458b77f19036,16108,False,,255,197,RGB,clean_retained,,train,data_soil/train/Alluvial/alluvial_0032.jpg
data_soil_raw/Alluvial/alluvial_0043.jpeg,alluvial_0043.jpeg,Alluvial,2676113fc55968b4f04cf2cc0e61186a83480a55c5f358d68a5ee0d3894a7c25,dc7d79c498ac5b2422817d96de15323dd63b018a9c404f2887184ad902bcfacc,14956,False,,262,192,RGB,quarantined_exact_duplicate,Exact pixel duplicate of canonical file data_soil_raw/Alluvial/alluvial_0032.jpeg,,
data_soil_raw/Alluvial/alluvial_0044.jpeg,alluvial_0044.jpeg,Alluvial,d4954914dd47864432ae6f87a0f5d486538415ac230bc0fc9bb04a62eb679c9b,123f92fc1edc9f5e7c7126aa9cb40d62a8a4716eba935ddbd350b48c8451a20a,4520,False,,100,100,RGB,clean_retained,,test,data_soil/test/Alluvial/alluvial_0002.jpg
data_soil_raw/Alluvial/alluvial_0045.jpeg,alluvial_0045.jpeg,Alluvial,93707b3daa2f6bebc91758041291a7b67f12a4f7c8d08ce3bc2c139127c08e28,6e796464fb287329855c9a9f93dfd77f34b856fa16beb550f42f68077ecb40c0,2999,False,,100,100,RGB,quarantined_exact_duplicate,Exact pixel duplicate of canonical file data_soil_raw/Alluvial/alluvial_0033.jpeg,,
data_soil_raw/Alluvial/alluvial_0046.jpeg,alluvial_0046.jpeg,Alluvial,fb274404601f9858559a4aafffb863bdb14615aa4c5ed1ba24e0bdd8a3f5e973,c0ce5d71e66d31083a85f4eed7e14b8cc2c5ca070da8032f688d2fd28a511993,3305,False,,100,100,RGB,clean_retained,,val,data_soil/val/Alluvial/alluvial_0032.jpg
data_soil_raw/Alluvial/alluvial_0047.jpg,alluvial_0047.jpg,Alluvial,a6683b0e19818ebcc51d3e60a9c663ec31bfa1372e365c47df0528435564b8a7,8b56f164e7f1b7e823ce44ec0d1cfd24f9233ffd724eba835602601c790fb8f4,16998,False,,275,183,RGB,clean_retained,,test,data_soil/test/Alluvial/alluvial_0026.jpg
data_soil_raw/Alluvial/alluvial_0048.jpg,alluvial_0048.jpg,Alluvial,a1a04f5f234af14005e361a9a3488853e11de5940986138e1c2e4339837d2036,e0f2545a52b721e2d238ae470d8a0bc7ad2ffbca58801f779dbdf7f1177f4a7f,3884,False,,100,100,RGB,clean_retained,,train,data_soil/train/Alluvial/alluvial_0181.jpg
data_soil_raw/Alluvial/alluvial_0049.jpg,alluvial_0049.jpg,Alluvial,777b14502abf40ed542488abf121b821abcf1ef83473d7d6b9b0f9c9866ecd7a,6598b266015820ea99f9aa194dd7da03d320fc90828c9813031818e627751f3a,152235,False,,1160,522,RGB,clean_retained,,train,data_soil/train/Alluvial/alluvial_0066.jpg
data_soil_raw/Alluvial/alluvial_0050.jpg,alluvial_0050.jpg,Alluvial,b41fe3af54a2b82ca15dc20cf41bdfcda34c3ea9449b7ff4b9dbf25dc6fdfbfa,e125ca81116e7e64ba67a3cc05d1438c9fc3157c8d2096fe8c83ba18291d0b23,196831,False,,1160,522,RGB,clean_retained,,train,data_soil/train/Alluvial/alluvial_0182.jpg
data_soil_raw/Alluvial/alluvial_0051.jpg,alluvial_0051.jpg,Alluvial,b01c31a64f75390f6dd713867060be354026f2cbc4618e010f8cdc6e0742fc3b,9ad6066cba321b63c76d99fe30994696fa2e481ca38a5a8d41446458aec08ca0,158189,False,,1160,522,RGB,clean_retained,,test,data_soil/test/Alluvial/alluvial_0030.jpg
data_soil_raw/Alluvial/alluvial_0052.jpg,alluvial_0052.jpg,Alluvial,77405ea99363112f3cc4c5cd920a53b49dd3d396432212c2f4c8594673ab43c9,0be65a9000c61dd5796c9d26ef2302148e1c101eef32887a913fc7a9c7fe5972,195147,False,,1160,522,RGB,clean_retained,,train,data_soil/train/Alluvial/alluvial_0009.jpg
data_soil_raw/Alluvial/alluvial_0053.jpg,alluvial_0053.jpg,Alluvial,e73560cb586cc6d24f799a160a93be4ef5606ddad6c68f0802d56bbce9b8c960,38cc8954cd1878f6688750105014f58a08d2113dc713e614350a1a50e39fc725,82375,False,,512,237,RGB,clean_retained,,train,data_soil/train/Alluvial/alluvial_0036.jpg
data_soil_raw/Alluvial/alluvial_0054.jpg,alluvial_0054.jpg,Alluvial,5883e54dd4bf8f32d8651529d8698b18a897f0141c27972dd721523b347e8854,e24e39e63f7a61a6e696d1981b6e72f519e35e266c7e5787f7e7800e4851e134,382446,False,,1018,1500,RGB,clean_retained,,val,data_soil/val/Alluvial/alluvial_0040.jpg
data_soil_raw/Alluvial/alluvial_0055.jpg,alluvial_0055.jpg,Alluvial,ff9035db43acf080c917654066ecfb366501311b0ae503c4e1abdfd8bfc18751,591aa2ce66fc0a9a10888b8e88f52c5e9edffaa222ad4c0c55eac20426219281,463861,False,,1500,1125,RGB,quarantined_exact_duplicate,Exact pixel duplicate of canonical file data_soil_raw/Alluvial/alluvial_0024.jpg,,
data_soil_raw/Alluvial/alluvial_0056.jpg,alluvial_0056.jpg,Alluvial,d741953635a294390a99d00b9e1bafd367327c30f438ea01343e44a59d27aec0,6c2a2f37e636bb83f84b2b9c2bcede6e683761fcb905160f6fb472c2a130b0e3,846177,False,,1000,667,RGB,quarantined_exact_duplicate,Exact pixel duplicate of canonical file data_soil_raw/Alluvial/alluvial_0001.jpg,,
data_soil_raw/Alluvial/alluvial_0057.png,alluvial_0057.png,Alluvial,4367292179691150e833f7105a283c529dc17afc2c93578915b635c06fc9043c,981d5ebe3925e637668c41864eaba38cee3cbbd5ccb745b5719ca0382af9e36f,68835,False,,532,280,P,clean_retained,,train,data_soil/train/Alluvial/alluvial_0107.jpg
data_soil_raw/Alluvial/alluvial_0058.jpeg,alluvial_0058.jpeg,Alluvial,82e144504700bbb9b444686b63af4c34474fdd9449abc958e182412ab0930067,123f4afb3026c795db7bec15d79f72a92c309cf7770d65d9bd7b63dbc413233a,218259,False,,1024,683,RGB,clean_retained,,val,data_soil/val/Alluvial/alluvial_0007.jpg
data_soil_raw/Alluvial/alluvial_0059.jpg,alluvial_0059.jpg,Alluvial,dc7109688986703975976a84afca4a745ac1e1c996e386860095ae5fc9f634c2,2811835d4fc73db6a19f5d873a880e9c65d33ba09ed93b1d917a67abdf5d9006,244351,False,,800,600,RGB,clean_retained,,train,data_soil/train/Alluvial/alluvial_0024.jpg
data_soil_raw/Alluvial/alluvial_0060.jpg,alluvial_0060.jpg,Alluvial,1e7670a51ad7e8c7472f277c1ed5b8e51442c0709433868e010802cd6d8b68f6,73cc593882749ffd061ee337965295257885711ccc0d7b8b60336854dd0ac0b7,37483,False,,211,128,RGB,quarantined_exact_duplicate,Exact pixel duplicate of canonical file data_soil_raw/Alluvial/alluvial_0002.jpg,,
data_soil_raw/Alluvial/alluvial_0061.png,alluvial_0061.png,Alluvial,fb4c6bfd60ade6af66b52cd56cee2a4eb68844b0afb82f45258c84329f84e21d,ea3b98b99ce21e8bfc266e671d6e7d916df1d3e3920518f47592043390ff800e,416816,False,,535,260,RGBA,clean_retained,,train,data_soil/train/Alluvial/alluvial_0192.jpg
data_soil_raw/Alluvial/alluvial_0062.jpg,alluvial_0062.jpg,Alluvial,bab9a8cb36dc1d67838e842a6078255645d7e23db7aaca6170cc30738b28ec8b,489d74043662d7bcf2033261f5a806cd9e59d59854992c0b9aceadf64be5bbdc,57026,False,,326,173,RGB,quarantined_exact_duplicate,Exact pixel duplicate of canonical file data_soil_raw/Alluvial/alluvial_0004.jpg,,
data_soil_raw/Alluvial/alluvial_0063.jpg,alluvial_0063.jpg,Alluvial,34c193d27717f01a4664fbf58bbd424c9b816b46aa21f7890136bd184c79c1c7,ec4630992da56fb981a78f2c054c3502bbd31714bda1e61584cfca73097718d8,58845,False,,340,177,RGB,clean_retained,,test,data_soil/test/Alluvial/alluvial_0040.jpg
data_soil_raw/Alluvial/alluvial_0064.jpg,alluvial_0064.jpg,Alluvial,34c193d27717f01a4664fbf58bbd424c9b816b46aa21f7890136bd184c79c1c7,ec4630992da56fb981a78f2c054c3502bbd31714bda1e61584cfca73097718d8,58845,False,,340,177,RGB,quarantined_exact_duplicate,Exact pixel duplicate of canonical file data_soil_raw/Alluvial/alluvial_0063.jpg,,
data_soil_raw/Alluvial/alluvial_0065.png,alluvial_0065.png,Alluvial,733ba8bf5a54e52f505afe4ab7921726023c3d673e56f066a19d7a9c3a95ee13,6803a830052239f40b727fb7e7838fc278ff9e0498c78c64b6d5231ed151b994,116149,False,,146,262,RGBA,clean_retained,,train,data_soil/train/Alluvial/alluvial_0069.jpg
data_soil_raw/Alluvial/alluvial_0066.png,alluvial_0066.png,Alluvial,59e2af9a27357d7f69db88bf85df0e80881e57d663d6b9bc58a945e8454895db,c360c4393db1549288aeb33bbe5d6b54615df981a1f23e165f9985a83887ddf4,116300,False,,146,260,RGBA,clean_retained,,val,data_soil/val/Alluvial/alluvial_0035.jpg
data_soil_raw/Alluvial/alluvial_0067.png,alluvial_0067.png,Alluvial,b04bf8275766370069491f68b5fb2eefd1ba4a381d6799fcecf7aeae77f955d5,6a6ce905f3719db168ec4d3021838e228e400fb066c18aef8d49954145807b72,116588,False,,146,261,RGBA,clean_retained,,train,data_soil/train/Alluvial/alluvial_0071.jpg
data_soil_raw/Alluvial/alluvial_0068.png,alluvial_0068.png,Alluvial,15409c2ba2a5695b774a4dc52276d6fa371aff977e3f9332fc903c4dc5d4df27,9d3c5891a18d05f5569d468ee3de4ad11a025c4a0da9665ba166d6cbc9b85109,230125,False,,535,260,RGBA,clean_retained,,val,data_soil/val/Alluvial/alluvial_0027.jpg
data_soil_raw/Alluvial/alluvial_0069.png,alluvial_0069.png,Alluvial,032b7de7075bd444a2f6a1655ce49580153af3058d3468d9814c3bb91475944a,dbd1028bea54045a158ebd1bb03ececf468232545267ea90fd5583b0af2053e2,287755,False,,429,261,RGBA,clean_retained,,train,data_soil/train/Alluvial/alluvial_0174.jpg
data_soil_raw/Alluvial/alluvial_0070.png,alluvial_0070.png,Alluvial,f395cdd46d7beeaaeb28bfc80343c7b7fa08709a3fc8c6323ed2af0360244913,551ea966510c34050ffc91a2603d51ca11b7ff623c7d26e6d9f8bba2d7d3160b,189378,False,,347,262,RGBA,clean_retained,,train,data_soil/train/Alluvial/alluvial_0054.jpg
data_soil_raw/Alluvial/alluvial_0071.png,alluvial_0071.png,Alluvial,c4936f7d3b03523fec5676ec80e07f810a39034b0c2961f5e78566fc43bd14ac,bf89e8c5fc780879d81b8b6ef00c57a908919222e70a74b668ff91aed8baa115,188728,False,,347,260,RGBA,clean_retained,,train,data_soil/train/Alluvial/alluvial_0145.jpg
data_soil_raw/Alluvial/alluvial_0072.png,alluvial_0072.png,Alluvial,d62a8e9a1456becca39cc69fd49337c20c775c67eb88d7b64dc5c43c471b92ec,46f92eed151aa7cabcb21edddf08aff45d8eb216f7416a245afef3505346377b,108962,False,,146,260,RGBA,clean_retained,,test,data_soil/test/Alluvial/alluvial_0013.jpg
data_soil_raw/Alluvial/alluvial_0073.png,alluvial_0073.png,Alluvial,80f5125aab57be05dfd2c6215f6622dd449412b61ed6c7ef83661d9f3116162b,a9269b5b7f47f382ac03477fd3d04cd999a00a4ae1caddb0a0f85697fcaa5b98,204776,False,,392,262,RGBA,clean_retained,,train,data_soil/train/Alluvial/alluvial_0122.jpg
data_soil_raw/Alluvial/alluvial_0074.jpg,alluvial_0074.jpg,Alluvial,0cdafc5d120f78593f804032d7e3fb83bac14c14dffca10d46d80c91ca00dac3,b8eb250a52568016a10f3a98a7362b33d7edec8e3471361d4f2a87d40469d41d,54282,False,,386,159,RGB,quarantined_exact_duplicate,Exact pixel duplicate of canonical file data_soil_raw/Alluvial/alluvial_0018.jpg,,
data_soil_raw/Alluvial/alluvial_0075.png,alluvial_0075.png,Alluvial,4d065fa9fa41f20e4311493807f583855a453bcdf3056dc7eafb424a1732d04b,595a6b1e3742b3a168cfd4a7ca34c89521fe4075d88c12bcde4eb0352a7e006d,131375,False,,390,262,RGBA,clean_retained,,test,data_soil/test/Alluvial/alluvial_0018.jpg
data_soil_raw/Alluvial/alluvial_0076.png,alluvial_0076.png,Alluvial,8e3fb93f2a33779eddd83b1962df534cd50c16d63294750915fea61fbfa4fa9a,e36d61d24ab31d8936829493f4b59837851433c43c50e3475ef1061bbbb22635,123480,False,,390,260,RGBA,clean_retained,,train,data_soil/train/Alluvial/alluvial_0185.jpg
data_soil_raw/Alluvial/alluvial_0077.jpg,alluvial_0077.jpg,Alluvial,7661f160e2e854c4879e5ea5fb0c9db518f2ca165e07a1f9ce23327d83fc5f77,fbc30d7d483e3d0b02017ff80bf79d876fc8097724a5e769e24e271fa5a9c144,69785,False,,388,228,RGB,quarantined_exact_duplicate,Exact pixel duplicate of canonical file data_soil_raw/Alluvial/alluvial_0006.jpg,,
data_soil_raw/Alluvial/alluvial_0078.png,alluvial_0078.png,Alluvial,e4a90b9903a030c9d078ced03fb60c3d3ad6b188420e567d4f391f9cc6d58b1d,9db9a00552af4ec1698afa1ee17c758aa1818c340fe89073fc489be8355da8bb,261202,False,,390,261,RGBA,quarantined_exact_duplicate,Exact pixel duplicate of canonical file data_soil_raw/Alluvial/alluvial_0007.png,,
data_soil_raw/Alluvial/alluvial_0079.jpg,alluvial_0079.jpg,Alluvial,18d220797b52a67d634132f356c91fe62a3b1e1e578c0591bdc3bec1100406d1,899e01909aa8a9836e6cbc37650278dc9f79f38030d4554bd53303164d5c0186,27128,False,,347,280,RGB,quarantined_exact_duplicate,Exact pixel duplicate of canonical file data_soil_raw/Alluvial/alluvial_0008.jpg,,
data_soil_raw/Alluvial/alluvial_0080.png,alluvial_0080.png,Alluvial,add1b682ce864f6b69669f6775dc138581ba2c0562337aab4871dc806e7488cb,0bc4def5a5fd578c17167454f13cfedc4b4d4d9a760749019b30b60b598e88c5,223233,False,,392,261,RGBA,clean_retained,,val,data_soil/val/Alluvial/alluvial_0004.jpg
data_soil_raw/Alluvial/alluvial_0081.png,alluvial_0081.png,Alluvial,7c9f0e67e1d693fcede28b74f629f2fb9f0d51f64188d72e9a9612e098c2af87,c10ef090c4fd0dc882704a4e9247e323426af4fe3ce58d3eef3b236b6b575bea,567954,False,,942,260,RGBA,clean_retained,,train,data_soil/train/Alluvial/alluvial_0146.jpg
data_soil_raw/Alluvial/alluvial_0082.jpg,alluvial_0082.jpg,Alluvial,580f42a14b3cf9f52e6a8cc727b29b154e86dd29dceec5130aae60e37ff9b57f,94f4e8536785be696e084df703ca3ab890486a8539ebe9d4472ba7ee86ffb6ea,81150,False,,800,531,RGB,quarantined_exact_duplicate,Exact pixel duplicate of canonical file data_soil_raw/Alluvial/alluvial_0011.jpg,,
data_soil_raw/Alluvial/alluvial_0083.jpg,alluvial_0083.jpg,Alluvial,bbbf3e4f2f9bb11ad64d29a74f50291c3ec7c51160581075dfddd2555a32d090,17cf1ce149dc11d34387d83d2d887c3e4c60087eab65afd004d1510b72dd04ef,95004,False,,800,531,RGB,quarantined_exact_duplicate,Exact pixel duplicate of canonical file data_soil_raw/Alluvial/alluvial_0012.jpg,,
data_soil_raw/Alluvial/alluvial_0084.png,alluvial_0084.png,Alluvial,f3a0bf5fb675204385a70000fe85560c0eac2835d7afab794ce5aa33c431624c,6e0f90eb0d5a7842d22860d3065ec54a5746601f2db95f46beebd3b5bdb0fd9f,316643,False,,462,260,RGBA,clean_retained,,test,data_soil/test/Alluvial/alluvial_0020.jpg
data_soil_raw/Alluvial/alluvial_0085.png,alluvial_0085.png,Alluvial,fff84c7ea0aed60b0c2d226977d808a9c3263d4bbb75f3d7f247edb7c217b29c,2b46599f3e2354a9dcd2affc8d42f58952c6133b4d62fb6d710f9f37d82e0500,255606,False,,390,261,RGBA,clean_retained,,test,data_soil/test/Alluvial/alluvial_0006.jpg
data_soil_raw/Alluvial/alluvial_0086.png,alluvial_0086.png,Alluvial,04f55c3ac7275cc25c38ce6422ec56d14544f2dcfca931bec1463a92eb7ddca6,2aacab0d616a3e41644741ba81f3bf77d7ac1073be93614b12d4f2903073250f,284210,False,,454,261,RGBA,clean_retained,,train,data_soil/train/Alluvial/alluvial_0026.jpg
data_soil_raw/Alluvial/alluvial_0087.jpg,alluvial_0087.jpg,Alluvial,481b12f0cfde39455e43e04d990062e071329c9033bd689a4d4dff4ab7c34e66,663bc8290869bc3e837ec29afe40a8f771a076c79bc5f71a3529b2627b5b8309,289355,False,,800,800,RGB,clean_retained,,train,data_soil/train/Alluvial/alluvial_0067.jpg
data_soil_raw/Alluvial/alluvial_0088.png,alluvial_0088.png,Alluvial,5eb6ea9a2e0715a1a15474d93e1a513cfac1fc61a4c8cc5099eaa762c3986885,faab62ddbc03227fe81006c399eda8ab770f58c6a0428f355f163bd903feeb70,149961,False,,347,259,RGBA,clean_retained,,train,data_soil/train/Alluvial/alluvial_0201.jpg
data_soil_raw/Alluvial/alluvial_0089.png,alluvial_0089.png,Alluvial,43c89cfc9ca38bbe0277b2cf08310190a567313df92dd8467260b52888ae9912,58dc2eb0675310ddb19e0f2440cf5def9d8ecb5931d2581f1a285bdbbb95cc31,154235,False,,347,261,RGBA,clean_retained,,train,data_soil/train/Alluvial/alluvial_0057.jpg
data_soil_raw/Alluvial/alluvial_0090.jpg,alluvial_0090.jpg,Alluvial,2d6ce986178ed1addebf04861493eb81b38147d1c164c3102b3beccff8b07e32,929d74a72d84f5eba10e1ead6d172c069cfc9500b6948235ceed41e8fb29944e,62602,False,,384,198,RGB,clean_retained,,train,data_soil/train/Alluvial/alluvial_0101.jpg
data_soil_raw/Alluvial/alluvial_0091.jpg,alluvial_0091.jpg,Alluvial,2d6ce986178ed1addebf04861493eb81b38147d1c164c3102b3beccff8b07e32,929d74a72d84f5eba10e1ead6d172c069cfc9500b6948235ceed41e8fb29944e,62602,False,,384,198,RGB,quarantined_exact_duplicate,Exact pixel duplicate of canonical file data_soil_raw/Alluvial/alluvial_0090.jpg,,
data_soil_raw/Alluvial/alluvial_0092.jpg,alluvial_0092.jpg,Alluvial,037d6f71b9af25c1a245799432279979dc1ea0da5094526ecae3805f7f66528d,1f40c2231daff8c083c966258e4e77a525022addcf25f52e4776e8ca86d95aca,67180,False,,384,185,RGB,clean_retained,,train,data_soil/train/Alluvial/alluvial_0020.jpg
data_soil_raw/Alluvial/alluvial_0093.png,alluvial_0093.png,Alluvial,7cfb5ccefb12b90966d9c43694967503e2f13e2f261020ac878f98a1d0b4750f,3f1e8dae2acc733ded99ed6502d41b7d0c044284c532829cbdda5d6f988edaca,247031,False,,390,259,RGBA,clean_retained,,train,data_soil/train/Alluvial/alluvial_0041.jpg
data_soil_raw/Alluvial/alluvial_0094.jpg,alluvial_0094.jpg,Alluvial,e9f13be112f3fd9f6af441d4bf8aed5803793034ee71f378eb9b6562184092ef,8926aeaa5d44b5e86d725e3055514c29810a9855c5f5371882a4234ed4f6b20e,41926,False,,393,280,RGB,clean_retained,,train,data_soil/train/Alluvial/alluvial_0092.jpg
data_soil_raw/Alluvial/alluvial_0095.jpg,alluvial_0095.jpg,Alluvial,e9f13be112f3fd9f6af441d4bf8aed5803793034ee71f378eb9b6562184092ef,8926aeaa5d44b5e86d725e3055514c29810a9855c5f5371882a4234ed4f6b20e,41926,False,,393,280,RGB,quarantined_exact_duplicate,Exact pixel duplicate of canonical file data_soil_raw/Alluvial/alluvial_0094.jpg,,
data_soil_raw/Alluvial/alluvial_0096.jpg,alluvial_0096.jpg,Alluvial,54d43e45a4bee943ea17f795e5ec322e155b0ebfb9f063b800baef8bcd141f4b,0833960c8917abfc0a769f7b66e7217330305cd3fad8b3bd9b1f992b2d862095,41228,False,,393,280,RGB,clean_retained,,val,data_soil/val/Alluvial/alluvial_0001.jpg
data_soil_raw/Alluvial/alluvial_0097.jpg,alluvial_0097.jpg,Alluvial,a0013c142b8c9c14909bdc5ee1e184bf420363bb28ef7e8cd182217f45b0c3d2,131803d1c8687c9707a9c5d17117efb725ccbe7b69a8a03316b1f3b85cca0728,53106,False,,415,188,RGB,quarantined_exact_duplicate,Exact pixel duplicate of canonical file data_soil_raw/Alluvial/alluvial_0015.jpg,,
data_soil_raw/Alluvial/alluvial_0098.jpg,alluvial_0098.jpg,Alluvial,fd671560865d1e47fcfa06bca007947a5036de9333f311c232f5c9f24787680c,c879ae7ee4b034dc91c7fdce1a19b6eb5f76cdcda3503e47f3d3462ad667bb0b,124681,False,,800,530,RGB,clean_retained,,val,data_soil/val/Alluvial/alluvial_0036.jpg
data_soil_raw/Alluvial/alluvial_0099.jpg,alluvial_0099.jpg,Alluvial,00c44ce7bf31357eab0aa52219d1d02f0c7d8626a2258ccd2d81ce6ae7ce7301,782c604f6c39e063fd792508b6a7483e1e0bfa269b4ec373219e7ff8d020de3c,82489,False,,698,188,RGB,clean_retained,,val,data_soil/val/Alluvial/alluvial_0021.jpg
data_soil_raw/Alluvial/alluvial_0100.jpg,alluvial_0100.jpg,Alluvial,75142fd443ae2e46a7cec3538807c088f80cccdccd2db39ae8dc2e55753e1aa8,611214895d26f987cb8b53f77f79615ab4d32c7c2990411b644e4004a0eeea95,101149,False,,572,288,RGB,clean_retained,,train,data_soil/train/Alluvial/alluvial_0063.jpg
data_soil_raw/Alluvial/alluvial_0101.png,alluvial_0101.png,Alluvial,e094f9f5257a80b7f141219466ea4c0a727bfead98c080dbd578a9615c115be7,c233a2f9821312285b20c9f52a2dbb654c14d496f2a70a4a99e34d1bd6cc0e01,214357,False,,390,261,RGBA,clean_retained,,train,data_soil/train/Alluvial/alluvial_0148.jpg
data_soil_raw/Alluvial/alluvial_0102.png,alluvial_0102.png,Alluvial,59dae6afbbaa234df2231752b2655d738a60112c6fe63dac9d34101939652df7,76cac32eda236caaae8fd476e6ce93555729a50e0b20ecf18c289dd45991eb1a,314643,False,,390,261,RGBA,clean_retained,,train,data_soil/train/Alluvial/alluvial_0080.jpg
data_soil_raw/Alluvial/alluvial_0103.png,alluvial_0103.png,Alluvial,2708db8ba5a9981f7a635246c4352bcaefc7b4ae40cc99985c62a69f3611b867,1d46b63f7799e4f4fd0d1b4c9bbcde89aacf0c40d4384cc30172bf869c425a89,232043,False,,390,261,RGBA,clean_retained,,test,data_soil/test/Alluvial/alluvial_0004.jpg
data_soil_raw/Alluvial/alluvial_0104.png,alluvial_0104.png,Alluvial,8001554b94fbae6c8756b82d9601a651f9dbf93c183fa9f8fead8bf1fa874012,9b023853e26ea6d8fa859ddb00a9f7d2433026e1ce381250355adbd8268a5450,288277,False,,390,259,RGBA,clean_retained,,train,data_soil/train/Alluvial/alluvial_0111.jpg
data_soil_raw/Alluvial/alluvial_0105.png,alluvial_0105.png,Alluvial,c2b8510765d2aeff2994233e705822076a4bc0b35ae5add4081374addb1f7812,92915dabe803216a992a57002f192b93655ea86da7a9a797d0992b5434978ec7,301024,False,,390,261,RGBA,clean_retained,,val,data_soil/val/Alluvial/alluvial_0024.jpg
data_soil_raw/Alluvial/alluvial_0106.png,alluvial_0106.png,Alluvial,07c0c4848627030834aa097bb5dbe4b05de815de342411c1e6f8a270d89adddf,792d8420a1775d012a03ac8fe68a99d7c880b019068d83aec791b4dcde557354,356621,False,,462,261,RGBA,clean_retained,,train,data_soil/train/Alluvial/alluvial_0082.jpg
data_soil_raw/Alluvial/alluvial_0107.jpg,alluvial_0107.jpg,Alluvial,7afce8b89a6cdd12db0c2ea200aed6454a40c65d2f06c73dcaf56841c3163731,9b5e5ad5340dc37533608c93a9ba72decd142da04379c36f5e89e45a82f6e808,13446,False,,146,280,RGB,clean_retained,,train,data_soil/train/Alluvial/alluvial_0112.jpg
data_soil_raw/Alluvial/alluvial_0108.png,alluvial_0108.png,Alluvial,63b66da17782ed1a871cdc6cbced0eaa95c49911dcfea90fc99648e62c108607,d01b3d6316b43f1695f8a7e3f4a86ba8e9e92f2fb5bc18d5ee3c2f9904d4d5eb,300596,False,,390,260,RGBA,clean_retained,,train,data_soil/train/Alluvial/alluvial_0163.jpg
data_soil_raw/Alluvial/alluvial_0109.jpg,alluvial_0109.jpg,Alluvial,0cdafc5d120f78593f804032d7e3fb83bac14c14dffca10d46d80c91ca00dac3,b8eb250a52568016a10f3a98a7362b33d7edec8e3471361d4f2a87d40469d41d,54282,False,,386,159,RGB,quarantined_exact_duplicate,Exact pixel duplicate of canonical file data_soil_raw/Alluvial/alluvial_0018.jpg,,
data_soil_raw/Alluvial/alluvial_0110.jpg,alluvial_0110.jpg,Alluvial,fc4b6987fa4c416b8b61ceb93bd903b1a87c46a81022df32ef97534cbcead5ea,c42f4cbe2af16d1ff0f368f6aa9b3ddf027fe56dc28c32b7c3141f98a60bebb1,46454,False,,216,174,RGB,quarantined_exact_duplicate,Exact pixel duplicate of canonical file data_soil_raw/Alluvial/alluvial_0019.jpg,,
data_soil_raw/Alluvial/alluvial_0111.jpg,alluvial_0111.jpg,Alluvial,fc4b6987fa4c416b8b61ceb93bd903b1a87c46a81022df32ef97534cbcead5ea,c42f4cbe2af16d1ff0f368f6aa9b3ddf027fe56dc28c32b7c3141f98a60bebb1,46454,False,,216,174,RGB,quarantined_exact_duplicate,Exact pixel duplicate of canonical file data_soil_raw/Alluvial/alluvial_0019.jpg,,
data_soil_raw/Alluvial/alluvial_0112.jpg,alluvial_0112.jpg,Alluvial,7cbee3c561713e9eb5a9a3e43aeb0380dc495807e2e9e0b2a8de2198ce51b6db,c2b5e1153c85b908ae2a8955ab38a0490b2603f4559c0cde032264485edd7961,60887,False,,368,188,RGB,quarantined_exact_duplicate,Exact pixel duplicate of canonical file data_soil_raw/Alluvial/alluvial_0021.jpg,,
data_soil_raw/Alluvial/alluvial_0113.png,alluvial_0113.png,Alluvial,f5eec9904ee5910e92fb60179c507ff03aeabf95932fe3cebab757ffe7d1aa3f,b86064192b3c2449953fbf4eb1d27f7ce59f54ca7d6d00b55114276435118be4,243511,False,,390,261,RGBA,clean_retained,,train,data_soil/train/Alluvial/alluvial_0136.jpg
data_soil_raw/Alluvial/alluvial_0114.jpg,alluvial_0114.jpg,Alluvial,6d18079a52f406a6ff2956c2a40bab030d8e8c469ed610f99cca4d7bcb1ee426,f5eed541a6f0a15129969649a4163514cc96097f219b36b6a4fec0134e4ca468,48422,False,,393,135,RGB,quarantined_exact_duplicate,Exact pixel duplicate of canonical file data_soil_raw/Alluvial/alluvial_0023.jpg,,
data_soil_raw/Alluvial/alluvial_0115.jpg,alluvial_0115.jpg,Alluvial,5883e54dd4bf8f32d8651529d8698b18a897f0141c27972dd721523b347e8854,e24e39e63f7a61a6e696d1981b6e72f519e35e266c7e5787f7e7800e4851e134,382446,False,,1018,1500,RGB,quarantined_exact_duplicate,Exact pixel duplicate of canonical file data_soil_raw/Alluvial/alluvial_0054.jpg,,
data_soil_raw/Alluvial/alluvial_0116.jpg,alluvial_0116.jpg,Alluvial,ff9035db43acf080c917654066ecfb366501311b0ae503c4e1abdfd8bfc18751,591aa2ce66fc0a9a10888b8e88f52c5e9edffaa222ad4c0c55eac20426219281,463861,False,,1500,1125,RGB,quarantined_exact_duplicate,Exact pixel duplicate of canonical file data_soil_raw/Alluvial/alluvial_0024.jpg,,
data_soil_raw/Alluvial/alluvial_0117.jpg,alluvial_0117.jpg,Alluvial,d741953635a294390a99d00b9e1bafd367327c30f438ea01343e44a59d27aec0,6c2a2f37e636bb83f84b2b9c2bcede6e683761fcb905160f6fb472c2a130b0e3,846177,False,,1000,667,RGB,quarantined_exact_duplicate,Exact pixel duplicate of canonical file data_soil_raw/Alluvial/alluvial_0001.jpg,,
data_soil_raw/Alluvial/alluvial_0118.png,alluvial_0118.png,Alluvial,4367292179691150e833f7105a283c529dc17afc2c93578915b635c06fc9043c,981d5ebe3925e637668c41864eaba38cee3cbbd5ccb745b5719ca0382af9e36f,68835,False,,532,280,P,quarantined_exact_duplicate,Exact pixel duplicate of canonical file data_soil_raw/Alluvial/alluvial_0057.png,,
data_soil_raw/Alluvial/alluvial_0119.jpeg,alluvial_0119.jpeg,Alluvial,82e144504700bbb9b444686b63af4c34474fdd9449abc958e182412ab0930067,123f4afb3026c795db7bec15d79f72a92c309cf7770d65d9bd7b63dbc413233a,218259,False,,1024,683,RGB,quarantined_exact_duplicate,Exact pixel duplicate of canonical file data_soil_raw/Alluvial/alluvial_0058.jpeg,,
data_soil_raw/Alluvial/alluvial_0120.jpg,alluvial_0120.jpg,Alluvial,dc7109688986703975976a84afca4a745ac1e1c996e386860095ae5fc9f634c2,2811835d4fc73db6a19f5d873a880e9c65d33ba09ed93b1d917a67abdf5d9006,244351,False,,800,600,RGB,quarantined_exact_duplicate,Exact pixel duplicate of canonical file data_soil_raw/Alluvial/alluvial_0059.jpg,,
data_soil_raw/Alluvial/alluvial_0121.jpg,alluvial_0121.jpg,Alluvial,cafd4b88074f7aef8c2de8808de2b767e49c526d4df9041c49e411908cbc62fc,e16a5ba7f98ef0bcce8a195f739ac9cf09c947f622b72168ea7c30bb8a455976,156206,False,,1160,522,RGB,clean_retained,,train,data_soil/train/Alluvial/alluvial_0183.jpg
data_soil_raw/Alluvial/alluvial_0122.jpg,alluvial_0122.jpg,Alluvial,d1cbbbed03ed33527a813eedd13c016f41aab249a9954eec36188a55fe3439b8,da3ef1a016c7bf380a1213b6e582f049d9f43a5a7cf03e9252e5c086051c0f28,158371,False,,1160,522,RGB,clean_retained,,val,data_soil/val/Alluvial/alluvial_0039.jpg
data_soil_raw/Alluvial/alluvial_0123.jpg,alluvial_0123.jpg,Alluvial,27985f4e9dc0f185cc55edcaf0f52c7d515759830cc055c2b8182b79c325faa2,4a588942248e7fb67bfdbb8daa4836d31fd05325563e35e3f273d0c2e54b5867,161453,False,,1160,522,RGB,clean_retained,,test,data_soil/test/Alluvial/alluvial_0014.jpg
data_soil_raw/Alluvial/alluvial_0124.jpg,alluvial_0124.jpg,Alluvial,6f050aade16762b4e6f60cc5da240c0e6283d2499a92225289286ec9bdfc0664,3d8d1d189ea5c43271189b30fe8df176303adcd3d1ec6e92a63968b750357101,161820,False,,1160,522,RGB,clean_retained,,train,data_soil/train/Alluvial/alluvial_0040.jpg
data_soil_raw/Alluvial/alluvial_0125.jpg,alluvial_0125.jpg,Alluvial,1a9de5a8ec970aecec6004fd87daa069756cca5d76ef7970082c5c4cf246107b,3da22bdec7197628a485f63eeb25b2fb7ad9a8b372731572f9c4bbb35cb6f616,161036,False,,1160,522,RGB,clean_retained,,test,data_soil/test/Alluvial/alluvial_0009.jpg
data_soil_raw/Alluvial/alluvial_0126.jpg,alluvial_0126.jpg,Alluvial,172694b2d2f16ced4d0e871610284c19ad47977c617653d093e861dd1a2ffcad,a311343a4e729b097ab6a7d084a84f51006a31bac9d1d3b92c4c4dee444cda24,162194,False,,1160,522,RGB,clean_retained,,val,data_soil/val/Alluvial/alluvial_0028.jpg
data_soil_raw/Alluvial/alluvial_0127.jpg,alluvial_0127.jpg,Alluvial,96acf7a7d224127c64ef48928762d2ea14caa5affd41177f6e989e7285695e15,89a0d357c547fcd19f021c383ae4d9bf6aad0d42f1267151f41f93024464fadc,162692,False,,1160,522,RGB,quarantined_exact_duplicate,Exact pixel duplicate of canonical file data_soil_raw/Alluvial/alluvial_0035.jpg,,
data_soil_raw/Alluvial/alluvial_0128.jpg,alluvial_0128.jpg,Alluvial,9a17a81ffd0bc46f80fb0d12b13e26d1f92ff5577fe88142e719a93d3c501314,ed6349969df5425157a9e63e2177345d611fc6777d93e22dcbdf8ee2b0d836bf,162763,False,,1160,522,RGB,clean_retained,,test,data_soil/test/Alluvial/alluvial_0041.jpg
data_soil_raw/Alluvial/alluvial_0129.jpg,alluvial_0129.jpg,Alluvial,e38d63254b8f348dd0ec8cb79d25252372b493a197a551c89edb2dc39174fd8a,98ed01d2cc2bc2e748a0ef7b4f188ad12eab19ab0708a53bb8dc328d8dcb49d1,154855,False,,1160,522,RGB,clean_retained,,train,data_soil/train/Alluvial/alluvial_0109.jpg
data_soil_raw/Alluvial/alluvial_0130.jpg,alluvial_0130.jpg,Alluvial,7292db98c78c60af2ec8c7092610c0c7bc8c88ad6bfecb0ed0c33206f93b94b5,e7c92cac02e94239651e602d076f561fa7de09a414cabc7f8e490e0062dacba6,161147,False,,1160,522,RGB,clean_retained,,train,data_soil/train/Alluvial/alluvial_0190.jpg
data_soil_raw/Alluvial/alluvial_0131.jpg,alluvial_0131.jpg,Alluvial,572bd19dbd7c895fe994a2df9901ae4e4ad20d0065a89371849e6ff6cc11bfef,4be1aa560477d3e9166d8c9775f41e6986081c34356b7736e3adca54338047ce,161684,False,,1160,522,RGB,clean_retained,,val,data_soil/val/Alluvial/alluvial_0013.jpg
data_soil_raw/Alluvial/alluvial_0132.jpg,alluvial_0132.jpg,Alluvial,661beec5b2d7488db71de918c6d83a271897870ebff1306cfb0d8c45ed6c15de,02e40fe3a9ef11697a102c49bd31ef44e0b6a6995261e5775d1b9938c986436d,162295,False,,1160,522,RGB,clean_retained,,train,data_soil/train/Alluvial/alluvial_0002.jpg
data_soil_raw/Alluvial/alluvial_0133.jpg,alluvial_0133.jpg,Alluvial,487d93098e614599acb533941995e53dc9769e04249e786410fc810c361bcc03,e4b60e1c8642c570702e7002b146f78eb2ddcccc32a3393c28a8be7469419e52,162097,False,,1160,522,RGB,clean_retained,,test,data_soil/test/Alluvial/alluvial_0037.jpg
data_soil_raw/Alluvial/alluvial_0134.jpg,alluvial_0134.jpg,Alluvial,3b2a9afbf5e2ed47453c103c178dc3ade079ca9526440249c0ee3f9d88186edd,0b030ea3aa040fd8f88704d085bd0bcac1f613e1a0ffc8ab7474333cfcb83680,161842,False,,1160,522,RGB,clean_retained,,train,data_soil/train/Alluvial/alluvial_0007.jpg
data_soil_raw/Alluvial/alluvial_0135.jpg,alluvial_0135.jpg,Alluvial,ecec39f9f4ad13504befa364b4eaccb226643aad7629a91b0c4aa1ab18e618af,e0efe641de9a2c3f116c26497b57c690c29fe3699c6747f8c1e32eb5efe10d35,161173,False,,1160,522,RGB,clean_retained,,train,data_soil/train/Alluvial/alluvial_0180.jpg
data_soil_raw/Alluvial/alluvial_0136.jpg,alluvial_0136.jpg,Alluvial,cefea6a2ec9a2d00e395a11baf4b263200f5402c124ea4f379512b14cca0f0e4,c1b90fcf7010561277204842794b3582aa13beb645837c57573e3035bec1b089,155118,False,,1160,522,RGB,clean_retained,,val,data_soil/val/Alluvial/alluvial_0034.jpg
data_soil_raw/Alluvial/alluvial_0137.jpg,alluvial_0137.jpg,Alluvial,eb8cf7ba72f2f3ace8161eafbc6ae0917c6b13fa7b09046a5188773587c9249e,1abdeb1b5cc25f406d07910b96983abaa8f390557262415da1284dde4e33c06e,154141,False,,1160,522,RGB,clean_retained,,train,data_soil/train/Alluvial/alluvial_0017.jpg
data_soil_raw/Alluvial/alluvial_0138.jpg,alluvial_0138.jpg,Alluvial,78eb389adf0fe3e719ecbd0663cef96b11b32da75337e2633f36bd01b3f753d7,b4becfd58d58c30ed5330db215f10c1557a5d42aed8650b642b5732ff59584df,160279,False,,1160,522,RGB,clean_retained,,train,data_soil/train/Alluvial/alluvial_0133.jpg
data_soil_raw/Alluvial/alluvial_0139.jpg,alluvial_0139.jpg,Alluvial,681819ecea2d2853bb55c028b39c403005e926842fff792cc73814fc347c6e99,b7600ba7a8e8a67307ecc5f03c52a6dd052738980e539ff921b1527a3e968b5d,154818,False,,1160,522,RGB,clean_retained,,train,data_soil/train/Alluvial/alluvial_0134.jpg
data_soil_raw/Alluvial/alluvial_0140.jpg,alluvial_0140.jpg,Alluvial,8f14527b3f8c14707a47f05c9b2b8ce5c27036aa95d61f897048619c0c929b14,3e2a48bd30269b5803c2ddfdcf0c8b3f3d1a054e872891273d6fd2fa5983a18f,159543,False,,1160,522,RGB,clean_retained,,test,data_soil/test/Alluvial/alluvial_0010.jpg
data_soil_raw/Alluvial/alluvial_0141.jpg,alluvial_0141.jpg,Alluvial,f95bef56a6d77d819834b69ac25cfe5004550cbe868858e75801b88a6343c9ef,c25274629c73b1942ee4034a6927a44ff174b857825670e6cb613e2c9cfc68ad,154622,False,,1160,522,RGB,clean_retained,,train,data_soil/train/Alluvial/alluvial_0149.jpg
data_soil_raw/Alluvial/alluvial_0142.jpg,alluvial_0142.jpg,Alluvial,21902236eb85c54b3e185b2908ef4dbdb99fbbedfdb6c463f4291e941d3e56bd,be8ab6d56e90f858deaf06df28b43335cdf68f0ca7b08610ac0f7eabcea7cc10,161824,False,,1160,522,RGB,clean_retained,,train,data_soil/train/Alluvial/alluvial_0141.jpg
data_soil_raw/Alluvial/alluvial_0143.jpg,alluvial_0143.jpg,Alluvial,bd83aed7e41d540c6bbf1537f1da5a286e8e3010b4d81011261a7a8cbb396f84,9d418177943b7bfec96b3d4619cf62c106bd1708056012e937676abb1a314a5e,162607,False,,1160,522,RGB,clean_retained,,train,data_soil/train/Alluvial/alluvial_0113.jpg
data_soil_raw/Alluvial/alluvial_0144.jpg,alluvial_0144.jpg,Alluvial,e67aa55f363b54eb422c625e2a2dd62b91c0d94e4ce5b10fb79f9f8e97c8abd0,0d5c5fd6e3ea21184859b763be44b0889968b690e7ba78547558369d0af6bc02,133678,False,,1160,522,RGB,clean_retained,,train,data_soil/train/Alluvial/alluvial_0010.jpg
data_soil_raw/Alluvial/alluvial_0145.jpg,alluvial_0145.jpg,Alluvial,0515c4bffa5db80668fee5daa516b7584e0046d3644265391f43a0126087b90c,22a3ab8f1f62c528c9852fc95507be591be7a124b56a38b5d26b2476d32e7272,132943,False,,1160,522,RGB,clean_retained,,train,data_soil/train/Alluvial/alluvial_0021.jpg
data_soil_raw/Alluvial/alluvial_0146.jpg,alluvial_0146.jpg,Alluvial,7e4be3205cc402d25391067b4a332814dda319892ab7315dd2af24e22ffcab09,743c9c536faadd24b9c1c5d91b6c0539399a9d27600f94869be2e0d294904261,131663,False,,1160,522,RGB,clean_retained,,train,data_soil/train/Alluvial/alluvial_0079.jpg
data_soil_raw/Alluvial/alluvial_0147.jpg,alluvial_0147.jpg,Alluvial,9f8c3cf8aa928d48954300febc8bd601c5637222be09bdead7ffc8e2882c1d10,859fff34afe05817c25c500338952cf4c25ea62d727c57f7c0b4c4506de0e253,162938,False,,1160,522,RGB,clean_retained,,train,data_soil/train/Alluvial/alluvial_0089.jpg
data_soil_raw/Alluvial/alluvial_0148.jpg,alluvial_0148.jpg,Alluvial,199d9577bf76dbb3c552f5d9df01b342cfb3689951e73cf6ed19be299e3c1ea9,bf59fe9c43422f56be5ff148012432fb4772da3aaa31685edfcd4ce9236ad6f1,131030,False,,1160,522,RGB,clean_retained,,train,data_soil/train/Alluvial/alluvial_0144.jpg
data_soil_raw/Alluvial/alluvial_0149.jpg,alluvial_0149.jpg,Alluvial,2198217b079c170ea5dbb216fa86413236ffb37cc2be8e47843693dd7120f05a,621ba41108214ff527224dec89a385a188a5e104d3cc6077cb67554199efafaf,134079,False,,1160,522,RGB,clean_retained,,train,data_soil/train/Alluvial/alluvial_0064.jpg
data_soil_raw/Alluvial/alluvial_0150.jpg,alluvial_0150.jpg,Alluvial,3e4d6fa1d9416894b18e561ca3f91383a121c6d6c34da635fcfe06d5e8bdb446,e8f04072863ed025919a0b58bd6fe605b3be0de1d20fa190fade71c04a56db1b,132646,False,,1160,522,RGB,clean_retained,,test,data_soil/test/Alluvial/alluvial_0039.jpg
data_soil_raw/Alluvial/alluvial_0151.jpg,alluvial_0151.jpg,Alluvial,76707345337e9f52669057a5af9a87a6d92aef6a421672d122700f2e26e8780c,9fc47651252385ad4c57dea80a9af3efeb5a43ca12387d720823169a7ea1029f,160352,False,,1160,522,RGB,clean_retained,,test,data_soil/test/Alluvial/alluvial_0031.jpg
data_soil_raw/Alluvial/alluvial_0152.jpg,alluvial_0152.jpg,Alluvial,faddb14c110aca3e69f5b606aa6a226930fd062e1972546d84d4e9123a141099,e5d8db9b20247e5de7188d6b93168ee2b09be8f9998d8435cf34209c58e11c33,130663,False,,1160,522,RGB,clean_retained,,train,data_soil/train/Alluvial/alluvial_0187.jpg
data_soil_raw/Alluvial/alluvial_0153.jpg,alluvial_0153.jpg,Alluvial,5e7bf654fab597a0903fa460a0edf31f183ce7175a2871a8b64a7607cbb595db,ba753cbac88be2017a5582161ef6892406f51bcd7bebf1384f3616bd487398ef,126891,False,,1160,522,RGB,clean_retained,,train,data_soil/train/Alluvial/alluvial_0139.jpg
data_soil_raw/Alluvial/alluvial_0154.jpg,alluvial_0154.jpg,Alluvial,fd9c8456fe80e327a8eec1795743734cacacc859c7c3fd07666683270565bea2,d853c58d45a29572fa13d03329fef15de121b8b90282d26c3af9edf87d3c5d96,131083,False,,1160,522,RGB,clean_retained,,train,data_soil/train/Alluvial/alluvial_0168.jpg
data_soil_raw/Alluvial/alluvial_0155.jpg,alluvial_0155.jpg,Alluvial,c64b258e7788d3065b9b3686393794741692666bbffd657897b941542d6351d5,09e06057a5b64156fea6dad570d33753be4d782bfa01e026a8f03454607fc767,129786,False,,1160,522,RGB,clean_retained,,train,data_soil/train/Alluvial/alluvial_0006.jpg
data_soil_raw/Alluvial/alluvial_0156.jpg,alluvial_0156.jpg,Alluvial,bc6a14139585b07fa827c16af84479639a639803bd4403c68a84603514894a8a,5b1f7c5f8baaa8465e83812a72a671e286bedd4c5c9d043146454fc76ef9d85a,124907,False,,1160,522,RGB,clean_retained,,train,data_soil/train/Alluvial/alluvial_0059.jpg
data_soil_raw/Alluvial/alluvial_0157.jpg,alluvial_0157.jpg,Alluvial,47f12c0e33525a206fd292e8a862c29442a85e3dba22af604f5ea86d4d88b8b3,aab6801dd24e5a1ec45e88f0378a43fcfd1cec028e0ffcad084427e87641ccc4,121932,False,,1160,522,RGB,clean_retained,,train,data_soil/train/Alluvial/alluvial_0124.jpg
data_soil_raw/Alluvial/alluvial_0158.jpg,alluvial_0158.jpg,Alluvial,d394083022a10ceeea855ddc6649dc63f43b21fe2d6ddf4f6fa9861016df8d11,11e51e8b83c4d400cd880977af2b5ebf63094054bbd2bd49852f3e3d2573230c,123202,False,,1160,522,RGB,clean_retained,,val,data_soil/val/Alluvial/alluvial_0006.jpg
data_soil_raw/Alluvial/alluvial_0159.jpg,alluvial_0159.jpg,Alluvial,eb1398bcc697710cab0d03d53df04f19cef61acfa0cdf07dada54eab3b4001f7,a1832107bef400562ee6f92166577db6a9374b7ebbe0a807a976a2f41d21cb6a,124965,False,,1160,522,RGB,clean_retained,,train,data_soil/train/Alluvial/alluvial_0117.jpg
data_soil_raw/Alluvial/alluvial_0160.jpg,alluvial_0160.jpg,Alluvial,4ed83a8c2db42c59d88002ebde2550f9e1828088b049384fa90db57e773d4083,3526cb0b699b2f32353fb44b4a4aad0dbeeaa51a36334333c26a887c4e9cdd62,123752,False,,1160,522,RGB,clean_retained,,train,data_soil/train/Alluvial/alluvial_0035.jpg
data_soil_raw/Alluvial/alluvial_0161.jpg,alluvial_0161.jpg,Alluvial,01316e272d87977683c55e04fddae3a76f425ef8ab5ee7316c154c87eea60dd7,40f9d10811595264b68abe7db0e0d19fcc2b52d30afc807bb59982836e98095e,122601,False,,1160,522,RGB,clean_retained,,test,data_soil/test/Alluvial/alluvial_0011.jpg
data_soil_raw/Alluvial/alluvial_0162.jpg,alluvial_0162.jpg,Alluvial,8936f118a8f1dc79da7392f7512069988d9f308e25e03f8054728c2d6e1e1af7,b444fba75aa258e9773428fdade78e12daf45b38745bed4827de80673a8dac51,119200,False,,1160,522,RGB,clean_retained,,train,data_soil/train/Alluvial/alluvial_0132.jpg
data_soil_raw/Alluvial/alluvial_0163.jpg,alluvial_0163.jpg,Alluvial,5f65dd228aad73b9a445db3748df25265b79c0a5fd2437464e25ddc1231dfb7f,166b6bb06f66c4fe63d65819df120bb8851ff7ff72c320216c2423e9236691a2,188294,False,,1160,522,RGB,clean_retained,,test,data_soil/test/Alluvial/alluvial_0003.jpg
data_soil_raw/Alluvial/alluvial_0164.jpg,alluvial_0164.jpg,Alluvial,1537802aa2cd6f1df18f3505fa8a6ec36244fa3251adceff74242036f4c47331,6e1cbeefc390498fc650e326f9e278d305e7ad5590dd0f943980d013f1cb4906,188165,False,,1160,522,RGB,clean_retained,,val,data_soil/val/Alluvial/alluvial_0019.jpg
data_soil_raw/Alluvial/alluvial_0165.jpg,alluvial_0165.jpg,Alluvial,0fd299e6814ab28e6c7804a98b801b5f8dd8eb1cf7b34a8476e49365034f7e38,700f25b3007c30013e615f3270f0d4c662f564d3695bb2ec0bdb21cb21113b41,187906,False,,1160,522,RGB,clean_retained,,train,data_soil/train/Alluvial/alluvial_0077.jpg
data_soil_raw/Alluvial/alluvial_0166.jpg,alluvial_0166.jpg,Alluvial,09193d602da8edd2472ea915a7c3e6c38fe36a0c61691319cda2f16aa8405579,8ea83471cc050966774c906524aebdf32b3f1c08ac0ff94c1ce85bfca9d2bbc1,188359,False,,1160,522,RGB,clean_retained,,test,data_soil/test/Alluvial/alluvial_0028.jpg
data_soil_raw/Alluvial/alluvial_0167.jpg,alluvial_0167.jpg,Alluvial,04be11542344b99f0621232015c8344625d923aae52c49e015186189a6e6d2ca,7811cc4b67d9be48fcaa8d43cc8e8a96ea74cff8ab0eba4136121e7a1cc3b496,188208,False,,1160,522,RGB,clean_retained,,test,data_soil/test/Alluvial/alluvial_0025.jpg
data_soil_raw/Alluvial/alluvial_0168.jpg,alluvial_0168.jpg,Alluvial,24ee7e5291a85e62f3133a73baba15714a9beeed25e8173208cebf93cb69fc0a,8e418172ab60ff00dd1ee0b5569e2d5a28c5b68bed8131de72ec079b49b68ee7,120206,False,,1160,522,RGB,clean_retained,,test,data_soil/test/Alluvial/alluvial_0027.jpg
data_soil_raw/Alluvial/alluvial_0169.jpg,alluvial_0169.jpg,Alluvial,172a43c557c7fdf4fdf29c6ce7134c3e310f14cbd2320721889e58a399679d10,ffb31e414ba61cc8852bdf213815ae3b259db4e13b247786a53be10ff4b7582d,187827,False,,1160,522,RGB,clean_retained,,train,data_soil/train/Alluvial/alluvial_0203.jpg
data_soil_raw/Alluvial/alluvial_0170.jpg,alluvial_0170.jpg,Alluvial,c3c42149c2df9d6123b5c73c9464ee7a693e19b16e03bcf6a1659e2b234f7468,84613c097fc712628e11c945f81e97f5b1e9d4993a1a6c12ffbd3f66f5a06828,187886,False,,1160,522,RGB,clean_retained,,train,data_soil/train/Alluvial/alluvial_0088.jpg
data_soil_raw/Alluvial/alluvial_0171.jpg,alluvial_0171.jpg,Alluvial,29d013ecb24ec196b67aa1131f66e6be5e010ad98294977b1aaaf7204fa50fa6,50d0f44a97f67c8a593ef492cde49c377947764253d1c5840bf068e524be5436,188896,False,,1160,522,RGB,clean_retained,,val,data_soil/val/Alluvial/alluvial_0014.jpg
data_soil_raw/Alluvial/alluvial_0172.jpg,alluvial_0172.jpg,Alluvial,3a4dafb33a931b6c8790724bff4f541afa1c4ffe81bd56e032feff8f1d7c2986,2a7860b374f62623ff757240194b0cf82bc27e72e40013163269d290ec683a73,187665,False,,1160,522,RGB,clean_retained,,train,data_soil/train/Alluvial/alluvial_0025.jpg
data_soil_raw/Alluvial/alluvial_0173.jpg,alluvial_0173.jpg,Alluvial,5fd387670f7a605cd470c320a30bdda7b8eede2317f88bd0e5559e12f7069113,96462956ebd7ab85671f9d2bf05cc522c6b307fd884661a9701ff28f09ddd4f6,155427,False,,1160,522,RGB,clean_retained,,val,data_soil/val/Alluvial/alluvial_0025.jpg
data_soil_raw/Alluvial/alluvial_0174.jpg,alluvial_0174.jpg,Alluvial,1a9382937024ac83fd9a71441312e119ab9b46a003b5b3c24551b18b8610c7f2,cb308b7593521555d87b4f38971d40af210512577354d7b4c79d01974d57268a,187887,False,,1160,522,RGB,clean_retained,,val,data_soil/val/Alluvial/alluvial_0037.jpg
data_soil_raw/Alluvial/alluvial_0175.jpg,alluvial_0175.jpg,Alluvial,665785f88e22185a7ece2b8c354c0607d6fdec8e52f9360d7be81771b6179b34,f77cdc415fdae1dd6a20bc7fb72c281987307e5803917fc0a13adbf1b676d1c3,187311,False,,1160,522,RGB,clean_retained,,train,data_soil/train/Alluvial/alluvial_0198.jpg
data_soil_raw/Alluvial/alluvial_0176.jpg,alluvial_0176.jpg,Alluvial,8b85a10d185dc6990c41353e714d5df4ecb98134609f5620ea443a82182946a9,3200616d0bbd0edde0c43397569106a5cf313c35a8d65aa56025a29eb62965a8,187092,False,,1160,522,RGB,clean_retained,,train,data_soil/train/Alluvial/alluvial_0030.jpg
data_soil_raw/Alluvial/alluvial_0177.jpg,alluvial_0177.jpg,Alluvial,1bf692b02deb49076682bbc57d979ba11cd20657ffc431a987643bee05e52096,d875f1c994f6c1de077bdf9d9bf830e03d8afebd261ae1cc65003c34e9c8df0e,186854,False,,1160,522,RGB,clean_retained,,train,data_soil/train/Alluvial/alluvial_0169.jpg
data_soil_raw/Alluvial/alluvial_0178.jpg,alluvial_0178.jpg,Alluvial,9524b2b1ddb8dd5605511e1d6219f8bce4ada5da053bf45118e736c50b1c58e1,71a01fb8801c6f0db3a9785ba381f5cebe076d5c75e827d8409fe4a0cf3b3c86,155799,False,,1160,522,RGB,quarantined_exact_duplicate,Exact pixel duplicate of canonical file data_soil_raw/Alluvial/alluvial_0026.jpg,,
data_soil_raw/Alluvial/alluvial_0179.jpg,alluvial_0179.jpg,Alluvial,a554308ac2018863f0091126e9fd17461d49e570f03ad368791b035e8c1c3b74,efb7c0bc624a2c584a1eb19ad1bdf32e13c04c9ed2a05389d1fbf16ede8b52d4,186971,False,,1160,522,RGB,clean_retained,,val,data_soil/val/Alluvial/alluvial_0041.jpg
data_soil_raw/Alluvial/alluvial_0180.jpg,alluvial_0180.jpg,Alluvial,afe645836702f8c0353cb4528d4762ac23fdb7af1642079940b6d30aed232063,48f8232b4bc172f2fc5664ff88733482a66a625513f03407cefdf09cbad3a539,186759,False,,1160,522,RGB,clean_retained,,train,data_soil/train/Alluvial/alluvial_0046.jpg
data_soil_raw/Alluvial/alluvial_0181.jpg,alluvial_0181.jpg,Alluvial,e0d973738e86ee8fb4b88e9b6bae4b49ade07d53f8bc31033cbe3dfe8a3209db,0247bc5920429fb08a7c9bc3ed64f63845dc1617474ed426e635725c53d42bf7,170676,False,,1160,522,RGB,clean_retained,,train,data_soil/train/Alluvial/alluvial_0001.jpg
data_soil_raw/Alluvial/alluvial_0182.jpg,alluvial_0182.jpg,Alluvial,10f9c555d2bbb56b8cad4590c4a23d4065ec7a8a334f4d615c3989dfce822af2,39040431abf143c1cd32add3f90107b514ddd968e3cb44ff3abf7c061ac47268,158534,False,,1160,522,RGB,clean_retained,,train,data_soil/train/Alluvial/alluvial_0037.jpg
data_soil_raw/Alluvial/alluvial_0183.jpg,alluvial_0183.jpg,Alluvial,b3a66dc59ca2aaeec7df1cd08eb0c043cd4e9958e5f46e7017d85a2d869a63f3,96c14efadfae4437f6acbe7125c6b0d9ae123203af7f35145454ce69b7dcaa7d,187002,False,,1160,522,RGB,clean_retained,,val,data_soil/val/Alluvial/alluvial_0026.jpg
data_soil_raw/Alluvial/alluvial_0184.jpg,alluvial_0184.jpg,Alluvial,3230566fe2d7dc9fa62c25ebbf6d24fd60cb925403107ff3bf637824020cd1f0,e9b6a3d29f46fcb112aa4cf9b44fd31c87629b8146a9ab5a79238d7ba0df34c4,170751,False,,1160,522,RGB,clean_retained,,train,data_soil/train/Alluvial/alluvial_0191.jpg
data_soil_raw/Alluvial/alluvial_0185.jpg,alluvial_0185.jpg,Alluvial,479145a7896e9675b1e1ded7a1e4f9bddf41ca75cd47fc97bddf1a20eb1ef00c,c919dc9f39ce5239eff3d9832a04872d086faa1087822a83ac63929fa5298891,187396,False,,1160,522,RGB,clean_retained,,train,data_soil/train/Alluvial/alluvial_0157.jpg
data_soil_raw/Alluvial/alluvial_0186.jpg,alluvial_0186.jpg,Alluvial,feb62b2e00f3e59c1b61ae0ea217e970d77f0a06cf47a8db631b4b8cce0db195,c7c769ffdc00133d34f7bf0ab209b981806c7a9b114f4956aac486c48cadfa52,167518,False,,1160,522,RGB,clean_retained,,train,data_soil/train/Alluvial/alluvial_0156.jpg
data_soil_raw/Alluvial/alluvial_0187.jpg,alluvial_0187.jpg,Alluvial,29073c1b21822660815e3287583fa0870d951395c2985c13edec230dd0e7cbe3,a9dac52f45785863122533ab58de92b0ba79428fe8358f8dc168700113fff1eb,170256,False,,1160,522,RGB,clean_retained,,train,data_soil/train/Alluvial/alluvial_0123.jpg
data_soil_raw/Alluvial/alluvial_0188.jpg,alluvial_0188.jpg,Alluvial,5937e9c9be6f592b2758a9f21dd62829469597d30c648d37dbb04261cf5ce9b1,89d9b03535c3309c2d23487b8f912b178a157086fa45b76a432b63956a788077,170920,False,,1160,522,RGB,clean_retained,,train,data_soil/train/Alluvial/alluvial_0095.jpg
data_soil_raw/Alluvial/alluvial_0189.jpg,alluvial_0189.jpg,Alluvial,593661a1380aee42a28c5af86fe2644fdd92973a4a781c2691c6fee038ea7da5,130040398cd9ea788684ff2beb255701fec06d9eed2b233bd9a9377b1ca1abf9,170235,False,,1160,522,RGB,clean_retained,,train,data_soil/train/Alluvial/alluvial_0012.jpg
data_soil_raw/Alluvial/alluvial_0190.jpg,alluvial_0190.jpg,Alluvial,8fb8cc19386f0100819221a50275e75f14bc6bd7b9808e4c8b533c5bb2bb3d99,f1451bbd64bd40e5057b905931c06b34f03f97e9e5e7c7053f7fcf645f451965,167628,False,,1160,522,RGB,clean_retained,,train,data_soil/train/Alluvial/alluvial_0195.jpg
data_soil_raw/Alluvial/alluvial_0191.jpg,alluvial_0191.jpg,Alluvial,d92b78d41ad6c97f771fb339a5ad353d9fe793c2dd784f64fc53a9b0a015dd96,494b84636489a16d464402bec370992c62bfa5e31188e57257f28d5944ce0c86,168444,False,,1160,522,RGB,clean_retained,,train,data_soil/train/Alluvial/alluvial_0047.jpg
data_soil_raw/Alluvial/alluvial_0192.jpg,alluvial_0192.jpg,Alluvial,1091c0d16b5b9f830cba964791903c996a4b155e265fbff5567dc063e363291e,6bd7710b7bd7353e8ff0cc820569b370bacbd3613fdc93a61f4eff4e9fdc46d8,167939,False,,1160,522,RGB,clean_retained,,train,data_soil/train/Alluvial/alluvial_0073.jpg
data_soil_raw/Alluvial/alluvial_0193.jpg,alluvial_0193.jpg,Alluvial,4ea7763fde8188c3c8a81b068879caad59c30e7de2db09526cf250dc7dab9dba,778696b556df2b323ddca58e3ca5560f3de97a6d86e0ecd2788eb7f002a826e9,170654,False,,1160,522,RGB,clean_retained,,train,data_soil/train/Alluvial/alluvial_0081.jpg
data_soil_raw/Alluvial/alluvial_0194.jpg,alluvial_0194.jpg,Alluvial,bdcba15ad4abfd0d08e9cf1cefe2e61a67fd73116324d43ffc631672b1c2969d,cbcb6dc92ac4b0f5cbfddffba88ec7f5b00638cdc705c634d791d37601256d40,167377,False,,1160,522,RGB,clean_retained,,test,data_soil/test/Alluvial/alluvial_0036.jpg
data_soil_raw/Alluvial/alluvial_0195.jpg,alluvial_0195.jpg,Alluvial,1ca32609f7276471ae2c117d311f4876542479752116a1812b042cc43b96b19b,6d4d4b4758b448aa5eb1baae5463a0410d43b1956fed3d485a225878e77f6cb2,58635,False,,419,419,RGB,clean_retained,,test,data_soil/test/Alluvial/alluvial_0019.jpg
data_soil_raw/Alluvial/alluvial_0196.jpg,alluvial_0196.jpg,Alluvial,01120f24c1e3b9fb2db09a1f910664c80f8b710e07ee337ad84aab646123584e,5461f58c25de357d7dcc088aae1b176c880c6b6b904eb1a470b160b54e0f456f,69481,False,,728,728,RGB,clean_retained,,train,data_soil/train/Alluvial/alluvial_0053.jpg
data_soil_raw/Alluvial/alluvial_0197.jpg,alluvial_0197.jpg,Alluvial,003981f6349c6fbf04a51d973cbc4a0598b6ef0fba411ab8d02222ddd04a04c7,9dabe416327fdf9ab1fc2f65b84d9eb188b6f98ab9f50de6ddfa03a95404c36f,42386,False,,728,728,RGB,clean_retained,,train,data_soil/train/Alluvial/alluvial_0114.jpg
data_soil_raw/Alluvial/alluvial_0198.jpg,alluvial_0198.jpg,Alluvial,403fc9067b69e2af6f58630538b985592235bfe0d3d53bd90236ae567a337a1b,f9525c60217a559360a83a880ef3ce5f43c2e6e0584c7912c304ef4d91e25544,42467,False,,728,728,RGB,clean_retained,,train,data_soil/train/Alluvial/alluvial_0200.jpg
data_soil_raw/Alluvial/alluvial_0199.jpg,alluvial_0199.jpg,Alluvial,bfa8c30585b5ce6405cd02148f824b404af86e82e83008c83156853a29410dea,8410995061f3b0beb368ae98b67c4fc46dd7f9fc281a9b0edc6f97b99f301dbe,69445,False,,728,728,RGB,clean_retained,,train,data_soil/train/Alluvial/alluvial_0087.jpg
data_soil_raw/Alluvial/alluvial_0200.jpg,alluvial_0200.jpg,Alluvial,5d37fc2d56f9e161ff7c556be16eb8539ee37d4e4a7213edfae6abcb749d5307,67804bfc3a38e3169a4f8319ad74e87d914cbfe1297ac640c04de2c8acf669db,42617,False,,728,728,RGB,clean_retained,,train,data_soil/train/Alluvial/alluvial_0068.jpg
data_soil_raw/Alluvial/alluvial_0201.jpg,alluvial_0201.jpg,Alluvial,67da6bd3c95c78cf13de8bc607bd0cafcd6aa71a6aef7a7a858976284b457a69,e4a2bd4464f2743266ef7798fbe12478b2671882de1dd7cc0250b82b460175ee,42632,False,,728,728,RGB,clean_retained,,train,data_soil/train/Alluvial/alluvial_0186.jpg
data_soil_raw/Alluvial/alluvial_0202.jpg,alluvial_0202.jpg,Alluvial,2bc0157fc86ecf23953f751d0afe138b53f2ceb8abc9228b693fbf5c4e532924,b0979c9359104fa99005c620596f9a7afc17786233d3c47ddae2770f6475922c,69114,False,,728,728,RGB,clean_retained,,train,data_soil/train/Alluvial/alluvial_0129.jpg
data_soil_raw/Alluvial/alluvial_0203.jpg,alluvial_0203.jpg,Alluvial,5a9cd71b25706d3fe9246ed1f65cf14c09097dfe18c0bb00480d58c3c2e0e679,f3cc92c8e6cfbacdb507436e4ff4a69c322cd18c61036cb86524c0bcb8e20fcc,63166,False,,728,728,RGB,clean_retained,,test,data_soil/test/Alluvial/alluvial_0042.jpg
data_soil_raw/Alluvial/alluvial_0204.jpg,alluvial_0204.jpg,Alluvial,c91fa5a657fad7ed1b07dd47f8ec3f4c68569b7af04002745a849e9f756883b7,2ac59d94222316a609cfc916c791c4929c7cd890ba51a7e2e8cfbcdd417a234f,38340,False,,728,728,RGB,clean_retained,,train,data_soil/train/Alluvial/alluvial_0027.jpg
data_soil_raw/Alluvial/alluvial_0205.jpg,alluvial_0205.jpg,Alluvial,c37048b5a7051c7d278a59839c9cf883d2b3f56a9ffd424506f1e3db640aabeb,16d818565ddf3f725ad614952fcebc6d13615fa0b0d6d631e5f87eb1fe5a439d,38559,False,,728,728,RGB,clean_retained,,train,data_soil/train/Alluvial/alluvial_0015.jpg
data_soil_raw/Alluvial/alluvial_0206.jpg,alluvial_0206.jpg,Alluvial,00c6ea069acc684d8145b0ee49a5cc9c83320ec9ef9e81164d9ff42a9c267ea5,91b459481d94bcd9689aaae4979bf515376dbac7e064a852a054d482ebfa0e0a,63210,False,,728,728,RGB,clean_retained,,train,data_soil/train/Alluvial/alluvial_0099.jpg
data_soil_raw/Alluvial/alluvial_0207.jpg,alluvial_0207.jpg,Alluvial,0976bb28640fd2b1430a6a9ab48e0ecf379b15f03207634967ac0c169dc4380c,5cae1751a2b7c8386fc78fae98bb5740a6881366e92fafe5474afbdccec91d6c,38511,False,,728,728,RGB,clean_retained,,train,data_soil/train/Alluvial/alluvial_0060.jpg
data_soil_raw/Alluvial/alluvial_0208.jpg,alluvial_0208.jpg,Alluvial,f09b506cc2292651da680aad1dc6de118fe6d2ad321f648f4e96b8d40e54f57f,0eeda207920ae24a87abccd5759df65b9717d1ea0562bed6b4007991fcbd0a19,38696,False,,728,728,RGB,clean_retained,,train,data_soil/train/Alluvial/alluvial_0011.jpg
data_soil_raw/Alluvial/alluvial_0209.jpg,alluvial_0209.jpg,Alluvial,bbd002eeeeb0f5f9bec10b554a9b5b473c688a2a3655c0dbe761e507abe64101,a3e44125ce46f920822c1b07e71ee8984ab2fbc3874d2b553c9a9fc5c9daa426,62938,False,,728,728,RGB,quarantined_exact_duplicate,Exact pixel duplicate of canonical file data_soil_raw/Alluvial/alluvial_0036.jpg,,
data_soil_raw/Alluvial/alluvial_0210.jpg,alluvial_0210.jpg,Alluvial,6b1ee3b37974034300c699718f02309bb258db68f60ea91205d16a2e90ed33b9,f532a26457b7df57deee44b02a06d2e5c587331981b399ca5b2459fe21b3cbe2,54039,False,,728,728,RGB,clean_retained,,test,data_soil/test/Alluvial/alluvial_0043.jpg
data_soil_raw/Alluvial/alluvial_0211.jpg,alluvial_0211.jpg,Alluvial,d481bc6666ff20aee5a3de17f63308e856dd0d70f2efa863dc440f70b273c29b,884acf56d630c7491f6092e02250ea9e017089c97f0187fe8108dde00660e844,30987,False,,728,728,RGB,quarantined_exact_duplicate,Exact pixel duplicate of canonical file data_soil_raw/Alluvial/alluvial_0037.jpg,,
data_soil_raw/Alluvial/alluvial_0212.jpg,alluvial_0212.jpg,Alluvial,5da19d8b1c8ff76ef3bca92a08fe0ae06293d6afc1493496cd682884ee36c50d,348969c13089608ba5dc421cf019cd616f79c4b4a654670b7f085d6913c2af49,30962,False,,728,728,RGB,quarantined_exact_duplicate,Exact pixel duplicate of canonical file data_soil_raw/Alluvial/alluvial_0038.jpg,,
data_soil_raw/Alluvial/alluvial_0213.jpg,alluvial_0213.jpg,Alluvial,40968288e39227aa47d2e08fa131eff50c699e0349b2270c7e282574fcd4041a,a8d5cade21e607937dec4bff23f7cce8e77202dd92bee9ba84da60d4eb8d3dd3,53976,False,,728,728,RGB,quarantined_exact_duplicate,Exact pixel duplicate of canonical file data_soil_raw/Alluvial/alluvial_0039.jpg,,
data_soil_raw/Alluvial/alluvial_0214.jpg,alluvial_0214.jpg,Alluvial,786acb87646dd57b9b04f9b99b68d9d228c1ce609e768b2a1368f6cc64533c8f,faeb0c1a1e0e27083749403fdf8aa84b9bf0b1f38b2bc3340f5a9123ef3b8f01,31098,False,,728,728,RGB,clean_retained,,train,data_soil/train/Alluvial/alluvial_0202.jpg
data_soil_raw/Alluvial/alluvial_0215.jpg,alluvial_0215.jpg,Alluvial,ac753a74c7ea2850a3dc1a02be840386afa595907571bace9961bb1e1fd2e69b,ab079c47120118e20ee5089464cac1b9d463742d5881ad08e3d77a7e0b0c3433,30973,False,,728,728,RGB,clean_retained,,train,data_soil/train/Alluvial/alluvial_0126.jpg
data_soil_raw/Alluvial/alluvial_0216.jpg,alluvial_0216.jpg,Alluvial,b76faae8edb65b4df6d9aeaf34f6b7b756ed42714b84655d0d3180b14a8c573e,547fa7409ab212837ab725e3cd200973e925924f3e7c717529bd7655701691a8,54011,False,,728,728,RGB,clean_retained,,test,data_soil/test/Alluvial/alluvial_0017.jpg
data_soil_raw/Alluvial/alluvial_0217.jpg,alluvial_0217.jpg,Alluvial,05a64063eee3f987100715fce21ebb36f3691c64ce72935283b7e31b5b1c91bd,cd6cd31f4fc7fd4c2856238dc0ab6dfa213c7b55b170059fc66d41c7c2c62851,68276,False,,728,728,RGB,clean_retained,,train,data_soil/train/Alluvial/alluvial_0161.jpg
data_soil_raw/Alluvial/alluvial_0218.jpg,alluvial_0218.jpg,Alluvial,7e043ac78c7216cdee757c591bba0781707f6edb568e52c3657a628988409327,44b214e71f82fb5461572e3da027e0a1164131e52cc3ac5f62631e02db8da69e,41412,False,,728,728,RGB,clean_retained,,test,data_soil/test/Alluvial/alluvial_0012.jpg
data_soil_raw/Alluvial/alluvial_0219.jpg,alluvial_0219.jpg,Alluvial,37d5fbdb733460261fd8edf0606e6633f7c3cf6ec91a19a80df32cc48ee8e13c,c499d055b2a2b3929d58041cf1936bffa1fef5c2fb038bafc00ae55fa6786ec2,41694,False,,728,728,RGB,clean_retained,,train,data_soil/train/Alluvial/alluvial_0153.jpg
data_soil_raw/Alluvial/alluvial_0220.jpg,alluvial_0220.jpg,Alluvial,4e240821da50fbc65dc54d4f64cfd1fdb89e3af88eae801ac1d8fb926b2fd336,d70ec26ba1bd2d571906cb2b782b29b65cdfa0dd2ead4353d5903aa97aeed144,68343,False,,728,728,RGB,clean_retained,,train,data_soil/train/Alluvial/alluvial_0167.jpg
data_soil_raw/Alluvial/alluvial_0221.jpg,alluvial_0221.jpg,Alluvial,189483a2e7a4996bf6eaf25bedd6b931e5c544eee053533c3087369593e4a862,101f6be80106ccc96280c53b480f451fea05ae605f83f778676f94a93890a030,41819,False,,728,728,RGB,clean_retained,,test,data_soil/test/Alluvial/alluvial_0001.jpg
data_soil_raw/Alluvial/alluvial_0222.jpg,alluvial_0222.jpg,Alluvial,b297d4f9908c90751aed42626250ac4474753a713b8d246bbc8a9d96438810c8,55ddcea07fc132dda2b117740fbc6f664cf2fef0734a3952a12a4285170f11aa,41638,False,,728,728,RGB,clean_retained,,train,data_soil/train/Alluvial/alluvial_0055.jpg
data_soil_raw/Alluvial/alluvial_0223.jpg,alluvial_0223.jpg,Alluvial,d118dd594a09631a111a8dfff8c87af7039eb87723be4f058b97193761d17eb0,de6914fc74a292e1cca8902c8bfbb62ea229e4d24e17f772cf77e400b6de49ed,67527,False,,728,728,RGB,quarantined_exact_duplicate,Exact pixel duplicate of canonical file data_soil_raw/Alluvial/alluvial_0040.jpg,,
data_soil_raw/Alluvial/alluvial_0224.jpg,alluvial_0224.jpg,Alluvial,62845499f26a902c326ceae3825cc4a436ab14028929070ea1c9ef33d4f9ca38,9a5f7d09a669ec741ebe034643a674adae10d165bd0cc24e9f4a31d7ed786ff1,53355,False,,640,425,RGB,clean_retained,,train,data_soil/train/Alluvial/alluvial_0110.jpg
data_soil_raw/Alluvial/alluvial_0225.jpg,alluvial_0225.jpg,Alluvial,b2547d49ee8296525ca488e6f1e1a50fbf685e026d714800641de8aa52e7d746,bc8f148c4d5f4615d5ddd771d2e7cbd556f620379054562f1c94be15764b7499,453394,False,,1300,956,RGB,clean_retained,,train,data_soil/train/Alluvial/alluvial_0140.jpg
data_soil_raw/Alluvial/alluvial_0226.jpeg,alluvial_0226.jpeg,Alluvial,8a74ba2b39bbfadad5792f94122211e7d5f19630fb8761c287df512c4017ab51,f5cb7ab42e9a0bc25d71652aa63b9403739d17b4ae839d8e821ce1cb673179b4,44119,False,,300,299,RGB,clean_retained,,val,data_soil/val/Alluvial/alluvial_0042.jpg
data_soil_raw/Alluvial/alluvial_0227.jpeg,alluvial_0227.jpeg,Alluvial,57eb2e1573397ac6a5cb552ab660f519a78081664022cda858087fc873b0428e,cbe5184b8d8ede9a17333b90624d3a77390aa56e93ed0c28fdc0423d3e05e6b9,83493,False,,416,382,RGB,clean_retained,,train,data_soil/train/Alluvial/alluvial_0159.jpg
data_soil_raw/Alluvial/alluvial_0228.jpg,alluvial_0228.jpg,Alluvial,53494f3d0a2e2b6a60bdbc572f5eb0abff32edce421b6641aada1b11965f8989,441c0c96d1ffea61159cb0bc600a4203af999e22c0a72621bc4a59045191d821,595910,False,,1200,675,RGB,quarantined_exact_duplicate,Exact pixel duplicate of canonical file data_soil_raw/Alluvial/alluvial_0027.jpg,,
data_soil_raw/Alluvial/alluvial_0229.jpg,alluvial_0229.jpg,Alluvial,59545f1f5208de892cd32dce15896d54f62696115594ad4252090bc67156b135,96edf22f1b636a735f3e620e144146e38ff307627c2f620282891945ad40c890,302853,False,,1300,956,RGB,quarantined_exact_duplicate,Exact pixel duplicate of canonical file data_soil_raw/Alluvial/alluvial_0028.jpg,,
data_soil_raw/Alluvial/alluvial_0230.jpg,alluvial_0230.jpg,Alluvial,ccf1809efa79a7ac2ab7670aca5c9eb615b4737868f170ed6db423a438dc94c3,8dc5238aef46b5b622b1884bf4a08a510979c2f87e054e0be2ba7e5bf571532e,24571,False,,373,280,RGB,quarantined_exact_duplicate,Exact pixel duplicate of canonical file data_soil_raw/Alluvial/alluvial_0029.jpg,,
data_soil_raw/Alluvial/alluvial_0231.jpeg,alluvial_0231.jpeg,Alluvial,d673a49c2bb372a401db118274d46b6e8dd59530c5dff8a9bd7e63ad0db280f8,d17de62aa8342d3c2229c51a582970fe5ce6dc6dca9d7b32d33363403fdc2ce5,3183,False,,100,100,RGB,quarantined_exact_duplicate,Exact pixel duplicate of canonical file data_soil_raw/Alluvial/alluvial_0030.jpeg,,
data_soil_raw/Alluvial/alluvial_0232.jpeg,alluvial_0232.jpeg,Alluvial,67a630c61b85ed4285fa7a10f67012ad0daab0d34d24e3aabe1b11b54537de17,b09aa9a55ec3615d96c7fcac086115b421d91ea394abc5395d522e64687c1ca9,19684,False,,266,190,RGB,clean_retained,,train,data_soil/train/Alluvial/alluvial_0130.jpg
data_soil_raw/Alluvial/alluvial_0233.jpeg,alluvial_0233.jpeg,Alluvial,e1e34c0443aa2389dd75dd2fd37c9a60acca4cce55dad406d3bd3431f45fcb88,bf03495b2cb0153085c53ee166766415284ad00b57751c9ebeac6905945f84de,11454,False,,234,215,RGB,clean_retained,,train,data_soil/train/Alluvial/alluvial_0143.jpg
data_soil_raw/Alluvial/alluvial_0234.jpeg,alluvial_0234.jpeg,Alluvial,156432af2e15d9928bd1136224bd343a456996f77520656882645886dac9353a,d9014a2b3e72566d23d07038b323f0e30717cc28f1a09446c895d5b5c9b0fe3e,13416,False,,330,153,RGB,quarantined_exact_duplicate,Exact pixel duplicate of canonical file data_soil_raw/Alluvial/alluvial_0041.jpeg,,
data_soil_raw/Alluvial/alluvial_0235.jpeg,alluvial_0235.jpeg,Alluvial,b77d1e4343c5425a7082f57c33ba528307da7571d89c440f1d3f9a99ec37a432,3421b9bd6c8c0dbad303a9ad0b076f07c58265038ee8e3f479fc458b77f19036,16108,False,,255,197,RGB,quarantined_exact_duplicate,Exact pixel duplicate of canonical file data_soil_raw/Alluvial/alluvial_0042.jpeg,,
data_soil_raw/Alluvial/alluvial_0236.jpeg,alluvial_0236.jpeg,Alluvial,b1173393e47ea39c1b8993045ec846884d8f7fae5a346c86a57b9147d02a8542,5fc0a57f03924ad451453c6a90f34d15fdfda02e15cac5ed0617f5fcded2b302,12249,False,,319,158,RGB,quarantined_exact_duplicate,Exact pixel duplicate of canonical file data_soil_raw/Alluvial/alluvial_0031.jpeg,,
data_soil_raw/Alluvial/alluvial_0237.jpeg,alluvial_0237.jpeg,Alluvial,2676113fc55968b4f04cf2cc0e61186a83480a55c5f358d68a5ee0d3894a7c25,dc7d79c498ac5b2422817d96de15323dd63b018a9c404f2887184ad902bcfacc,14956,False,,262,192,RGB,quarantined_exact_duplicate,Exact pixel duplicate of canonical file data_soil_raw/Alluvial/alluvial_0032.jpeg,,
data_soil_raw/Alluvial/alluvial_0238.jpeg,alluvial_0238.jpeg,Alluvial,a8fc3e7df7894e0eb78554bed55d3acf5dc58f1bd78e7e973602d225f775e0c6,f424e546f7b112894a9b3ea88f501ce5ad5052e36fbc94ac5ed19151e26be421,12195,False,,300,168,RGB,clean_retained,,train,data_soil/train/Alluvial/alluvial_0196.jpg
data_soil_raw/Alluvial/alluvial_0239.jpeg,alluvial_0239.jpeg,Alluvial,d369b79683e251bf72ca09f40f7c019785a81ba7e7367d16131999ce8bcec88d,95a7bfc50dff4ec60cc11d1d973b01bb826146c74e7b5fd8bb6d5d25e70f1bf9,12429,False,,276,183,RGB,clean_retained,,train,data_soil/train/Alluvial/alluvial_0105.jpg
data_soil_raw/Alluvial/alluvial_0240.jpeg,alluvial_0240.jpeg,Alluvial,8c992cb0f7fa550f8c1cabcbae012d4650effef381db04d347b850f1454ad575,23dcca42e30216f3a17cb6bd7488ca312a214ceb214725e15fe872b6e735adae,2474,False,,100,100,RGB,clean_retained,,train,data_soil/train/Alluvial/alluvial_0023.jpg
data_soil_raw/Alluvial/alluvial_0241.jpeg,alluvial_0241.jpeg,Alluvial,9a24cd0077b7ca5d2cc43af2e220bf4e6371065907854c2495725297ad33b1cb,535d62999a79bad044c8fd801804a22e1df5c6ce71677975ef65cc69bed7ed89,13409,False,,270,186,RGB,clean_retained,,train,data_soil/train/Alluvial/alluvial_0051.jpg
data_soil_raw/Alluvial/alluvial_0242.jpeg,alluvial_0242.jpeg,Alluvial,86286535fcae81607b9a94f221e11aacd7b9825113ca0c30084ecac179a6adc5,14c6e5d742689576cfef4dd9c45a980510075bd0d94db164de182f697f377e14,7902,False,,274,184,RGB,clean_retained,,val,data_soil/val/Alluvial/alluvial_0008.jpg
data_soil_raw/Alluvial/alluvial_0243.jpeg,alluvial_0243.jpeg,Alluvial,d4954914dd47864432ae6f87a0f5d486538415ac230bc0fc9bb04a62eb679c9b,123f92fc1edc9f5e7c7126aa9cb40d62a8a4716eba935ddbd350b48c8451a20a,4520,False,,100,100,RGB,quarantined_exact_duplicate,Exact pixel duplicate of canonical file data_soil_raw/Alluvial/alluvial_0044.jpeg,,
data_soil_raw/Alluvial/alluvial_0244.jpeg,alluvial_0244.jpeg,Alluvial,493efdfee090157ddb7f010b99e9b89051c41d1f9d0305f7042e3c8e8318af7f,4eac75e89980c70287d2095c592defbb429dc155ce80096dc49394bebb9e9784,10138,False,,225,224,RGB,clean_retained,,test,data_soil/test/Alluvial/alluvial_0015.jpg
data_soil_raw/Alluvial/alluvial_0245.jpeg,alluvial_0245.jpeg,Alluvial,93707b3daa2f6bebc91758041291a7b67f12a4f7c8d08ce3bc2c139127c08e28,6e796464fb287329855c9a9f93dfd77f34b856fa16beb550f42f68077ecb40c0,2999,False,,100,100,RGB,quarantined_exact_duplicate,Exact pixel duplicate of canonical file data_soil_raw/Alluvial/alluvial_0033.jpeg,,
data_soil_raw/Alluvial/alluvial_0246.jpeg,alluvial_0246.jpeg,Alluvial,fb274404601f9858559a4aafffb863bdb14615aa4c5ed1ba24e0bdd8a3f5e973,c0ce5d71e66d31083a85f4eed7e14b8cc2c5ca070da8032f688d2fd28a511993,3305,False,,100,100,RGB,quarantined_exact_duplicate,Exact pixel duplicate of canonical file data_soil_raw/Alluvial/alluvial_0046.jpeg,,
data_soil_raw/Alluvial/alluvial_0247.jpeg,alluvial_0247.jpeg,Alluvial,743c8dbe628cb3e4ec7583194a59855153d61e8e28fa25d35f952a29efbe742e,3ca8d445556861015cb9f9baf6bbe8e3378a89736f0a216247806b790499a0bf,4313,False,,100,100,RGB,clean_retained,,test,data_soil/test/Alluvial/alluvial_0008.jpg
data_soil_raw/Alluvial/alluvial_0248.jpg,alluvial_0248.jpg,Alluvial,14614f59667151f66a5c397b8114ce28ddd6ae7e2f5bbfb414b2a14c22493eea,609a91aa89c530c42b7dacb2c9b4e8cce26e963233a8368c6c68e8ae6378af7f,10746,False,,259,194,RGB,clean_retained,,train,data_soil/train/Alluvial/alluvial_0062.jpg
data_soil_raw/Alluvial/alluvial_0249.jpg,alluvial_0249.jpg,Alluvial,e834f4012f19b0385fc11c11e75f3d792c322a6d19fcfe72ee3b8c4484923eb0,8d12fa4fffb5ddedbf5973036e0c0c921c77f82c931dfd7e3d42bc7fa6ead788,13093,False,,275,183,RGB,clean_retained,,train,data_soil/train/Alluvial/alluvial_0096.jpg
data_soil_raw/Alluvial/alluvial_0250.jpg,alluvial_0250.jpg,Alluvial,0b7538c763e01a2161811186f6d2d5ed236260fbeac80d1eea5cb4f39b448b47,df1543f21a0f0e53a9947886ce2ddb1960536de6316b526eb929b11b4717a4cc,18673,False,,275,183,RGB,clean_retained,,train,data_soil/train/Alluvial/alluvial_0178.jpg
data_soil_raw/Alluvial/alluvial_0251.jpg,alluvial_0251.jpg,Alluvial,032d6b4dadf6ec3e2afb5c9b5ded51cc2db95620e9dbf00550d9b5a013ca04f8,2ee340c074941946ae6cf2916f2107cbc3ae6de0864204dddd68489ced168856,13782,False,,225,225,RGB,quarantined_cross_class_conflict,"Identical pixel content found across conflicting classes: ['Alluvial', 'Black']",,
data_soil_raw/Alluvial/alluvial_0252.jpg,alluvial_0252.jpg,Alluvial,d813965ac9f00ee5e6098b43fc0a3821ef9d223c8a35dadbc7078ed94897686f,70559d876c2d64ee8fdefaf9e459139f63fa5ea27320b36dc3650a2df09b8182,16954,False,,321,157,RGB,clean_retained,,test,data_soil/test/Alluvial/alluvial_0022.jpg
data_soil_raw/Alluvial/alluvial_0253.jpg,alluvial_0253.jpg,Alluvial,743c8dbe628cb3e4ec7583194a59855153d61e8e28fa25d35f952a29efbe742e,3ca8d445556861015cb9f9baf6bbe8e3378a89736f0a216247806b790499a0bf,4313,False,,100,100,RGB,quarantined_exact_duplicate,Exact pixel duplicate of canonical file data_soil_raw/Alluvial/alluvial_0247.jpeg,,
data_soil_raw/Alluvial/alluvial_0254.jpg,alluvial_0254.jpg,Alluvial,a528ea7d13886ab69011d36cd5235c9eb92069f5ac6cb94c36499cc2b77d293e,943356ea3e501fa499fc0d92b7c893fb206f81aa8c139a97803126e81ab6fd4f,17779,False,,259,194,RGB,clean_retained,,train,data_soil/train/Alluvial/alluvial_0103.jpg
data_soil_raw/Alluvial/alluvial_0255.jpg,alluvial_0255.jpg,Alluvial,ec799f580959eaa8f881d42e19703cd6a23b54f988da653af53c1a0aa3f5c5f5,ba18906a0e4fa5d8683c41f358bba2fd25161b0dd0bf1b4c90ebfcbcf05fe637,3612,False,,100,100,RGB,clean_retained,,train,data_soil/train/Alluvial/alluvial_0138.jpg
data_soil_raw/Alluvial/alluvial_0256.jpg,alluvial_0256.jpg,Alluvial,e2fdfc220d812b28f2a26a3502aefdbde67c8d4c178b2487190c8630a4c32625,3d2fb31155a0a70836903eed44b19968adcc2ccc7fda4fb96b699039b4cb8bd6,2466,False,,100,100,RGB,clean_retained,,train,data_soil/train/Alluvial/alluvial_0039.jpg
data_soil_raw/Alluvial/alluvial_0257.jpg,alluvial_0257.jpg,Alluvial,861c1388eee61e4b48f2b900671d5e6caee064cd97dcc4931bbf28271d86c4ea,da031c08fd356ef6f0696b1fb89350e7a4cb098057bece57f90df82e21d5b03e,13449,False,,276,183,RGB,clean_retained,,train,data_soil/train/Alluvial/alluvial_0171.jpg
data_soil_raw/Alluvial/alluvial_0258.jpg,alluvial_0258.jpg,Alluvial,62a7d983deb4113ff28dfa2282e735e4eeeba995c8c9ac20d4a4b3683632d548,6e8f42e1a4034ecca9c79deed5c9498e887594c3d1c5acc32b4145a7f68cade9,10962,False,,310,163,RGB,clean_retained,,train,data_soil/train/Alluvial/alluvial_0076.jpg
data_soil_raw/Alluvial/alluvial_0259.jpg,alluvial_0259.jpg,Alluvial,a6683b0e19818ebcc51d3e60a9c663ec31bfa1372e365c47df0528435564b8a7,8b56f164e7f1b7e823ce44ec0d1cfd24f9233ffd724eba835602601c790fb8f4,16998,False,,275,183,RGB,quarantined_exact_duplicate,Exact pixel duplicate of canonical file data_soil_raw/Alluvial/alluvial_0047.jpg,,
data_soil_raw/Alluvial/alluvial_0260.jpg,alluvial_0260.jpg,Alluvial,938406132f781e2a3b6f343a00d8517bf55e7da44ada4ecb903542a90eb6064f,0bd57f8ecba7235d5e3bbf9b56c1ec3bb7514520c90967d86ef2d931f8291521,16737,False,,225,225,RGB,clean_retained,,train,data_soil/train/Alluvial/alluvial_0008.jpg
data_soil_raw/Alluvial/alluvial_0261.jpg,alluvial_0261.jpg,Alluvial,a1a04f5f234af14005e361a9a3488853e11de5940986138e1c2e4339837d2036,e0f2545a52b721e2d238ae470d8a0bc7ad2ffbca58801f779dbdf7f1177f4a7f,3884,False,,100,100,RGB,quarantined_exact_duplicate,Exact pixel duplicate of canonical file data_soil_raw/Alluvial/alluvial_0048.jpg,,
data_soil_raw/Alluvial/alluvial_0262.jpg,alluvial_0262.jpg,Alluvial,7675eab02571042f65df8ac885e4a580518ec23116631ce7ebb961790b876e62,27a790274fcbfb6d1a7770f834741cf8ed7926b2788acac9a1db97855c9f2c5c,15077,False,,319,158,RGB,clean_retained,,val,data_soil/val/Alluvial/alluvial_0010.jpg
data_soil_raw/Alluvial/alluvial_0263.jpg,alluvial_0263.jpg,Alluvial,329bba7968cff43609a332694c31cff26a2ba5c5075b213d5d86662c64c2f585,9ffbdb714649a0b7b8d0475d4a26a3c6ddf91249f36da09761e8611a06dff673,10382,False,,225,225,RGB,clean_retained,,train,data_soil/train/Alluvial/alluvial_0116.jpg
data_soil_raw/Alluvial/alluvial_0264.jpg,alluvial_0264.jpg,Alluvial,fe493bcc51cef7edc4e0c17fff9b6430f5f244bf1da7b272c0f3a5d23db885b3,89a804f2538e10c592119007a66e40d7324a3928758cd382d1bc02229de4657e,14450,False,,225,225,RGB,clean_retained,,train,data_soil/train/Alluvial/alluvial_0094.jpg
data_soil_raw/Alluvial/alluvial_0265.jpg,alluvial_0265.jpg,Alluvial,42eadcc60f4299abab6aa84843dfc42c9bca412cbcc1b3228ca70621d2c12158,569f3233d538f11f2fd534570c828417cf78b35968390daed99c18320af24312,1789522,False,,1500,1101,RGB,quarantined_exact_duplicate,Exact pixel duplicate of canonical file data_soil_raw/Alluvial/alluvial_0034.jpg,,
data_soil_raw/Alluvial/alluvial_0266.jpg,alluvial_0266.jpg,Alluvial,42eadcc60f4299abab6aa84843dfc42c9bca412cbcc1b3228ca70621d2c12158,569f3233d538f11f2fd534570c828417cf78b35968390daed99c18320af24312,1789522,False,,1500,1101,RGB,quarantined_exact_duplicate,Exact pixel duplicate of canonical file data_soil_raw/Alluvial/alluvial_0034.jpg,,
data_soil_raw/Alluvial/alluvial_0267.jpg,alluvial_0267.jpg,Alluvial,8516bb6b45d83e3ad89788b6dea9de5bbd6aede0850db57a066858c1abc986c0,53aac32e1c200971c2e28d6e5a07744c3c4130172b836cd3f9c8b269c27d5462,201652,False,,1160,522,RGB,clean_retained,,test,data_soil/test/Alluvial/alluvial_0016.jpg
data_soil_raw/Alluvial/alluvial_0268.jpg,alluvial_0268.jpg,Alluvial,25fe3dc065bf07695d681f100734185d352296e5d12945ac4163b9f6eef58518,98b63fe97098e714c1e8772840f7aac4cf207be0aee2980d904595782611a612,223706,False,,1160,522,RGB,clean_retained,,train,data_soil/train/Alluvial/alluvial_0108.jpg
data_soil_raw/Alluvial/alluvial_0269.jpg,alluvial_0269.jpg,Alluvial,4a9d1ed634efc0f3e9019897fdbfa6a4c33afe7600136e20c6af352093d2b94e,cbb9f37f12ed2d2943951d46611de0cc9f4444501d296a217de4e408c332f380,204933,False,,1160,522,RGB,clean_retained,,train,data_soil/train/Alluvial/alluvial_0158.jpg
data_soil_raw/Alluvial/alluvial_0270.jpg,alluvial_0270.jpg,Alluvial,619fd88df633fd0596eeb5516c8bb434b59885a22c726a0796df7df88fdae44f,dfc8c88fca4dbf8e4db3bfb2d742c043f1c6ba71472363268bbd966cb06853b6,200661,False,,1160,522,RGB,clean_retained,,train,data_soil/train/Alluvial/alluvial_0179.jpg
data_soil_raw/Alluvial/alluvial_0271.jpg,alluvial_0271.jpg,Alluvial,1fbcd8e012859043b0e15a0317da99e22953779c9f58f49e61568a6e39871964,ea46e5cbd91111287e1feb55830ac8f14770438e9b81d51cf8eb39536424610a,204617,False,,1160,522,RGB,clean_retained,,train,data_soil/train/Alluvial/alluvial_0193.jpg
data_soil_raw/Alluvial/alluvial_0272.jpg,alluvial_0272.jpg,Alluvial,1ef9e45e83f50f0937b55b8f916ffe4dea8c85dd720331f33fa6465f2706fa7d,0638dd25fb239da295778917e3698df527bee25ff41d12ab321b9df855e9c82c,201269,False,,1160,522,RGB,clean_retained,,train,data_soil/train/Alluvial/alluvial_0005.jpg
data_soil_raw/Alluvial/alluvial_0273.jpg,alluvial_0273.jpg,Alluvial,c43aba6a0eb3437e09d02737d3b4e37c90a0ac7d4325ccc08f95445b78ceaeac,64fdfed97fb9d5da1dad8708be3a310c27bcb9d5a47618772275e8ad8b47c229,201274,False,,1160,522,RGB,clean_retained,,train,data_soil/train/Alluvial/alluvial_0065.jpg
data_soil_raw/Alluvial/alluvial_0274.jpg,alluvial_0274.jpg,Alluvial,9a54d9050d3aeb4dbcbc6f60a4250c32ec2ddd6f29c0ec7dcc6737c33e881a63,02eb6d069d4509ec04e209896182228748ff88b03b3711d7a3e3d59630f758af,203789,False,,1160,522,RGB,clean_retained,,train,data_soil/train/Alluvial/alluvial_0003.jpg
data_soil_raw/Alluvial/alluvial_0275.jpg,alluvial_0275.jpg,Alluvial,fe85dc1a47d42c36e195c9a18ba9cdb865e7090566d3ed320ae0053a75002c9a,23bc7c73bb3f58eedbec03745a2f92a08083f2d82e2a2f7deebfe11a73804ab8,201048,False,,1160,522,RGB,clean_retained,,train,data_soil/train/Alluvial/alluvial_0022.jpg
data_soil_raw/Alluvial/alluvial_0276.jpg,alluvial_0276.jpg,Alluvial,722bc5c39f520eedc2b92c1d4e00f6ab9208d0ad7a691c458e2ff834a3e3880c,905fb6be940fd31e9088e41d77a820d6d57137b1f4c612033cad16bda49f55f1,201040,False,,1160,522,RGB,clean_retained,,test,data_soil/test/Alluvial/alluvial_0029.jpg
data_soil_raw/Alluvial/alluvial_0277.jpg,alluvial_0277.jpg,Alluvial,f75030fb2ed341a3e8677bfdd11089131386b257bb0dde7c3bb293936f020f42,e1f55f861d79f50ff2658caae6873ccefe6758b4b5275c84823e1fc1b5fe0195,203982,False,,1160,522,RGB,clean_retained,,train,data_soil/train/Alluvial/alluvial_0184.jpg
data_soil_raw/Alluvial/alluvial_0278.jpg,alluvial_0278.jpg,Alluvial,8d570c317d5e40e827893f7cf1c1e1a720bde93ce1d9352dab7bcb3e35b952ce,a9122f571f2916bb997c82848c1170120075f43fe6eb0ce0115394e765bf5a6d,204035,False,,1160,522,RGB,clean_retained,,test,data_soil/test/Alluvial/alluvial_0033.jpg
data_soil_raw/Alluvial/alluvial_0279.jpg,alluvial_0279.jpg,Alluvial,3e347443b0ec763a23fed847629b010014d02254191b46414bb5bb5976530843,a7bc3f83cc8c4a60d65f5fa3355dde3c65a1f7121f4b59d8a454a1961354d6c6,204913,False,,1160,522,RGB,clean_retained,,train,data_soil/train/Alluvial/alluvial_0120.jpg
data_soil_raw/Alluvial/alluvial_0280.jpg,alluvial_0280.jpg,Alluvial,0bb0d9b7e2fd5217be13a4b628ae3043aa5c3db713f1b4ad37310261877bdc7d,f8dd9bb0f4f4eb61f8fee63b4383de9d5fe3b7b0f46c42ee2baaaec1acce2ead,204469,False,,1160,522,RGB,clean_retained,,train,data_soil/train/Alluvial/alluvial_0199.jpg
data_soil_raw/Alluvial/alluvial_0281.jpg,alluvial_0281.jpg,Alluvial,a9e474d3a2fd660f9a88c7b9cc5bed628b5338760d0b6132ae91220522d30fd1,ab99557f154cf728b4a7c506b39ba5dac2724ba58fbf1849e5db47dcf97b4a5a,223650,False,,1160,522,RGB,clean_retained,,train,data_soil/train/Alluvial/alluvial_0127.jpg
data_soil_raw/Alluvial/alluvial_0282.jpg,alluvial_0282.jpg,Alluvial,f21812810c53af64cc87cf5b07be0476910b36bf0d8ee9055e3bbae356df1132,4c1decef9f77f80d8aa06f2213e291ca2eb8cad9bd9167842c222f5870f542b8,191798,False,,1160,522,RGB,clean_retained,,train,data_soil/train/Alluvial/alluvial_0048.jpg
data_soil_raw/Alluvial/alluvial_0283.jpg,alluvial_0283.jpg,Alluvial,a31d146e366eb1780f650ce37424012e42c2011074fcabe0ef7c27723b2d6f2e,daff277f7aeb6b826bf176994d66c6842ec6b8f78501dc2e28a44a140c8c19d4,204398,False,,1160,522,RGB,clean_retained,,train,data_soil/train/Alluvial/alluvial_0173.jpg
data_soil_raw/Alluvial/alluvial_0284.jpg,alluvial_0284.jpg,Alluvial,1714dec84629c70f28e2c327b7510b88a39b1c13565a1d459e789aae39aacf7f,dc5820e91b873c805a9c0fb04c8508ad664f0c6dc080b860dce93f67482da4a1,197001,False,,1160,522,RGB,clean_retained,,train,data_soil/train/Alluvial/alluvial_0175.jpg
data_soil_raw/Alluvial/alluvial_0285.jpg,alluvial_0285.jpg,Alluvial,97e9177931af34eba00dd8f76bd17f8f98fc5f19b59d377251065e4d8d25703e,91c6ad2278b80831a0aa4ac562ee93834c7f11f26b10dc093e7bb08cd827e708,223234,False,,1160,522,RGB,clean_retained,,train,data_soil/train/Alluvial/alluvial_0100.jpg
data_soil_raw/Alluvial/alluvial_0286.jpg,alluvial_0286.jpg,Alluvial,cab7e17093a8c2139a1b34ca5ef7726a237cdea7b98faf37d5137fabad8f7523,d55761da592f71891b2748cd2a3f0fd46a700c632fb4d7714330b55e866a6497,223452,False,,1160,522,RGB,clean_retained,,train,data_soil/train/Alluvial/alluvial_0166.jpg
data_soil_raw/Alluvial/alluvial_0287.jpg,alluvial_0287.jpg,Alluvial,1887b43d6be2a5e324879776057fa7695e9195dfa2dc01a9a027ee35057cc0fb,1d1843f86c053f3eaa67619435039867e59662ec89ab3b310afe3294325b147d,188651,False,,1160,522,RGB,clean_retained,,train,data_soil/train/Alluvial/alluvial_0018.jpg
data_soil_raw/Alluvial/alluvial_0288.jpg,alluvial_0288.jpg,Alluvial,13172f738090b85335ab369ab188f3c9d6cafc80760c4c3ab265aa4fdc3f3e16,7dcbe3dc2f01e3bed06b39d5eaf0a19d4da0aba20ac2ba3f76ea04faf4262c42,223437,False,,1160,522,RGB,clean_retained,,train,data_soil/train/Alluvial/alluvial_0085.jpg
data_soil_raw/Alluvial/alluvial_0289.jpg,alluvial_0289.jpg,Alluvial,1fcf8b59b103b38b72ea9979b04752a4d4624bdaebfa5201f957f9dedb51b392,340c66b4850c43754a3b4df011a71f6d900271300228bd731c8c7afb5d1502d2,223311,False,,1160,522,RGB,clean_retained,,train,data_soil/train/Alluvial/alluvial_0031.jpg
data_soil_raw/Alluvial/alluvial_0290.jpg,alluvial_0290.jpg,Alluvial,3d159c2d2e8b88dde232b77af1e2e20e14806df0107d3837750d1453868aca17,c22c3c60f644bc44a5559fd2c204b817010ac34c83f2eed81e25199b9c8ba65a,223679,False,,1160,522,RGB,clean_retained,,train,data_soil/train/Alluvial/alluvial_0147.jpg
data_soil_raw/Alluvial/alluvial_0291.jpg,alluvial_0291.jpg,Alluvial,b3f70658c29450a97c6ab8357fb78fb996e2e983de869eb0f85f83fc10712ef9,c50dc2bb9eb9331e9fdc9cbbcfb9c7bdd0feba61aa1190b5bdd28b0a3e21653a,188005,False,,1160,522,RGB,clean_retained,,train,data_soil/train/Alluvial/alluvial_0154.jpg
data_soil_raw/Alluvial/alluvial_0292.jpg,alluvial_0292.jpg,Alluvial,8fa9ab0ccc249d83d7b774819614ad27e97cbb5fa7b4e7c5500f3d8d341365eb,bed3738875152132f84827f30cde2e38e2ecec485f0babd4f79d6dfaa845351c,223920,False,,1160,522,RGB,clean_retained,,train,data_soil/train/Alluvial/alluvial_0142.jpg
data_soil_raw/Alluvial/alluvial_0293.jpg,alluvial_0293.jpg,Alluvial,f1b01207b4e2f42b8af42ca0faedfa22aa7f7132c29fe2eac59931477093ec3b,be657ceb57e4b2a65339a51442c31f679451c423e071ddad4098a2011a49f30a,223648,False,,1160,522,RGB,clean_retained,,val,data_soil/val/Alluvial/alluvial_0030.jpg
data_soil_raw/Alluvial/alluvial_0294.jpg,alluvial_0294.jpg,Alluvial,30c3b91de06489eb5b55a4facda371cfde5d8c746296f88cc78ff79cd7c2d61c,2ec840e6d9d26377b5e52bde3e00b7de63e4a1c2ae1c91cde69e82ae25c0cc30,225341,False,,1160,522,RGB,clean_retained,,val,data_soil/val/Alluvial/alluvial_0011.jpg
data_soil_raw/Alluvial/alluvial_0295.jpg,alluvial_0295.jpg,Alluvial,c47e3461be2be2f3995cd51afe72e8dc51bade841b225086c6d3c2afa904aa16,1db79386515e608bdb8e0d6077b8288cd0578ba101ac0dddf7b5bd4ca18ab9c9,223992,False,,1160,522,RGB,clean_retained,,train,data_soil/train/Alluvial/alluvial_0019.jpg
data_soil_raw/Alluvial/alluvial_0296.jpg,alluvial_0296.jpg,Alluvial,e2d23846a8ae367e508a44a05d21d5e5b2a2432e1df3a5ed646a543c32fd6804,8797c762949fea1867b3a26bab34280b62bc60e7c3e6c590afac61dada52ac10,224296,False,,1160,522,RGB,clean_retained,,train,data_soil/train/Alluvial/alluvial_0090.jpg
data_soil_raw/Alluvial/alluvial_0297.jpg,alluvial_0297.jpg,Alluvial,50b10db17dff7297b5931a5a8076cdf4508dda5acb715a919f5fe1fce68a16a9,2bf7ed969c06b4872aa63961f9216db979af3c8d8e9db4113fb7261363b16446,224598,False,,1160,522,RGB,clean_retained,,train,data_soil/train/Alluvial/alluvial_0028.jpg
data_soil_raw/Alluvial/alluvial_0298.jpg,alluvial_0298.jpg,Alluvial,f68f6fda46749f9d6b7ffe5567793d17a14c89e23a8a5e2b0620703114274a97,a9ca332eb01ccb709213c26b8eb70b2240d96aff9c13f7840d0e5ffae901d6b3,150370,False,,1160,522,RGB,clean_retained,,val,data_soil/val/Alluvial/alluvial_0029.jpg
data_soil_raw/Alluvial/alluvial_0299.jpg,alluvial_0299.jpg,Alluvial,e7ceb38facba7dbbd7326995210e31e41fe901da61e858a5dd8582f2cf6eb377,42ac73ff142c7ccd7908a7821fc7d0b6166476d6d014ea91df6459e24bb8d402,224798,False,,1160,522,RGB,clean_retained,,train,data_soil/train/Alluvial/alluvial_0044.jpg
data_soil_raw/Alluvial/alluvial_0300.jpg,alluvial_0300.jpg,Alluvial,c794a621a26fe0822268538d109a09246b84d26a190d51c575b9503be7777edb,0f960a5cc45a00e80958d0ebde51a948ca634e26191bedc596a4c09e54a0a3f2,224224,False,,1160,522,RGB,clean_retained,,val,data_soil/val/Alluvial/alluvial_0005.jpg
data_soil_raw/Alluvial/alluvial_0301.jpg,alluvial_0301.jpg,Alluvial,29a37b8c7204842d0aaa496606b74bb48d57059f6753c23b6421379f364e532b,229d8127294bcfb7e76dcfcc16102653ca81fd7f0a30858489b0c076d3088b4c,224328,False,,1160,522,RGB,clean_retained,,test,data_soil/test/Alluvial/alluvial_0005.jpg
data_soil_raw/Alluvial/alluvial_0302.jpg,alluvial_0302.jpg,Alluvial,696f526618f99d8aa82ef7be2907ff78d4376138797181d0f2f8bb99d5cf4e07,30e4287433efc23a18a0ae493c3c286c5b82609106c5e7163e18d182f7e0d5a9,224503,False,,1160,522,RGB,clean_retained,,test,data_soil/test/Alluvial/alluvial_0007.jpg
data_soil_raw/Alluvial/alluvial_0303.jpg,alluvial_0303.jpg,Alluvial,4eba5b13cf84ceedb2618cacdb83548bf7aaa3647e01508702bc415acc1ac323,e5cba1b8c8806d36a73b988124189fe3cf3f60dd2692062f262970a16ab4cd40,149336,False,,1160,522,RGB,clean_retained,,test,data_soil/test/Alluvial/alluvial_0038.jpg
data_soil_raw/Alluvial/alluvial_0304.jpg,alluvial_0304.jpg,Alluvial,ebf32fdd26a348ef3d211df5dee0b9c92c330e05105b16c08d4e8b91306c977d,41ff6caaf772f44795912ea67d36440b1e593db9458266f470169f4cf677c88d,153022,False,,1160,522,RGB,clean_retained,,train,data_soil/train/Alluvial/alluvial_0043.jpg
data_soil_raw/Alluvial/alluvial_0305.jpg,alluvial_0305.jpg,Alluvial,22e8cf7eacc8f1be607cf527fc796d5445283f5b51d4f64d5bc6bd887d94e381,e781c08d7e8e6eccbc64c2bf7083119ab2552da55c01f2d545cd62000312ab92,154516,False,,1160,522,RGB,clean_retained,,train,data_soil/train/Alluvial/alluvial_0189.jpg
data_soil_raw/Alluvial/alluvial_0306.jpg,alluvial_0306.jpg,Alluvial,a860f610a969a4da9e8ddbf3ead51e449c8ed71f02995a36feb6f57dc4a17a2c,0b9754abb5df28e915256d6831b6c50ac29b8725d8171925ba4d686b65b03db5,155890,False,,1160,522,RGB,clean_retained,,val,data_soil/val/Alluvial/alluvial_0003.jpg
data_soil_raw/Alluvial/alluvial_0307.jpg,alluvial_0307.jpg,Alluvial,c6588661bfb5e2d40da5f0abf49b4f73350afadf1450c140cc03c78c48f78106,c3770b51d0c3acd27fb5b8c07b8ecaa48348d6156eacaff9242121dab3cfddef,153839,False,,1160,522,RGB,clean_retained,,train,data_soil/train/Alluvial/alluvial_0151.jpg
data_soil_raw/Alluvial/alluvial_0308.jpg,alluvial_0308.jpg,Alluvial,777b14502abf40ed542488abf121b821abcf1ef83473d7d6b9b0f9c9866ecd7a,6598b266015820ea99f9aa194dd7da03d320fc90828c9813031818e627751f3a,152235,False,,1160,522,RGB,quarantined_exact_duplicate,Exact pixel duplicate of canonical file data_soil_raw/Alluvial/alluvial_0049.jpg,,
data_soil_raw/Alluvial/alluvial_0309.jpg,alluvial_0309.jpg,Alluvial,db075082e468cd117ad5312f90bfa9bffe5f663df15c57c4b8f5e83b74ee302e,52ddebdcbf1d3b0548c62313425f33d0246b66c109ae8f158db66ef89180726a,155909,False,,1160,522,RGB,clean_retained,,val,data_soil/val/Alluvial/alluvial_0015.jpg
data_soil_raw/Alluvial/alluvial_0310.jpg,alluvial_0310.jpg,Alluvial,b6f2deaca4811ad97ff2a6799888061726f3366d786402469728cb35f353c19f,833c25c6f063beaf62063e77a5fc5a73a52daaf2bf359d3dac8da52a6d1cbc6a,161833,False,,1160,522,RGB,clean_retained,,train,data_soil/train/Alluvial/alluvial_0086.jpg
data_soil_raw/Alluvial/alluvial_0311.jpg,alluvial_0311.jpg,Alluvial,142a525ec01f59e09119dfad9ea04546b43332db0dc376c9f59b1384b46a8812,72276f2e0b757de381e1c720483efc1c83ae750b9e531394bde1d5ad4f9b6625,163055,False,,1160,522,RGB,clean_retained,,test,data_soil/test/Alluvial/alluvial_0024.jpg
data_soil_raw/Alluvial/alluvial_0312.jpg,alluvial_0312.jpg,Alluvial,4aeb52eb59039a2e0783c72df8728e9e13197469db75513cd9cd84930cff3601,c7589c4cf82dec944a00b81825bc5289a9d7d72256e1a649e213bb5e9019129d,195558,False,,1160,522,RGB,clean_retained,,train,data_soil/train/Alluvial/alluvial_0155.jpg
data_soil_raw/Alluvial/alluvial_0313.jpg,alluvial_0313.jpg,Alluvial,b41fe3af54a2b82ca15dc20cf41bdfcda34c3ea9449b7ff4b9dbf25dc6fdfbfa,e125ca81116e7e64ba67a3cc05d1438c9fc3157c8d2096fe8c83ba18291d0b23,196831,False,,1160,522,RGB,quarantined_exact_duplicate,Exact pixel duplicate of canonical file data_soil_raw/Alluvial/alluvial_0050.jpg,,
data_soil_raw/Alluvial/alluvial_0314.jpg,alluvial_0314.jpg,Alluvial,b01c31a64f75390f6dd713867060be354026f2cbc4618e010f8cdc6e0742fc3b,9ad6066cba321b63c76d99fe30994696fa2e481ca38a5a8d41446458aec08ca0,158189,False,,1160,522,RGB,quarantined_exact_duplicate,Exact pixel duplicate of canonical file data_soil_raw/Alluvial/alluvial_0051.jpg,,
data_soil_raw/Alluvial/alluvial_0315.jpg,alluvial_0315.jpg,Alluvial,4b3453cdcc19967c2c8520958040736fad194974e3b42c75d8abebad6bf02bc8,d434ab1ffc61d2e906af793770b9d0104512df0b133137c85dea9054095d92dc,162938,False,,1160,522,RGB,clean_retained,,train,data_soil/train/Alluvial/alluvial_0165.jpg
data_soil_raw/Alluvial/alluvial_0316.jpg,alluvial_0316.jpg,Alluvial,b6a84d08ba58c83ecaf50f36c14c4c915b9bccb361cf833a331fe3cb86acf99b,34f0ad1af30512ba2f5e08571b0431387eeb9e7bfb973d16c5eb6c50ac1f4931,193768,False,,1160,522,RGB,clean_retained,,train,data_soil/train/Alluvial/alluvial_0034.jpg
data_soil_raw/Alluvial/alluvial_0317.jpg,alluvial_0317.jpg,Alluvial,a5e4d2154fbcda7af0d159e070861ff67e0c23eadec5ea01b24ff72ac71a90e7,77b82cb2752c65d3fd3ace9214e3df5d6cc6249b49c4733db5f628d8e3a41671,162633,False,,1160,522,RGB,clean_retained,,val,data_soil/val/Alluvial/alluvial_0020.jpg
data_soil_raw/Alluvial/alluvial_0318.jpg,alluvial_0318.jpg,Alluvial,8b8612c6a3875ae7cc8afa0826e91fa1bb61b1690f7696937f39dde3b090e7a8,eb5dd9d44228916759f698ab12357d7608f1e2a7296fd09664230ea40f5acc27,196653,False,,1160,522,RGB,clean_retained,,train,data_soil/train/Alluvial/alluvial_0194.jpg
data_soil_raw/Alluvial/alluvial_0319.jpg,alluvial_0319.jpg,Alluvial,24d56ed93d3dc19423ad366ccd150fe24d6bc53d3e03394a7d05bdd2b3d3ce25,87ee5c3e2d9957ffd5bffb531c226b2734b15064aacd388a490756ecce3ee9e2,165121,False,,1160,522,RGB,clean_retained,,train,data_soil/train/Alluvial/alluvial_0091.jpg
data_soil_raw/Alluvial/alluvial_0320.jpg,alluvial_0320.jpg,Alluvial,24641ba66068baa561d13816ea78c126cd766555105684051b9dad764550a822,7c09b1d720de85dd763bb0c9d387a72666707228f1e8f13b70543dcb3b6ae7eb,197173,False,,1160,522,RGB,clean_retained,,train,data_soil/train/Alluvial/alluvial_0084.jpg
data_soil_raw/Alluvial/alluvial_0321.jpg,alluvial_0321.jpg,Alluvial,e3635967062edcd4e843f49161e977b21e1520d07ac7bdae03dc24aecd5a8da2,c2431a055b923d0e330d456246592cd8ec602ff7e84e205a92678bde86954d78,163927,False,,1160,522,RGB,clean_retained,,test,data_soil/test/Alluvial/alluvial_0035.jpg
data_soil_raw/Alluvial/alluvial_0322.jpg,alluvial_0322.jpg,Alluvial,8459127d7ceac9e9ddca3141ec041efe714b22532aae0ebb3d3b974cd385eb0c,538a9f02ee1eec3c23ab82f26a4ed72c5a4770153aaa9af868a0582ebbba0a0e,166658,False,,1160,522,RGB,clean_retained,,train,data_soil/train/Alluvial/alluvial_0052.jpg
data_soil_raw/Alluvial/alluvial_0323.jpg,alluvial_0323.jpg,Alluvial,e1161b4d1b8fd20c4ad13c983abea652bd1d8d63cac78bb93a028e1376b6b3cd,502d5b15880e0252cdedde4c4e099c2f985c288ec9b4f914e3a9332b1f56058e,165639,False,,1160,522,RGB,clean_retained,,train,data_soil/train/Alluvial/alluvial_0049.jpg
data_soil_raw/Alluvial/alluvial_0324.jpg,alluvial_0324.jpg,Alluvial,c314411079e3a90d4c33b33fe0b5f302dd69669c88568fb5e20363baa8d80af2,bf9e41af4217d3e735f9bfe194d68f190364577ead38b43a21be02d175f7c3e4,166450,False,,1160,522,RGB,clean_retained,,test,data_soil/test/Alluvial/alluvial_0034.jpg
data_soil_raw/Alluvial/alluvial_0325.jpg,alluvial_0325.jpg,Alluvial,9b7560fd7c6e6621167630969aab53af3059213709fe746c8821dd75245bf902,6c65aa393ef2e0585d5610be739a868d5b6e640b4e7e0888289e3aeeb65c768a,187232,False,,1160,522,RGB,clean_retained,,val,data_soil/val/Alluvial/alluvial_0018.jpg
data_soil_raw/Alluvial/alluvial_0326.jpg,alluvial_0326.jpg,Alluvial,fcd1f5aa2067f23c54d053942d92999f319a98d99132d05d860af0a12945fd73,7b94696385e3e95748dbe9da2f3da797df4f7761007d696335bb968a49a3a298,193953,False,,1160,522,RGB,clean_retained,,train,data_soil/train/Alluvial/alluvial_0083.jpg
data_soil_raw/Alluvial/alluvial_0327.jpg,alluvial_0327.jpg,Alluvial,4f9edd073c154737dbe49b3094334ff3f7d623810d2392102201660d4889eb83,bfec2e08c8fcd3f88ab7c1132e069b249858e5d7e2dab83b390fc80455a920db,187659,False,,1160,522,RGB,clean_retained,,val,data_soil/val/Alluvial/alluvial_0031.jpg
data_soil_raw/Alluvial/alluvial_0328.jpg,alluvial_0328.jpg,Alluvial,77cad5b42b5152279aaacb94cbd9fa315c4a695753f0b6235e9630a23407ee77,3a1659d75f2de8f9ce536e92f63e6ead4cc1aa26e0ae4a7edc534a69550b67e4,196649,False,,1160,522,RGB,clean_retained,,train,data_soil/train/Alluvial/alluvial_0038.jpg
data_soil_raw/Alluvial/alluvial_0329.jpg,alluvial_0329.jpg,Alluvial,3b9ec941b7a92fb223d5bfbbd1cd73f60db82698fc2df790022f27bb4b9ccf49,fe1e545d63dd50c393f655d459bcebce4b9d259a877c9fbb245c8cf529ebe7e1,196592,False,,1160,522,RGB,clean_retained,,test,data_soil/test/Alluvial/alluvial_0044.jpg
data_soil_raw/Alluvial/alluvial_0330.jpg,alluvial_0330.jpg,Alluvial,8c4e309ffd4055aa6becadd5602d3958bb645798a125350114f1d799241a389f,0336bce2635b35cabedec0000420af2eed2bed0d0a8b3bb420a55a70e6c6806e,195939,False,,1160,522,RGB,clean_retained,,train,data_soil/train/Alluvial/alluvial_0004.jpg
data_soil_raw/Alluvial/alluvial_0331.jpg,alluvial_0331.jpg,Alluvial,fb17641f2cfad44341e227f5a261330a8349dd9d62afe0fc7af3e6329d1a4af5,a1f0820d0be883b02a0588e129d771cca41c93a9da618ee0239b309de16d1142,195746,False,,1160,522,RGB,clean_retained,,train,data_soil/train/Alluvial/alluvial_0118.jpg
data_soil_raw/Alluvial/alluvial_0332.jpg,alluvial_0332.jpg,Alluvial,1c99ae280b4bdec6821e6e9195fbffd85fde3fc0b2b572f1f99ffb2ac31affb3,910de81b1ef843fe90aa7811af5f4dad7a46a9c66fe81e21a8b5df680d561afe,194793,False,,1160,522,RGB,clean_retained,,train,data_soil/train/Alluvial/alluvial_0098.jpg
data_soil_raw/Alluvial/alluvial_0333.jpg,alluvial_0333.jpg,Alluvial,77405ea99363112f3cc4c5cd920a53b49dd3d396432212c2f4c8594673ab43c9,0be65a9000c61dd5796c9d26ef2302148e1c101eef32887a913fc7a9c7fe5972,195147,False,,1160,522,RGB,quarantined_exact_duplicate,Exact pixel duplicate of canonical file data_soil_raw/Alluvial/alluvial_0052.jpg,,
data_soil_raw/Alluvial/alluvial_0334.jpg,alluvial_0334.jpg,Alluvial,8a58b08ac82fdfa25f3e30820060266e484cedfdbac40b4e3cba65bb5e8e05de,6cb9d1c37f316a860d2cd04dab11bf2a63bafde3f73a10b52580f46d03baafda,191713,False,,1160,522,RGB,clean_retained,,train,data_soil/train/Alluvial/alluvial_0075.jpg
data_soil_raw/Alluvial/alluvial_0335.jpg,alluvial_0335.jpg,Alluvial,08637f7350c16e83f8114e3f854b085d6aa1c2f9e5eebd806e9bdd9585f474c0,51b3270b606282a60db49fbdeb766c64caa78ec4d9c69db46c2ea3c576c95187,189600,False,,1160,522,RGB,clean_retained,,train,data_soil/train/Alluvial/alluvial_0050.jpg
data_soil_raw/Alluvial/alluvial_0336.jpg,alluvial_0336.jpg,Alluvial,7057103849a46f271af35a875bec92f8a966709c887db053c7a1eff841fbcbc6,e6f55a198df3e6ccc6a76e94901f4d5de48ea0fc90b48229e063b2e179e76495,187510,False,,1160,522,RGB,clean_retained,,train,data_soil/train/Alluvial/alluvial_0188.jpg
data_soil_raw/Alluvial/alluvial_0337.jpg,alluvial_0337.jpg,Alluvial,27edf31ebbe4871c44dd68f0753e820d00d70d0e555030ab29cb3a94a9ba0821,ccab3ec27b3af6230573a8ab0b5c30d716cde8a783b1bb3bd2f2c04ac33d6032,192618,False,,1160,522,RGB,clean_retained,,train,data_soil/train/Alluvial/alluvial_0160.jpg
data_soil_raw/Alluvial/alluvial_0338.jpg,alluvial_0338.jpg,Alluvial,893a15741f47c8f060381206ccd147591adb68b9b46fffea8d702b360c673b49,aabb25a8be049e74ab8973a00498289b1214694f578905a985e5d7427f0f3748,186772,False,,1160,522,RGB,clean_retained,,train,data_soil/train/Alluvial/alluvial_0125.jpg
data_soil_raw/Alluvial/alluvial_0339.jpg,alluvial_0339.jpg,Alluvial,32a596d97e26e9a5c1ebff75e16967c145298b449dd36b01965d55c3acda1d53,6bd098d3f77a65e203e7d2a72fe2577ed3618336d69e2d84a464b7d8b5e0f019,187833,False,,1160,522,RGB,clean_retained,,train,data_soil/train/Alluvial/alluvial_0072.jpg
data_soil_raw/Alluvial/alluvial_0340.jpg,alluvial_0340.jpg,Alluvial,0cec1d2fb85745a4f37917459de68d560508a8b2990410031327beb7f322afa6,16d664ad138d435551d3de814048374f1cfbc74a7a1b4b28194f3f1045ad46cd,195468,False,,1160,522,RGB,clean_retained,,val,data_soil/val/Alluvial/alluvial_0009.jpg
data_soil_raw/Alluvial/alluvial_0341.jpg,alluvial_0341.jpg,Alluvial,57b106506d77d527d58ab6da864a26011408965157d4cd5521ff0e3c09f1b7bb,cf7301a685055edc1fc712adb8553a95f07e71b5ce8ef01e27d34e6a18723eac,194917,False,,1160,522,RGB,clean_retained,,train,data_soil/train/Alluvial/alluvial_0162.jpg
data_soil_raw/Alluvial/alluvial_0342.jpg,alluvial_0342.jpg,Alluvial,c5964c55060e740e8591a653581c43d4dcc3dd20863c44dc7220fdad2d774f3a,f863fefd7bd9a2e959b9315b123bb794fe836ab8a225d8140dccdffae952679c,196077,False,,1160,522,RGB,clean_retained,,val,data_soil/val/Alluvial/alluvial_0043.jpg
data_soil_raw/Alluvial/alluvial_0343.jpg,alluvial_0343.jpg,Alluvial,e59437609c6875776554f93869fec3a855d2e7c2afb01a007f1f0c767fa53ad0,abd126128aa35422d58777142f8fd834fa03b5ec339e32beb66a0bd012d83c4b,196630,False,,1160,522,RGB,clean_retained,,train,data_soil/train/Alluvial/alluvial_0128.jpg
data_soil_raw/Alluvial/alluvial_0344.jpg,alluvial_0344.jpg,Alluvial,cc02e1bda1143e77b310911afa7663bd7464451eed76a0c65b0330fbd690ef74,2d8836f138a716f89dbf2c1a0705fac704d36803a1655fd1efc79b04e587c42c,195911,False,,1160,522,RGB,clean_retained,,train,data_soil/train/Alluvial/alluvial_0029.jpg
data_soil_raw/Alluvial/alluvial_0345.jpg,alluvial_0345.jpg,Alluvial,6c06df05f6733b27fe47a64fa9eaf95166cd9d19da37cbba3c517e1ba1f43948,d19a131b18954197e0ab8ed5bcdeb7788353df54881aca9ee0b6af964c7bf668,194821,False,,1160,522,RGB,clean_retained,,val,data_soil/val/Alluvial/alluvial_0038.jpg
data_soil_raw/Alluvial/alluvial_0346.jpg,alluvial_0346.jpg,Alluvial,87e20ebc39bfc5fe6c4517ac342144a76dbbedac0191196b286271184f5ec9a7,685af5d0444ea3593b97570e3124c27ac687b6ef2acf23db86b9facdde004beb,249215,False,,626,626,RGB,clean_retained,,train,data_soil/train/Alluvial/alluvial_0070.jpg
data_soil_raw/Alluvial/alluvial_0347.jpg,alluvial_0347.jpg,Alluvial,e73560cb586cc6d24f799a160a93be4ef5606ddad6c68f0802d56bbce9b8c960,38cc8954cd1878f6688750105014f58a08d2113dc713e614350a1a50e39fc725,82375,False,,512,237,RGB,quarantined_exact_duplicate,Exact pixel duplicate of canonical file data_soil_raw/Alluvial/alluvial_0053.jpg,,
data_soil_raw/Alluvial/alluvial_0348.jpg,alluvial_0348.jpg,Alluvial,8295b530468d0d03ada2798a4cc9b3fe4ca8017564e7c99e75a7c8fbaba5433f,09b7810bb033988aab01fbe6ef297220e2d1acfafeb766d1028c880eb3def92d,50805,False,,460,307,RGB,clean_retained,,val,data_soil/val/Alluvial/alluvial_0002.jpg
data_soil_raw/Alluvial/alluvial_0349.jpg,alluvial_0349.jpg,Alluvial,cafd4b88074f7aef8c2de8808de2b767e49c526d4df9041c49e411908cbc62fc,e16a5ba7f98ef0bcce8a195f739ac9cf09c947f622b72168ea7c30bb8a455976,156206,False,,1160,522,RGB,quarantined_exact_duplicate,Exact pixel duplicate of canonical file data_soil_raw/Alluvial/alluvial_0121.jpg,,
data_soil_raw/Alluvial/alluvial_0350.jpg,alluvial_0350.jpg,Alluvial,d1cbbbed03ed33527a813eedd13c016f41aab249a9954eec36188a55fe3439b8,da3ef1a016c7bf380a1213b6e582f049d9f43a5a7cf03e9252e5c086051c0f28,158371,False,,1160,522,RGB,quarantined_exact_duplicate,Exact pixel duplicate of canonical file data_soil_raw/Alluvial/alluvial_0122.jpg,,
data_soil_raw/Alluvial/alluvial_0351.jpg,alluvial_0351.jpg,Alluvial,27985f4e9dc0f185cc55edcaf0f52c7d515759830cc055c2b8182b79c325faa2,4a588942248e7fb67bfdbb8daa4836d31fd05325563e35e3f273d0c2e54b5867,161453,False,,1160,522,RGB,quarantined_exact_duplicate,Exact pixel duplicate of canonical file data_soil_raw/Alluvial/alluvial_0123.jpg,,
data_soil_raw/Alluvial/alluvial_0352.jpg,alluvial_0352.jpg,Alluvial,6f050aade16762b4e6f60cc5da240c0e6283d2499a92225289286ec9bdfc0664,3d8d1d189ea5c43271189b30fe8df176303adcd3d1ec6e92a63968b750357101,161820,False,,1160,522,RGB,quarantined_exact_duplicate,Exact pixel duplicate of canonical file data_soil_raw/Alluvial/alluvial_0124.jpg,,
data_soil_raw/Alluvial/alluvial_0353.jpg,alluvial_0353.jpg,Alluvial,1a9de5a8ec970aecec6004fd87daa069756cca5d76ef7970082c5c4cf246107b,3da22bdec7197628a485f63eeb25b2fb7ad9a8b372731572f9c4bbb35cb6f616,161036,False,,1160,522,RGB,quarantined_exact_duplicate,Exact pixel duplicate of canonical file data_soil_raw/Alluvial/alluvial_0125.jpg,,
data_soil_raw/Alluvial/alluvial_0354.jpg,alluvial_0354.jpg,Alluvial,172694b2d2f16ced4d0e871610284c19ad47977c617653d093e861dd1a2ffcad,a311343a4e729b097ab6a7d084a84f51006a31bac9d1d3b92c4c4dee444cda24,162194,False,,1160,522,RGB,quarantined_exact_duplicate,Exact pixel duplicate of canonical file data_soil_raw/Alluvial/alluvial_0126.jpg,,
data_soil_raw/Alluvial/alluvial_0355.jpg,alluvial_0355.jpg,Alluvial,96acf7a7d224127c64ef48928762d2ea14caa5affd41177f6e989e7285695e15,89a0d357c547fcd19f021c383ae4d9bf6aad0d42f1267151f41f93024464fadc,162692,False,,1160,522,RGB,quarantined_exact_duplicate,Exact pixel duplicate of canonical file data_soil_raw/Alluvial/alluvial_0035.jpg,,
data_soil_raw/Alluvial/alluvial_0356.jpg,alluvial_0356.jpg,Alluvial,9a17a81ffd0bc46f80fb0d12b13e26d1f92ff5577fe88142e719a93d3c501314,ed6349969df5425157a9e63e2177345d611fc6777d93e22dcbdf8ee2b0d836bf,162763,False,,1160,522,RGB,quarantined_exact_duplicate,Exact pixel duplicate of canonical file data_soil_raw/Alluvial/alluvial_0128.jpg,,
data_soil_raw/Alluvial/alluvial_0357.jpg,alluvial_0357.jpg,Alluvial,e38d63254b8f348dd0ec8cb79d25252372b493a197a551c89edb2dc39174fd8a,98ed01d2cc2bc2e748a0ef7b4f188ad12eab19ab0708a53bb8dc328d8dcb49d1,154855,False,,1160,522,RGB,quarantined_exact_duplicate,Exact pixel duplicate of canonical file data_soil_raw/Alluvial/alluvial_0129.jpg,,
data_soil_raw/Alluvial/alluvial_0358.jpg,alluvial_0358.jpg,Alluvial,7292db98c78c60af2ec8c7092610c0c7bc8c88ad6bfecb0ed0c33206f93b94b5,e7c92cac02e94239651e602d076f561fa7de09a414cabc7f8e490e0062dacba6,161147,False,,1160,522,RGB,quarantined_exact_duplicate,Exact pixel duplicate of canonical file data_soil_raw/Alluvial/alluvial_0130.jpg,,
data_soil_raw/Alluvial/alluvial_0359.jpg,alluvial_0359.jpg,Alluvial,572bd19dbd7c895fe994a2df9901ae4e4ad20d0065a89371849e6ff6cc11bfef,4be1aa560477d3e9166d8c9775f41e6986081c34356b7736e3adca54338047ce,161684,False,,1160,522,RGB,quarantined_exact_duplicate,Exact pixel duplicate of canonical file data_soil_raw/Alluvial/alluvial_0131.jpg,,
data_soil_raw/Alluvial/alluvial_0360.jpg,alluvial_0360.jpg,Alluvial,661beec5b2d7488db71de918c6d83a271897870ebff1306cfb0d8c45ed6c15de,02e40fe3a9ef11697a102c49bd31ef44e0b6a6995261e5775d1b9938c986436d,162295,False,,1160,522,RGB,quarantined_exact_duplicate,Exact pixel duplicate of canonical file data_soil_raw/Alluvial/alluvial_0132.jpg,,
data_soil_raw/Alluvial/alluvial_0361.jpg,alluvial_0361.jpg,Alluvial,487d93098e614599acb533941995e53dc9769e04249e786410fc810c361bcc03,e4b60e1c8642c570702e7002b146f78eb2ddcccc32a3393c28a8be7469419e52,162097,False,,1160,522,RGB,quarantined_exact_duplicate,Exact pixel duplicate of canonical file data_soil_raw/Alluvial/alluvial_0133.jpg,,
data_soil_raw/Alluvial/alluvial_0362.jpg,alluvial_0362.jpg,Alluvial,3b2a9afbf5e2ed47453c103c178dc3ade079ca9526440249c0ee3f9d88186edd,0b030ea3aa040fd8f88704d085bd0bcac1f613e1a0ffc8ab7474333cfcb83680,161842,False,,1160,522,RGB,quarantined_exact_duplicate,Exact pixel duplicate of canonical file data_soil_raw/Alluvial/alluvial_0134.jpg,,
data_soil_raw/Alluvial/alluvial_0363.jpg,alluvial_0363.jpg,Alluvial,ecec39f9f4ad13504befa364b4eaccb226643aad7629a91b0c4aa1ab18e618af,e0efe641de9a2c3f116c26497b57c690c29fe3699c6747f8c1e32eb5efe10d35,161173,False,,1160,522,RGB,quarantined_exact_duplicate,Exact pixel duplicate of canonical file data_soil_raw/Alluvial/alluvial_0135.jpg,,
data_soil_raw/Alluvial/alluvial_0364.jpg,alluvial_0364.jpg,Alluvial,cefea6a2ec9a2d00e395a11baf4b263200f5402c124ea4f379512b14cca0f0e4,c1b90fcf7010561277204842794b3582aa13beb645837c57573e3035bec1b089,155118,False,,1160,522,RGB,quarantined_exact_duplicate,Exact pixel duplicate of canonical file data_soil_raw/Alluvial/alluvial_0136.jpg,,
data_soil_raw/Alluvial/alluvial_0365.jpg,alluvial_0365.jpg,Alluvial,eb8cf7ba72f2f3ace8161eafbc6ae0917c6b13fa7b09046a5188773587c9249e,1abdeb1b5cc25f406d07910b96983abaa8f390557262415da1284dde4e33c06e,154141,False,,1160,522,RGB,quarantined_exact_duplicate,Exact pixel duplicate of canonical file data_soil_raw/Alluvial/alluvial_0137.jpg,,
data_soil_raw/Alluvial/alluvial_0366.jpg,alluvial_0366.jpg,Alluvial,78eb389adf0fe3e719ecbd0663cef96b11b32da75337e2633f36bd01b3f753d7,b4becfd58d58c30ed5330db215f10c1557a5d42aed8650b642b5732ff59584df,160279,False,,1160,522,RGB,quarantined_exact_duplicate,Exact pixel duplicate of canonical file data_soil_raw/Alluvial/alluvial_0138.jpg,,
data_soil_raw/Alluvial/alluvial_0367.jpg,alluvial_0367.jpg,Alluvial,681819ecea2d2853bb55c028b39c403005e926842fff792cc73814fc347c6e99,b7600ba7a8e8a67307ecc5f03c52a6dd052738980e539ff921b1527a3e968b5d,154818,False,,1160,522,RGB,quarantined_exact_duplicate,Exact pixel duplicate of canonical file data_soil_raw/Alluvial/alluvial_0139.jpg,,
data_soil_raw/Alluvial/alluvial_0368.jpg,alluvial_0368.jpg,Alluvial,8f14527b3f8c14707a47f05c9b2b8ce5c27036aa95d61f897048619c0c929b14,3e2a48bd30269b5803c2ddfdcf0c8b3f3d1a054e872891273d6fd2fa5983a18f,159543,False,,1160,522,RGB,quarantined_exact_duplicate,Exact pixel duplicate of canonical file data_soil_raw/Alluvial/alluvial_0140.jpg,,
data_soil_raw/Alluvial/alluvial_0369.jpg,alluvial_0369.jpg,Alluvial,f95bef56a6d77d819834b69ac25cfe5004550cbe868858e75801b88a6343c9ef,c25274629c73b1942ee4034a6927a44ff174b857825670e6cb613e2c9cfc68ad,154622,False,,1160,522,RGB,quarantined_exact_duplicate,Exact pixel duplicate of canonical file data_soil_raw/Alluvial/alluvial_0141.jpg,,
data_soil_raw/Alluvial/alluvial_0370.jpg,alluvial_0370.jpg,Alluvial,21902236eb85c54b3e185b2908ef4dbdb99fbbedfdb6c463f4291e941d3e56bd,be8ab6d56e90f858deaf06df28b43335cdf68f0ca7b08610ac0f7eabcea7cc10,161824,False,,1160,522,RGB,quarantined_exact_duplicate,Exact pixel duplicate of canonical file data_soil_raw/Alluvial/alluvial_0142.jpg,,
data_soil_raw/Alluvial/alluvial_0371.jpg,alluvial_0371.jpg,Alluvial,bd83aed7e41d540c6bbf1537f1da5a286e8e3010b4d81011261a7a8cbb396f84,9d418177943b7bfec96b3d4619cf62c106bd1708056012e937676abb1a314a5e,162607,False,,1160,522,RGB,quarantined_exact_duplicate,Exact pixel duplicate of canonical file data_soil_raw/Alluvial/alluvial_0143.jpg,,
data_soil_raw/Alluvial/alluvial_0372.jpg,alluvial_0372.jpg,Alluvial,e67aa55f363b54eb422c625e2a2dd62b91c0d94e4ce5b10fb79f9f8e97c8abd0,0d5c5fd6e3ea21184859b763be44b0889968b690e7ba78547558369d0af6bc02,133678,False,,1160,522,RGB,quarantined_exact_duplicate,Exact pixel duplicate of canonical file data_soil_raw/Alluvial/alluvial_0144.jpg,,
data_soil_raw/Alluvial/alluvial_0373.jpg,alluvial_0373.jpg,Alluvial,0515c4bffa5db80668fee5daa516b7584e0046d3644265391f43a0126087b90c,22a3ab8f1f62c528c9852fc95507be591be7a124b56a38b5d26b2476d32e7272,132943,False,,1160,522,RGB,quarantined_exact_duplicate,Exact pixel duplicate of canonical file data_soil_raw/Alluvial/alluvial_0145.jpg,,
data_soil_raw/Alluvial/alluvial_0374.jpg,alluvial_0374.jpg,Alluvial,7e4be3205cc402d25391067b4a332814dda319892ab7315dd2af24e22ffcab09,743c9c536faadd24b9c1c5d91b6c0539399a9d27600f94869be2e0d294904261,131663,False,,1160,522,RGB,quarantined_exact_duplicate,Exact pixel duplicate of canonical file data_soil_raw/Alluvial/alluvial_0146.jpg,,
data_soil_raw/Alluvial/alluvial_0375.jpg,alluvial_0375.jpg,Alluvial,9f8c3cf8aa928d48954300febc8bd601c5637222be09bdead7ffc8e2882c1d10,859fff34afe05817c25c500338952cf4c25ea62d727c57f7c0b4c4506de0e253,162938,False,,1160,522,RGB,quarantined_exact_duplicate,Exact pixel duplicate of canonical file data_soil_raw/Alluvial/alluvial_0147.jpg,,
data_soil_raw/Alluvial/alluvial_0376.jpg,alluvial_0376.jpg,Alluvial,199d9577bf76dbb3c552f5d9df01b342cfb3689951e73cf6ed19be299e3c1ea9,bf59fe9c43422f56be5ff148012432fb4772da3aaa31685edfcd4ce9236ad6f1,131030,False,,1160,522,RGB,quarantined_exact_duplicate,Exact pixel duplicate of canonical file data_soil_raw/Alluvial/alluvial_0148.jpg,,
data_soil_raw/Alluvial/alluvial_0377.jpg,alluvial_0377.jpg,Alluvial,2198217b079c170ea5dbb216fa86413236ffb37cc2be8e47843693dd7120f05a,621ba41108214ff527224dec89a385a188a5e104d3cc6077cb67554199efafaf,134079,False,,1160,522,RGB,quarantined_exact_duplicate,Exact pixel duplicate of canonical file data_soil_raw/Alluvial/alluvial_0149.jpg,,
data_soil_raw/Alluvial/alluvial_0378.jpg,alluvial_0378.jpg,Alluvial,3e4d6fa1d9416894b18e561ca3f91383a121c6d6c34da635fcfe06d5e8bdb446,e8f04072863ed025919a0b58bd6fe605b3be0de1d20fa190fade71c04a56db1b,132646,False,,1160,522,RGB,quarantined_exact_duplicate,Exact pixel duplicate of canonical file data_soil_raw/Alluvial/alluvial_0150.jpg,,
data_soil_raw/Alluvial/alluvial_0379.jpg,alluvial_0379.jpg,Alluvial,76707345337e9f52669057a5af9a87a6d92aef6a421672d122700f2e26e8780c,9fc47651252385ad4c57dea80a9af3efeb5a43ca12387d720823169a7ea1029f,160352,False,,1160,522,RGB,quarantined_exact_duplicate,Exact pixel duplicate of canonical file data_soil_raw/Alluvial/alluvial_0151.jpg,,
data_soil_raw/Alluvial/alluvial_0380.jpg,alluvial_0380.jpg,Alluvial,faddb14c110aca3e69f5b606aa6a226930fd062e1972546d84d4e9123a141099,e5d8db9b20247e5de7188d6b93168ee2b09be8f9998d8435cf34209c58e11c33,130663,False,,1160,522,RGB,quarantined_exact_duplicate,Exact pixel duplicate of canonical file data_soil_raw/Alluvial/alluvial_0152.jpg,,
data_soil_raw/Alluvial/alluvial_0381.jpg,alluvial_0381.jpg,Alluvial,5e7bf654fab597a0903fa460a0edf31f183ce7175a2871a8b64a7607cbb595db,ba753cbac88be2017a5582161ef6892406f51bcd7bebf1384f3616bd487398ef,126891,False,,1160,522,RGB,quarantined_exact_duplicate,Exact pixel duplicate of canonical file data_soil_raw/Alluvial/alluvial_0153.jpg,,
data_soil_raw/Alluvial/alluvial_0382.jpg,alluvial_0382.jpg,Alluvial,fd9c8456fe80e327a8eec1795743734cacacc859c7c3fd07666683270565bea2,d853c58d45a29572fa13d03329fef15de121b8b90282d26c3af9edf87d3c5d96,131083,False,,1160,522,RGB,quarantined_exact_duplicate,Exact pixel duplicate of canonical file data_soil_raw/Alluvial/alluvial_0154.jpg,,
data_soil_raw/Alluvial/alluvial_0383.jpg,alluvial_0383.jpg,Alluvial,c64b258e7788d3065b9b3686393794741692666bbffd657897b941542d6351d5,09e06057a5b64156fea6dad570d33753be4d782bfa01e026a8f03454607fc767,129786,False,,1160,522,RGB,quarantined_exact_duplicate,Exact pixel duplicate of canonical file data_soil_raw/Alluvial/alluvial_0155.jpg,,
data_soil_raw/Alluvial/alluvial_0384.jpg,alluvial_0384.jpg,Alluvial,bc6a14139585b07fa827c16af84479639a639803bd4403c68a84603514894a8a,5b1f7c5f8baaa8465e83812a72a671e286bedd4c5c9d043146454fc76ef9d85a,124907,False,,1160,522,RGB,quarantined_exact_duplicate,Exact pixel duplicate of canonical file data_soil_raw/Alluvial/alluvial_0156.jpg,,
data_soil_raw/Alluvial/alluvial_0385.jpg,alluvial_0385.jpg,Alluvial,47f12c0e33525a206fd292e8a862c29442a85e3dba22af604f5ea86d4d88b8b3,aab6801dd24e5a1ec45e88f0378a43fcfd1cec028e0ffcad084427e87641ccc4,121932,False,,1160,522,RGB,quarantined_exact_duplicate,Exact pixel duplicate of canonical file data_soil_raw/Alluvial/alluvial_0157.jpg,,
data_soil_raw/Alluvial/alluvial_0386.jpg,alluvial_0386.jpg,Alluvial,d394083022a10ceeea855ddc6649dc63f43b21fe2d6ddf4f6fa9861016df8d11,11e51e8b83c4d400cd880977af2b5ebf63094054bbd2bd49852f3e3d2573230c,123202,False,,1160,522,RGB,quarantined_exact_duplicate,Exact pixel duplicate of canonical file data_soil_raw/Alluvial/alluvial_0158.jpg,,
data_soil_raw/Alluvial/alluvial_0387.jpg,alluvial_0387.jpg,Alluvial,eb1398bcc697710cab0d03d53df04f19cef61acfa0cdf07dada54eab3b4001f7,a1832107bef400562ee6f92166577db6a9374b7ebbe0a807a976a2f41d21cb6a,124965,False,,1160,522,RGB,quarantined_exact_duplicate,Exact pixel duplicate of canonical file data_soil_raw/Alluvial/alluvial_0159.jpg,,
data_soil_raw/Alluvial/alluvial_0388.jpg,alluvial_0388.jpg,Alluvial,4ed83a8c2db42c59d88002ebde2550f9e1828088b049384fa90db57e773d4083,3526cb0b699b2f32353fb44b4a4aad0dbeeaa51a36334333c26a887c4e9cdd62,123752,False,,1160,522,RGB,quarantined_exact_duplicate,Exact pixel duplicate of canonical file data_soil_raw/Alluvial/alluvial_0160.jpg,,
data_soil_raw/Alluvial/alluvial_0389.jpg,alluvial_0389.jpg,Alluvial,01316e272d87977683c55e04fddae3a76f425ef8ab5ee7316c154c87eea60dd7,40f9d10811595264b68abe7db0e0d19fcc2b52d30afc807bb59982836e98095e,122601,False,,1160,522,RGB,quarantined_exact_duplicate,Exact pixel duplicate of canonical file data_soil_raw/Alluvial/alluvial_0161.jpg,,
data_soil_raw/Alluvial/alluvial_0390.jpg,alluvial_0390.jpg,Alluvial,8936f118a8f1dc79da7392f7512069988d9f308e25e03f8054728c2d6e1e1af7,b444fba75aa258e9773428fdade78e12daf45b38745bed4827de80673a8dac51,119200,False,,1160,522,RGB,quarantined_exact_duplicate,Exact pixel duplicate of canonical file data_soil_raw/Alluvial/alluvial_0162.jpg,,
data_soil_raw/Alluvial/alluvial_0391.jpg,alluvial_0391.jpg,Alluvial,5f65dd228aad73b9a445db3748df25265b79c0a5fd2437464e25ddc1231dfb7f,166b6bb06f66c4fe63d65819df120bb8851ff7ff72c320216c2423e9236691a2,188294,False,,1160,522,RGB,quarantined_exact_duplicate,Exact pixel duplicate of canonical file data_soil_raw/Alluvial/alluvial_0163.jpg,,
data_soil_raw/Alluvial/alluvial_0392.jpg,alluvial_0392.jpg,Alluvial,1537802aa2cd6f1df18f3505fa8a6ec36244fa3251adceff74242036f4c47331,6e1cbeefc390498fc650e326f9e278d305e7ad5590dd0f943980d013f1cb4906,188165,False,,1160,522,RGB,quarantined_exact_duplicate,Exact pixel duplicate of canonical file data_soil_raw/Alluvial/alluvial_0164.jpg,,
data_soil_raw/Alluvial/alluvial_0393.jpg,alluvial_0393.jpg,Alluvial,0fd299e6814ab28e6c7804a98b801b5f8dd8eb1cf7b34a8476e49365034f7e38,700f25b3007c30013e615f3270f0d4c662f564d3695bb2ec0bdb21cb21113b41,187906,False,,1160,522,RGB,quarantined_exact_duplicate,Exact pixel duplicate of canonical file data_soil_raw/Alluvial/alluvial_0165.jpg,,
data_soil_raw/Alluvial/alluvial_0394.jpg,alluvial_0394.jpg,Alluvial,09193d602da8edd2472ea915a7c3e6c38fe36a0c61691319cda2f16aa8405579,8ea83471cc050966774c906524aebdf32b3f1c08ac0ff94c1ce85bfca9d2bbc1,188359,False,,1160,522,RGB,quarantined_exact_duplicate,Exact pixel duplicate of canonical file data_soil_raw/Alluvial/alluvial_0166.jpg,,
data_soil_raw/Alluvial/alluvial_0395.jpg,alluvial_0395.jpg,Alluvial,04be11542344b99f0621232015c8344625d923aae52c49e015186189a6e6d2ca,7811cc4b67d9be48fcaa8d43cc8e8a96ea74cff8ab0eba4136121e7a1cc3b496,188208,False,,1160,522,RGB,quarantined_exact_duplicate,Exact pixel duplicate of canonical file data_soil_raw/Alluvial/alluvial_0167.jpg,,
data_soil_raw/Alluvial/alluvial_0396.jpg,alluvial_0396.jpg,Alluvial,24ee7e5291a85e62f3133a73baba15714a9beeed25e8173208cebf93cb69fc0a,8e418172ab60ff00dd1ee0b5569e2d5a28c5b68bed8131de72ec079b49b68ee7,120206,False,,1160,522,RGB,quarantined_exact_duplicate,Exact pixel duplicate of canonical file data_soil_raw/Alluvial/alluvial_0168.jpg,,
data_soil_raw/Alluvial/alluvial_0397.jpg,alluvial_0397.jpg,Alluvial,172a43c557c7fdf4fdf29c6ce7134c3e310f14cbd2320721889e58a399679d10,ffb31e414ba61cc8852bdf213815ae3b259db4e13b247786a53be10ff4b7582d,187827,False,,1160,522,RGB,quarantined_exact_duplicate,Exact pixel duplicate of canonical file data_soil_raw/Alluvial/alluvial_0169.jpg,,
data_soil_raw/Alluvial/alluvial_0398.jpg,alluvial_0398.jpg,Alluvial,c3c42149c2df9d6123b5c73c9464ee7a693e19b16e03bcf6a1659e2b234f7468,84613c097fc712628e11c945f81e97f5b1e9d4993a1a6c12ffbd3f66f5a06828,187886,False,,1160,522,RGB,quarantined_exact_duplicate,Exact pixel duplicate of canonical file data_soil_raw/Alluvial/alluvial_0170.jpg,,
data_soil_raw/Alluvial/alluvial_0399.jpg,alluvial_0399.jpg,Alluvial,29d013ecb24ec196b67aa1131f66e6be5e010ad98294977b1aaaf7204fa50fa6,50d0f44a97f67c8a593ef492cde49c377947764253d1c5840bf068e524be5436,188896,False,,1160,522,RGB,quarantined_exact_duplicate,Exact pixel duplicate of canonical file data_soil_raw/Alluvial/alluvial_0171.jpg,,
data_soil_raw/Alluvial/alluvial_0400.jpg,alluvial_0400.jpg,Alluvial,3a4dafb33a931b6c8790724bff4f541afa1c4ffe81bd56e032feff8f1d7c2986,2a7860b374f62623ff757240194b0cf82bc27e72e40013163269d290ec683a73,187665,False,,1160,522,RGB,quarantined_exact_duplicate,Exact pixel duplicate of canonical file data_soil_raw/Alluvial/alluvial_0172.jpg,,
data_soil_raw/Alluvial/alluvial_0401.jpg,alluvial_0401.jpg,Alluvial,5fd387670f7a605cd470c320a30bdda7b8eede2317f88bd0e5559e12f7069113,96462956ebd7ab85671f9d2bf05cc522c6b307fd884661a9701ff28f09ddd4f6,155427,False,,1160,522,RGB,quarantined_exact_duplicate,Exact pixel duplicate of canonical file data_soil_raw/Alluvial/alluvial_0173.jpg,,
data_soil_raw/Alluvial/alluvial_0402.jpg,alluvial_0402.jpg,Alluvial,1a9382937024ac83fd9a71441312e119ab9b46a003b5b3c24551b18b8610c7f2,cb308b7593521555d87b4f38971d40af210512577354d7b4c79d01974d57268a,187887,False,,1160,522,RGB,quarantined_exact_duplicate,Exact pixel duplicate of canonical file data_soil_raw/Alluvial/alluvial_0174.jpg,,
data_soil_raw/Alluvial/alluvial_0403.jpg,alluvial_0403.jpg,Alluvial,665785f88e22185a7ece2b8c354c0607d6fdec8e52f9360d7be81771b6179b34,f77cdc415fdae1dd6a20bc7fb72c281987307e5803917fc0a13adbf1b676d1c3,187311,False,,1160,522,RGB,quarantined_exact_duplicate,Exact pixel duplicate of canonical file data_soil_raw/Alluvial/alluvial_0175.jpg,,
data_soil_raw/Alluvial/alluvial_0404.jpg,alluvial_0404.jpg,Alluvial,8b85a10d185dc6990c41353e714d5df4ecb98134609f5620ea443a82182946a9,3200616d0bbd0edde0c43397569106a5cf313c35a8d65aa56025a29eb62965a8,187092,False,,1160,522,RGB,quarantined_exact_duplicate,Exact pixel duplicate of canonical file data_soil_raw/Alluvial/alluvial_0176.jpg,,
data_soil_raw/Alluvial/alluvial_0405.jpg,alluvial_0405.jpg,Alluvial,1bf692b02deb49076682bbc57d979ba11cd20657ffc431a987643bee05e52096,d875f1c994f6c1de077bdf9d9bf830e03d8afebd261ae1cc65003c34e9c8df0e,186854,False,,1160,522,RGB,quarantined_exact_duplicate,Exact pixel duplicate of canonical file data_soil_raw/Alluvial/alluvial_0177.jpg,,
data_soil_raw/Alluvial/alluvial_0406.jpg,alluvial_0406.jpg,Alluvial,9524b2b1ddb8dd5605511e1d6219f8bce4ada5da053bf45118e736c50b1c58e1,71a01fb8801c6f0db3a9785ba381f5cebe076d5c75e827d8409fe4a0cf3b3c86,155799,False,,1160,522,RGB,quarantined_exact_duplicate,Exact pixel duplicate of canonical file data_soil_raw/Alluvial/alluvial_0026.jpg,,
data_soil_raw/Alluvial/alluvial_0407.jpg,alluvial_0407.jpg,Alluvial,a554308ac2018863f0091126e9fd17461d49e570f03ad368791b035e8c1c3b74,efb7c0bc624a2c584a1eb19ad1bdf32e13c04c9ed2a05389d1fbf16ede8b52d4,186971,False,,1160,522,RGB,quarantined_exact_duplicate,Exact pixel duplicate of canonical file data_soil_raw/Alluvial/alluvial_0179.jpg,,
data_soil_raw/Alluvial/alluvial_0408.jpg,alluvial_0408.jpg,Alluvial,afe645836702f8c0353cb4528d4762ac23fdb7af1642079940b6d30aed232063,48f8232b4bc172f2fc5664ff88733482a66a625513f03407cefdf09cbad3a539,186759,False,,1160,522,RGB,quarantined_exact_duplicate,Exact pixel duplicate of canonical file data_soil_raw/Alluvial/alluvial_0180.jpg,,
data_soil_raw/Alluvial/alluvial_0409.jpg,alluvial_0409.jpg,Alluvial,e0d973738e86ee8fb4b88e9b6bae4b49ade07d53f8bc31033cbe3dfe8a3209db,0247bc5920429fb08a7c9bc3ed64f63845dc1617474ed426e635725c53d42bf7,170676,False,,1160,522,RGB,quarantined_exact_duplicate,Exact pixel duplicate of canonical file data_soil_raw/Alluvial/alluvial_0181.jpg,,
data_soil_raw/Alluvial/alluvial_0410.jpg,alluvial_0410.jpg,Alluvial,10f9c555d2bbb56b8cad4590c4a23d4065ec7a8a334f4d615c3989dfce822af2,39040431abf143c1cd32add3f90107b514ddd968e3cb44ff3abf7c061ac47268,158534,False,,1160,522,RGB,quarantined_exact_duplicate,Exact pixel duplicate of canonical file data_soil_raw/Alluvial/alluvial_0182.jpg,,
data_soil_raw/Alluvial/alluvial_0411.jpg,alluvial_0411.jpg,Alluvial,b3a66dc59ca2aaeec7df1cd08eb0c043cd4e9958e5f46e7017d85a2d869a63f3,96c14efadfae4437f6acbe7125c6b0d9ae123203af7f35145454ce69b7dcaa7d,187002,False,,1160,522,RGB,quarantined_exact_duplicate,Exact pixel duplicate of canonical file data_soil_raw/Alluvial/alluvial_0183.jpg,,
data_soil_raw/Alluvial/alluvial_0412.jpg,alluvial_0412.jpg,Alluvial,3230566fe2d7dc9fa62c25ebbf6d24fd60cb925403107ff3bf637824020cd1f0,e9b6a3d29f46fcb112aa4cf9b44fd31c87629b8146a9ab5a79238d7ba0df34c4,170751,False,,1160,522,RGB,quarantined_exact_duplicate,Exact pixel duplicate of canonical file data_soil_raw/Alluvial/alluvial_0184.jpg,,
data_soil_raw/Alluvial/alluvial_0413.jpg,alluvial_0413.jpg,Alluvial,479145a7896e9675b1e1ded7a1e4f9bddf41ca75cd47fc97bddf1a20eb1ef00c,c919dc9f39ce5239eff3d9832a04872d086faa1087822a83ac63929fa5298891,187396,False,,1160,522,RGB,quarantined_exact_duplicate,Exact pixel duplicate of canonical file data_soil_raw/Alluvial/alluvial_0185.jpg,,
data_soil_raw/Alluvial/alluvial_0414.jpg,alluvial_0414.jpg,Alluvial,feb62b2e00f3e59c1b61ae0ea217e970d77f0a06cf47a8db631b4b8cce0db195,c7c769ffdc00133d34f7bf0ab209b981806c7a9b114f4956aac486c48cadfa52,167518,False,,1160,522,RGB,quarantined_exact_duplicate,Exact pixel duplicate of canonical file data_soil_raw/Alluvial/alluvial_0186.jpg,,
data_soil_raw/Alluvial/alluvial_0415.jpg,alluvial_0415.jpg,Alluvial,29073c1b21822660815e3287583fa0870d951395c2985c13edec230dd0e7cbe3,a9dac52f45785863122533ab58de92b0ba79428fe8358f8dc168700113fff1eb,170256,False,,1160,522,RGB,quarantined_exact_duplicate,Exact pixel duplicate of canonical file data_soil_raw/Alluvial/alluvial_0187.jpg,,
data_soil_raw/Alluvial/alluvial_0416.jpg,alluvial_0416.jpg,Alluvial,5937e9c9be6f592b2758a9f21dd62829469597d30c648d37dbb04261cf5ce9b1,89d9b03535c3309c2d23487b8f912b178a157086fa45b76a432b63956a788077,170920,False,,1160,522,RGB,quarantined_exact_duplicate,Exact pixel duplicate of canonical file data_soil_raw/Alluvial/alluvial_0188.jpg,,
data_soil_raw/Alluvial/alluvial_0417.jpg,alluvial_0417.jpg,Alluvial,593661a1380aee42a28c5af86fe2644fdd92973a4a781c2691c6fee038ea7da5,130040398cd9ea788684ff2beb255701fec06d9eed2b233bd9a9377b1ca1abf9,170235,False,,1160,522,RGB,quarantined_exact_duplicate,Exact pixel duplicate of canonical file data_soil_raw/Alluvial/alluvial_0189.jpg,,
data_soil_raw/Alluvial/alluvial_0418.jpg,alluvial_0418.jpg,Alluvial,8fb8cc19386f0100819221a50275e75f14bc6bd7b9808e4c8b533c5bb2bb3d99,f1451bbd64bd40e5057b905931c06b34f03f97e9e5e7c7053f7fcf645f451965,167628,False,,1160,522,RGB,quarantined_exact_duplicate,Exact pixel duplicate of canonical file data_soil_raw/Alluvial/alluvial_0190.jpg,,
data_soil_raw/Alluvial/alluvial_0419.jpg,alluvial_0419.jpg,Alluvial,d92b78d41ad6c97f771fb339a5ad353d9fe793c2dd784f64fc53a9b0a015dd96,494b84636489a16d464402bec370992c62bfa5e31188e57257f28d5944ce0c86,168444,False,,1160,522,RGB,quarantined_exact_duplicate,Exact pixel duplicate of canonical file data_soil_raw/Alluvial/alluvial_0191.jpg,,
data_soil_raw/Alluvial/alluvial_0420.jpg,alluvial_0420.jpg,Alluvial,1091c0d16b5b9f830cba964791903c996a4b155e265fbff5567dc063e363291e,6bd7710b7bd7353e8ff0cc820569b370bacbd3613fdc93a61f4eff4e9fdc46d8,167939,False,,1160,522,RGB,quarantined_exact_duplicate,Exact pixel duplicate of canonical file data_soil_raw/Alluvial/alluvial_0192.jpg,,
data_soil_raw/Alluvial/alluvial_0421.jpg,alluvial_0421.jpg,Alluvial,4ea7763fde8188c3c8a81b068879caad59c30e7de2db09526cf250dc7dab9dba,778696b556df2b323ddca58e3ca5560f3de97a6d86e0ecd2788eb7f002a826e9,170654,False,,1160,522,RGB,quarantined_exact_duplicate,Exact pixel duplicate of canonical file data_soil_raw/Alluvial/alluvial_0193.jpg,,
data_soil_raw/Alluvial/alluvial_0422.jpg,alluvial_0422.jpg,Alluvial,bdcba15ad4abfd0d08e9cf1cefe2e61a67fd73116324d43ffc631672b1c2969d,cbcb6dc92ac4b0f5cbfddffba88ec7f5b00638cdc705c634d791d37601256d40,167377,False,,1160,522,RGB,quarantined_exact_duplicate,Exact pixel duplicate of canonical file data_soil_raw/Alluvial/alluvial_0194.jpg,,
data_soil_raw/Alluvial/alluvial_0423.jpg,alluvial_0423.jpg,Alluvial,1ca32609f7276471ae2c117d311f4876542479752116a1812b042cc43b96b19b,6d4d4b4758b448aa5eb1baae5463a0410d43b1956fed3d485a225878e77f6cb2,58635,False,,419,419,RGB,quarantined_exact_duplicate,Exact pixel duplicate of canonical file data_soil_raw/Alluvial/alluvial_0195.jpg,,
data_soil_raw/Alluvial/alluvial_0424.jpg,alluvial_0424.jpg,Alluvial,01120f24c1e3b9fb2db09a1f910664c80f8b710e07ee337ad84aab646123584e,5461f58c25de357d7dcc088aae1b176c880c6b6b904eb1a470b160b54e0f456f,69481,False,,728,728,RGB,quarantined_exact_duplicate,Exact pixel duplicate of canonical file data_soil_raw/Alluvial/alluvial_0196.jpg,,
data_soil_raw/Alluvial/alluvial_0425.jpg,alluvial_0425.jpg,Alluvial,003981f6349c6fbf04a51d973cbc4a0598b6ef0fba411ab8d02222ddd04a04c7,9dabe416327fdf9ab1fc2f65b84d9eb188b6f98ab9f50de6ddfa03a95404c36f,42386,False,,728,728,RGB,quarantined_exact_duplicate,Exact pixel duplicate of canonical file data_soil_raw/Alluvial/alluvial_0197.jpg,,
data_soil_raw/Alluvial/alluvial_0426.jpg,alluvial_0426.jpg,Alluvial,403fc9067b69e2af6f58630538b985592235bfe0d3d53bd90236ae567a337a1b,f9525c60217a559360a83a880ef3ce5f43c2e6e0584c7912c304ef4d91e25544,42467,False,,728,728,RGB,quarantined_exact_duplicate,Exact pixel duplicate of canonical file data_soil_raw/Alluvial/alluvial_0198.jpg,,
data_soil_raw/Alluvial/alluvial_0427.jpg,alluvial_0427.jpg,Alluvial,bfa8c30585b5ce6405cd02148f824b404af86e82e83008c83156853a29410dea,8410995061f3b0beb368ae98b67c4fc46dd7f9fc281a9b0edc6f97b99f301dbe,69445,False,,728,728,RGB,quarantined_exact_duplicate,Exact pixel duplicate of canonical file data_soil_raw/Alluvial/alluvial_0199.jpg,,
data_soil_raw/Alluvial/alluvial_0428.jpg,alluvial_0428.jpg,Alluvial,5d37fc2d56f9e161ff7c556be16eb8539ee37d4e4a7213edfae6abcb749d5307,67804bfc3a38e3169a4f8319ad74e87d914cbfe1297ac640c04de2c8acf669db,42617,False,,728,728,RGB,quarantined_exact_duplicate,Exact pixel duplicate of canonical file data_soil_raw/Alluvial/alluvial_0200.jpg,,
data_soil_raw/Alluvial/alluvial_0429.jpg,alluvial_0429.jpg,Alluvial,67da6bd3c95c78cf13de8bc607bd0cafcd6aa71a6aef7a7a858976284b457a69,e4a2bd4464f2743266ef7798fbe12478b2671882de1dd7cc0250b82b460175ee,42632,False,,728,728,RGB,quarantined_exact_duplicate,Exact pixel duplicate of canonical file data_soil_raw/Alluvial/alluvial_0201.jpg,,
data_soil_raw/Alluvial/alluvial_0430.jpg,alluvial_0430.jpg,Alluvial,2bc0157fc86ecf23953f751d0afe138b53f2ceb8abc9228b693fbf5c4e532924,b0979c9359104fa99005c620596f9a7afc17786233d3c47ddae2770f6475922c,69114,False,,728,728,RGB,quarantined_exact_duplicate,Exact pixel duplicate of canonical file data_soil_raw/Alluvial/alluvial_0202.jpg,,
data_soil_raw/Alluvial/alluvial_0431.jpg,alluvial_0431.jpg,Alluvial,5a9cd71b25706d3fe9246ed1f65cf14c09097dfe18c0bb00480d58c3c2e0e679,f3cc92c8e6cfbacdb507436e4ff4a69c322cd18c61036cb86524c0bcb8e20fcc,63166,False,,728,728,RGB,quarantined_exact_duplicate,Exact pixel duplicate of canonical file data_soil_raw/Alluvial/alluvial_0203.jpg,,
data_soil_raw/Alluvial/alluvial_0432.jpg,alluvial_0432.jpg,Alluvial,c91fa5a657fad7ed1b07dd47f8ec3f4c68569b7af04002745a849e9f756883b7,2ac59d94222316a609cfc916c791c4929c7cd890ba51a7e2e8cfbcdd417a234f,38340,False,,728,728,RGB,quarantined_exact_duplicate,Exact pixel duplicate of canonical file data_soil_raw/Alluvial/alluvial_0204.jpg,,
data_soil_raw/Alluvial/alluvial_0433.jpg,alluvial_0433.jpg,Alluvial,c37048b5a7051c7d278a59839c9cf883d2b3f56a9ffd424506f1e3db640aabeb,16d818565ddf3f725ad614952fcebc6d13615fa0b0d6d631e5f87eb1fe5a439d,38559,False,,728,728,RGB,quarantined_exact_duplicate,Exact pixel duplicate of canonical file data_soil_raw/Alluvial/alluvial_0205.jpg,,
data_soil_raw/Alluvial/alluvial_0434.jpg,alluvial_0434.jpg,Alluvial,00c6ea069acc684d8145b0ee49a5cc9c83320ec9ef9e81164d9ff42a9c267ea5,91b459481d94bcd9689aaae4979bf515376dbac7e064a852a054d482ebfa0e0a,63210,False,,728,728,RGB,quarantined_exact_duplicate,Exact pixel duplicate of canonical file data_soil_raw/Alluvial/alluvial_0206.jpg,,
data_soil_raw/Alluvial/alluvial_0435.jpg,alluvial_0435.jpg,Alluvial,0976bb28640fd2b1430a6a9ab48e0ecf379b15f03207634967ac0c169dc4380c,5cae1751a2b7c8386fc78fae98bb5740a6881366e92fafe5474afbdccec91d6c,38511,False,,728,728,RGB,quarantined_exact_duplicate,Exact pixel duplicate of canonical file data_soil_raw/Alluvial/alluvial_0207.jpg,,
data_soil_raw/Alluvial/alluvial_0436.jpg,alluvial_0436.jpg,Alluvial,f09b506cc2292651da680aad1dc6de118fe6d2ad321f648f4e96b8d40e54f57f,0eeda207920ae24a87abccd5759df65b9717d1ea0562bed6b4007991fcbd0a19,38696,False,,728,728,RGB,quarantined_exact_duplicate,Exact pixel duplicate of canonical file data_soil_raw/Alluvial/alluvial_0208.jpg,,
data_soil_raw/Alluvial/alluvial_0437.jpg,alluvial_0437.jpg,Alluvial,bbd002eeeeb0f5f9bec10b554a9b5b473c688a2a3655c0dbe761e507abe64101,a3e44125ce46f920822c1b07e71ee8984ab2fbc3874d2b553c9a9fc5c9daa426,62938,False,,728,728,RGB,quarantined_exact_duplicate,Exact pixel duplicate of canonical file data_soil_raw/Alluvial/alluvial_0036.jpg,,
data_soil_raw/Alluvial/alluvial_0438.jpg,alluvial_0438.jpg,Alluvial,6b1ee3b37974034300c699718f02309bb258db68f60ea91205d16a2e90ed33b9,f532a26457b7df57deee44b02a06d2e5c587331981b399ca5b2459fe21b3cbe2,54039,False,,728,728,RGB,quarantined_exact_duplicate,Exact pixel duplicate of canonical file data_soil_raw/Alluvial/alluvial_0210.jpg,,
data_soil_raw/Alluvial/alluvial_0439.jpg,alluvial_0439.jpg,Alluvial,d481bc6666ff20aee5a3de17f63308e856dd0d70f2efa863dc440f70b273c29b,884acf56d630c7491f6092e02250ea9e017089c97f0187fe8108dde00660e844,30987,False,,728,728,RGB,quarantined_exact_duplicate,Exact pixel duplicate of canonical file data_soil_raw/Alluvial/alluvial_0037.jpg,,
data_soil_raw/Alluvial/alluvial_0440.jpg,alluvial_0440.jpg,Alluvial,5da19d8b1c8ff76ef3bca92a08fe0ae06293d6afc1493496cd682884ee36c50d,348969c13089608ba5dc421cf019cd616f79c4b4a654670b7f085d6913c2af49,30962,False,,728,728,RGB,quarantined_exact_duplicate,Exact pixel duplicate of canonical file data_soil_raw/Alluvial/alluvial_0038.jpg,,
data_soil_raw/Alluvial/alluvial_0441.jpg,alluvial_0441.jpg,Alluvial,40968288e39227aa47d2e08fa131eff50c699e0349b2270c7e282574fcd4041a,a8d5cade21e607937dec4bff23f7cce8e77202dd92bee9ba84da60d4eb8d3dd3,53976,False,,728,728,RGB,quarantined_exact_duplicate,Exact pixel duplicate of canonical file data_soil_raw/Alluvial/alluvial_0039.jpg,,
data_soil_raw/Alluvial/alluvial_0442.jpg,alluvial_0442.jpg,Alluvial,786acb87646dd57b9b04f9b99b68d9d228c1ce609e768b2a1368f6cc64533c8f,faeb0c1a1e0e27083749403fdf8aa84b9bf0b1f38b2bc3340f5a9123ef3b8f01,31098,False,,728,728,RGB,quarantined_exact_duplicate,Exact pixel duplicate of canonical file data_soil_raw/Alluvial/alluvial_0214.jpg,,
data_soil_raw/Alluvial/alluvial_0443.jpg,alluvial_0443.jpg,Alluvial,ac753a74c7ea2850a3dc1a02be840386afa595907571bace9961bb1e1fd2e69b,ab079c47120118e20ee5089464cac1b9d463742d5881ad08e3d77a7e0b0c3433,30973,False,,728,728,RGB,quarantined_exact_duplicate,Exact pixel duplicate of canonical file data_soil_raw/Alluvial/alluvial_0215.jpg,,
data_soil_raw/Alluvial/alluvial_0444.jpg,alluvial_0444.jpg,Alluvial,b76faae8edb65b4df6d9aeaf34f6b7b756ed42714b84655d0d3180b14a8c573e,547fa7409ab212837ab725e3cd200973e925924f3e7c717529bd7655701691a8,54011,False,,728,728,RGB,quarantined_exact_duplicate,Exact pixel duplicate of canonical file data_soil_raw/Alluvial/alluvial_0216.jpg,,
data_soil_raw/Alluvial/alluvial_0445.jpg,alluvial_0445.jpg,Alluvial,05a64063eee3f987100715fce21ebb36f3691c64ce72935283b7e31b5b1c91bd,cd6cd31f4fc7fd4c2856238dc0ab6dfa213c7b55b170059fc66d41c7c2c62851,68276,False,,728,728,RGB,quarantined_exact_duplicate,Exact pixel duplicate of canonical file data_soil_raw/Alluvial/alluvial_0217.jpg,,
data_soil_raw/Alluvial/alluvial_0446.jpg,alluvial_0446.jpg,Alluvial,7e043ac78c7216cdee757c591bba0781707f6edb568e52c3657a628988409327,44b214e71f82fb5461572e3da027e0a1164131e52cc3ac5f62631e02db8da69e,41412,False,,728,728,RGB,quarantined_exact_duplicate,Exact pixel duplicate of canonical file data_soil_raw/Alluvial/alluvial_0218.jpg,,
data_soil_raw/Alluvial/alluvial_0447.jpg,alluvial_0447.jpg,Alluvial,37d5fbdb733460261fd8edf0606e6633f7c3cf6ec91a19a80df32cc48ee8e13c,c499d055b2a2b3929d58041cf1936bffa1fef5c2fb038bafc00ae55fa6786ec2,41694,False,,728,728,RGB,quarantined_exact_duplicate,Exact pixel duplicate of canonical file data_soil_raw/Alluvial/alluvial_0219.jpg,,
data_soil_raw/Alluvial/alluvial_0448.jpg,alluvial_0448.jpg,Alluvial,4e240821da50fbc65dc54d4f64cfd1fdb89e3af88eae801ac1d8fb926b2fd336,d70ec26ba1bd2d571906cb2b782b29b65cdfa0dd2ead4353d5903aa97aeed144,68343,False,,728,728,RGB,quarantined_exact_duplicate,Exact pixel duplicate of canonical file data_soil_raw/Alluvial/alluvial_0220.jpg,,
data_soil_raw/Alluvial/alluvial_0449.jpg,alluvial_0449.jpg,Alluvial,189483a2e7a4996bf6eaf25bedd6b931e5c544eee053533c3087369593e4a862,101f6be80106ccc96280c53b480f451fea05ae605f83f778676f94a93890a030,41819,False,,728,728,RGB,quarantined_exact_duplicate,Exact pixel duplicate of canonical file data_soil_raw/Alluvial/alluvial_0221.jpg,,
data_soil_raw/Alluvial/alluvial_0450.jpg,alluvial_0450.jpg,Alluvial,b297d4f9908c90751aed42626250ac4474753a713b8d246bbc8a9d96438810c8,55ddcea07fc132dda2b117740fbc6f664cf2fef0734a3952a12a4285170f11aa,41638,False,,728,728,RGB,quarantined_exact_duplicate,Exact pixel duplicate of canonical file data_soil_raw/Alluvial/alluvial_0222.jpg,,
data_soil_raw/Alluvial/alluvial_0451.jpg,alluvial_0451.jpg,Alluvial,d118dd594a09631a111a8dfff8c87af7039eb87723be4f058b97193761d17eb0,de6914fc74a292e1cca8902c8bfbb62ea229e4d24e17f772cf77e400b6de49ed,67527,False,,728,728,RGB,quarantined_exact_duplicate,Exact pixel duplicate of canonical file data_soil_raw/Alluvial/alluvial_0040.jpg,,
data_soil_raw/Alluvial/alluvial_0452.jpg,alluvial_0452.jpg,Alluvial,62845499f26a902c326ceae3825cc4a436ab14028929070ea1c9ef33d4f9ca38,9a5f7d09a669ec741ebe034643a674adae10d165bd0cc24e9f4a31d7ed786ff1,53355,False,,640,425,RGB,quarantined_exact_duplicate,Exact pixel duplicate of canonical file data_soil_raw/Alluvial/alluvial_0224.jpg,,
data_soil_raw/Alluvial/alluvial_0453.jpg,alluvial_0453.jpg,Alluvial,b2547d49ee8296525ca488e6f1e1a50fbf685e026d714800641de8aa52e7d746,bc8f148c4d5f4615d5ddd771d2e7cbd556f620379054562f1c94be15764b7499,453394,False,,1300,956,RGB,quarantined_exact_duplicate,Exact pixel duplicate of canonical file data_soil_raw/Alluvial/alluvial_0225.jpg,,
data_soil_raw/Alluvial/alluvial_0454.jpeg,alluvial_0454.jpeg,Alluvial,8a74ba2b39bbfadad5792f94122211e7d5f19630fb8761c287df512c4017ab51,f5cb7ab42e9a0bc25d71652aa63b9403739d17b4ae839d8e821ce1cb673179b4,44119,False,,300,299,RGB,quarantined_exact_duplicate,Exact pixel duplicate of canonical file data_soil_raw/Alluvial/alluvial_0226.jpeg,,
data_soil_raw/Alluvial/alluvial_0455.jpeg,alluvial_0455.jpeg,Alluvial,57eb2e1573397ac6a5cb552ab660f519a78081664022cda858087fc873b0428e,cbe5184b8d8ede9a17333b90624d3a77390aa56e93ed0c28fdc0423d3e05e6b9,83493,False,,416,382,RGB,quarantined_exact_duplicate,Exact pixel duplicate of canonical file data_soil_raw/Alluvial/alluvial_0227.jpeg,,
data_soil_raw/Alluvial/alluvial_0456.png,alluvial_0456.png,Alluvial,cf939176a5126934cb61b3fa85c8e00d3a8a86ae8d6df3e7132d74c88bf6af3f,934a5b33cea2f5ff8d26d3941b5931a11c10041bd32cb0189b3c67b3c7d86a04,413464,False,,563,260,RGBA,clean_retained,,train,data_soil/train/Alluvial/alluvial_0102.jpg
data_soil_raw/Alluvial/alluvial_0457.jpg,alluvial_0457.jpg,Alluvial,53494f3d0a2e2b6a60bdbc572f5eb0abff32edce421b6641aada1b11965f8989,441c0c96d1ffea61159cb0bc600a4203af999e22c0a72621bc4a59045191d821,595910,False,,1200,675,RGB,quarantined_exact_duplicate,Exact pixel duplicate of canonical file data_soil_raw/Alluvial/alluvial_0027.jpg,,
data_soil_raw/Alluvial/alluvial_0458.jpg,alluvial_0458.jpg,Alluvial,59545f1f5208de892cd32dce15896d54f62696115594ad4252090bc67156b135,96edf22f1b636a735f3e620e144146e38ff307627c2f620282891945ad40c890,302853,False,,1300,956,RGB,quarantined_exact_duplicate,Exact pixel duplicate of canonical file data_soil_raw/Alluvial/alluvial_0028.jpg,,
data_soil_raw/Alluvial/alluvial_0459.jpg,alluvial_0459.jpg,Alluvial,ccf1809efa79a7ac2ab7670aca5c9eb615b4737868f170ed6db423a438dc94c3,8dc5238aef46b5b622b1884bf4a08a510979c2f87e054e0be2ba7e5bf571532e,24571,False,,373,280,RGB,quarantined_exact_duplicate,Exact pixel duplicate of canonical file data_soil_raw/Alluvial/alluvial_0029.jpg,,
data_soil_raw/Alluvial/alluvial_0460.jpeg,alluvial_0460.jpeg,Alluvial,d673a49c2bb372a401db118274d46b6e8dd59530c5dff8a9bd7e63ad0db280f8,d17de62aa8342d3c2229c51a582970fe5ce6dc6dca9d7b32d33363403fdc2ce5,3183,False,,100,100,RGB,quarantined_exact_duplicate,Exact pixel duplicate of canonical file data_soil_raw/Alluvial/alluvial_0030.jpeg,,
data_soil_raw/Alluvial/alluvial_0461.jpeg,alluvial_0461.jpeg,Alluvial,67a630c61b85ed4285fa7a10f67012ad0daab0d34d24e3aabe1b11b54537de17,b09aa9a55ec3615d96c7fcac086115b421d91ea394abc5395d522e64687c1ca9,19684,False,,266,190,RGB,quarantined_exact_duplicate,Exact pixel duplicate of canonical file data_soil_raw/Alluvial/alluvial_0232.jpeg,,
data_soil_raw/Alluvial/alluvial_0462.jpeg,alluvial_0462.jpeg,Alluvial,e1e34c0443aa2389dd75dd2fd37c9a60acca4cce55dad406d3bd3431f45fcb88,bf03495b2cb0153085c53ee166766415284ad00b57751c9ebeac6905945f84de,11454,False,,234,215,RGB,quarantined_exact_duplicate,Exact pixel duplicate of canonical file data_soil_raw/Alluvial/alluvial_0233.jpeg,,
data_soil_raw/Alluvial/alluvial_0463.jpeg,alluvial_0463.jpeg,Alluvial,156432af2e15d9928bd1136224bd343a456996f77520656882645886dac9353a,d9014a2b3e72566d23d07038b323f0e30717cc28f1a09446c895d5b5c9b0fe3e,13416,False,,330,153,RGB,quarantined_exact_duplicate,Exact pixel duplicate of canonical file data_soil_raw/Alluvial/alluvial_0041.jpeg,,
data_soil_raw/Alluvial/alluvial_0464.jpeg,alluvial_0464.jpeg,Alluvial,b77d1e4343c5425a7082f57c33ba528307da7571d89c440f1d3f9a99ec37a432,3421b9bd6c8c0dbad303a9ad0b076f07c58265038ee8e3f479fc458b77f19036,16108,False,,255,197,RGB,quarantined_exact_duplicate,Exact pixel duplicate of canonical file data_soil_raw/Alluvial/alluvial_0042.jpeg,,
data_soil_raw/Alluvial/alluvial_0465.jpeg,alluvial_0465.jpeg,Alluvial,b1173393e47ea39c1b8993045ec846884d8f7fae5a346c86a57b9147d02a8542,5fc0a57f03924ad451453c6a90f34d15fdfda02e15cac5ed0617f5fcded2b302,12249,False,,319,158,RGB,quarantined_exact_duplicate,Exact pixel duplicate of canonical file data_soil_raw/Alluvial/alluvial_0031.jpeg,,
data_soil_raw/Alluvial/alluvial_0466.jpeg,alluvial_0466.jpeg,Alluvial,2676113fc55968b4f04cf2cc0e61186a83480a55c5f358d68a5ee0d3894a7c25,dc7d79c498ac5b2422817d96de15323dd63b018a9c404f2887184ad902bcfacc,14956,False,,262,192,RGB,quarantined_exact_duplicate,Exact pixel duplicate of canonical file data_soil_raw/Alluvial/alluvial_0032.jpeg,,
data_soil_raw/Alluvial/alluvial_0467.jpeg,alluvial_0467.jpeg,Alluvial,a8fc3e7df7894e0eb78554bed55d3acf5dc58f1bd78e7e973602d225f775e0c6,f424e546f7b112894a9b3ea88f501ce5ad5052e36fbc94ac5ed19151e26be421,12195,False,,300,168,RGB,quarantined_exact_duplicate,Exact pixel duplicate of canonical file data_soil_raw/Alluvial/alluvial_0238.jpeg,,
data_soil_raw/Alluvial/alluvial_0468.jpeg,alluvial_0468.jpeg,Alluvial,d369b79683e251bf72ca09f40f7c019785a81ba7e7367d16131999ce8bcec88d,95a7bfc50dff4ec60cc11d1d973b01bb826146c74e7b5fd8bb6d5d25e70f1bf9,12429,False,,276,183,RGB,quarantined_exact_duplicate,Exact pixel duplicate of canonical file data_soil_raw/Alluvial/alluvial_0239.jpeg,,
data_soil_raw/Alluvial/alluvial_0469.jpeg,alluvial_0469.jpeg,Alluvial,8c992cb0f7fa550f8c1cabcbae012d4650effef381db04d347b850f1454ad575,23dcca42e30216f3a17cb6bd7488ca312a214ceb214725e15fe872b6e735adae,2474,False,,100,100,RGB,quarantined_exact_duplicate,Exact pixel duplicate of canonical file data_soil_raw/Alluvial/alluvial_0240.jpeg,,
data_soil_raw/Alluvial/alluvial_0470.jpeg,alluvial_0470.jpeg,Alluvial,9a24cd0077b7ca5d2cc43af2e220bf4e6371065907854c2495725297ad33b1cb,535d62999a79bad044c8fd801804a22e1df5c6ce71677975ef65cc69bed7ed89,13409,False,,270,186,RGB,quarantined_exact_duplicate,Exact pixel duplicate of canonical file data_soil_raw/Alluvial/alluvial_0241.jpeg,,
data_soil_raw/Alluvial/alluvial_0471.jpeg,alluvial_0471.jpeg,Alluvial,86286535fcae81607b9a94f221e11aacd7b9825113ca0c30084ecac179a6adc5,14c6e5d742689576cfef4dd9c45a980510075bd0d94db164de182f697f377e14,7902,False,,274,184,RGB,quarantined_exact_duplicate,Exact pixel duplicate of canonical file data_soil_raw/Alluvial/alluvial_0242.jpeg,,
data_soil_raw/Alluvial/alluvial_0472.jpeg,alluvial_0472.jpeg,Alluvial,d4954914dd47864432ae6f87a0f5d486538415ac230bc0fc9bb04a62eb679c9b,123f92fc1edc9f5e7c7126aa9cb40d62a8a4716eba935ddbd350b48c8451a20a,4520,False,,100,100,RGB,quarantined_exact_duplicate,Exact pixel duplicate of canonical file data_soil_raw/Alluvial/alluvial_0044.jpeg,,
data_soil_raw/Alluvial/alluvial_0473.jpeg,alluvial_0473.jpeg,Alluvial,493efdfee090157ddb7f010b99e9b89051c41d1f9d0305f7042e3c8e8318af7f,4eac75e89980c70287d2095c592defbb429dc155ce80096dc49394bebb9e9784,10138,False,,225,224,RGB,quarantined_exact_duplicate,Exact pixel duplicate of canonical file data_soil_raw/Alluvial/alluvial_0244.jpeg,,
data_soil_raw/Alluvial/alluvial_0474.jpeg,alluvial_0474.jpeg,Alluvial,93707b3daa2f6bebc91758041291a7b67f12a4f7c8d08ce3bc2c139127c08e28,6e796464fb287329855c9a9f93dfd77f34b856fa16beb550f42f68077ecb40c0,2999,False,,100,100,RGB,quarantined_exact_duplicate,Exact pixel duplicate of canonical file data_soil_raw/Alluvial/alluvial_0033.jpeg,,
data_soil_raw/Alluvial/alluvial_0475.jpeg,alluvial_0475.jpeg,Alluvial,fb274404601f9858559a4aafffb863bdb14615aa4c5ed1ba24e0bdd8a3f5e973,c0ce5d71e66d31083a85f4eed7e14b8cc2c5ca070da8032f688d2fd28a511993,3305,False,,100,100,RGB,quarantined_exact_duplicate,Exact pixel duplicate of canonical file data_soil_raw/Alluvial/alluvial_0046.jpeg,,
data_soil_raw/Alluvial/alluvial_0476.jpeg,alluvial_0476.jpeg,Alluvial,743c8dbe628cb3e4ec7583194a59855153d61e8e28fa25d35f952a29efbe742e,3ca8d445556861015cb9f9baf6bbe8e3378a89736f0a216247806b790499a0bf,4313,False,,100,100,RGB,quarantined_exact_duplicate,Exact pixel duplicate of canonical file data_soil_raw/Alluvial/alluvial_0247.jpeg,,
data_soil_raw/Alluvial/alluvial_0477.jpg,alluvial_0477.jpg,Alluvial,14614f59667151f66a5c397b8114ce28ddd6ae7e2f5bbfb414b2a14c22493eea,609a91aa89c530c42b7dacb2c9b4e8cce26e963233a8368c6c68e8ae6378af7f,10746,False,,259,194,RGB,quarantined_exact_duplicate,Exact pixel duplicate of canonical file data_soil_raw/Alluvial/alluvial_0248.jpg,,
data_soil_raw/Alluvial/alluvial_0478.jpg,alluvial_0478.jpg,Alluvial,e834f4012f19b0385fc11c11e75f3d792c322a6d19fcfe72ee3b8c4484923eb0,8d12fa4fffb5ddedbf5973036e0c0c921c77f82c931dfd7e3d42bc7fa6ead788,13093,False,,275,183,RGB,quarantined_exact_duplicate,Exact pixel duplicate of canonical file data_soil_raw/Alluvial/alluvial_0249.jpg,,
data_soil_raw/Alluvial/alluvial_0479.jpg,alluvial_0479.jpg,Alluvial,0b7538c763e01a2161811186f6d2d5ed236260fbeac80d1eea5cb4f39b448b47,df1543f21a0f0e53a9947886ce2ddb1960536de6316b526eb929b11b4717a4cc,18673,False,,275,183,RGB,quarantined_exact_duplicate,Exact pixel duplicate of canonical file data_soil_raw/Alluvial/alluvial_0250.jpg,,
data_soil_raw/Alluvial/alluvial_0480.jpg,alluvial_0480.jpg,Alluvial,d813965ac9f00ee5e6098b43fc0a3821ef9d223c8a35dadbc7078ed94897686f,70559d876c2d64ee8fdefaf9e459139f63fa5ea27320b36dc3650a2df09b8182,16954,False,,321,157,RGB,quarantined_exact_duplicate,Exact pixel duplicate of canonical file data_soil_raw/Alluvial/alluvial_0252.jpg,,
data_soil_raw/Alluvial/alluvial_0481.jpg,alluvial_0481.jpg,Alluvial,743c8dbe628cb3e4ec7583194a59855153d61e8e28fa25d35f952a29efbe742e,3ca8d445556861015cb9f9baf6bbe8e3378a89736f0a216247806b790499a0bf,4313,False,,100,100,RGB,quarantined_exact_duplicate,Exact pixel duplicate of canonical file data_soil_raw/Alluvial/alluvial_0247.jpeg,,
data_soil_raw/Alluvial/alluvial_0482.jpg,alluvial_0482.jpg,Alluvial,a528ea7d13886ab69011d36cd5235c9eb92069f5ac6cb94c36499cc2b77d293e,943356ea3e501fa499fc0d92b7c893fb206f81aa8c139a97803126e81ab6fd4f,17779,False,,259,194,RGB,quarantined_exact_duplicate,Exact pixel duplicate of canonical file data_soil_raw/Alluvial/alluvial_0254.jpg,,
data_soil_raw/Alluvial/alluvial_0483.jpg,alluvial_0483.jpg,Alluvial,ec799f580959eaa8f881d42e19703cd6a23b54f988da653af53c1a0aa3f5c5f5,ba18906a0e4fa5d8683c41f358bba2fd25161b0dd0bf1b4c90ebfcbcf05fe637,3612,False,,100,100,RGB,quarantined_exact_duplicate,Exact pixel duplicate of canonical file data_soil_raw/Alluvial/alluvial_0255.jpg,,
data_soil_raw/Alluvial/alluvial_0484.jpg,alluvial_0484.jpg,Alluvial,e2fdfc220d812b28f2a26a3502aefdbde67c8d4c178b2487190c8630a4c32625,3d2fb31155a0a70836903eed44b19968adcc2ccc7fda4fb96b699039b4cb8bd6,2466,False,,100,100,RGB,quarantined_exact_duplicate,Exact pixel duplicate of canonical file data_soil_raw/Alluvial/alluvial_0256.jpg,,
data_soil_raw/Alluvial/alluvial_0485.jpg,alluvial_0485.jpg,Alluvial,861c1388eee61e4b48f2b900671d5e6caee064cd97dcc4931bbf28271d86c4ea,da031c08fd356ef6f0696b1fb89350e7a4cb098057bece57f90df82e21d5b03e,13449,False,,276,183,RGB,quarantined_exact_duplicate,Exact pixel duplicate of canonical file data_soil_raw/Alluvial/alluvial_0257.jpg,,
data_soil_raw/Alluvial/alluvial_0486.jpg,alluvial_0486.jpg,Alluvial,62a7d983deb4113ff28dfa2282e735e4eeeba995c8c9ac20d4a4b3683632d548,6e8f42e1a4034ecca9c79deed5c9498e887594c3d1c5acc32b4145a7f68cade9,10962,False,,310,163,RGB,quarantined_exact_duplicate,Exact pixel duplicate of canonical file data_soil_raw/Alluvial/alluvial_0258.jpg,,
data_soil_raw/Alluvial/alluvial_0487.jpg,alluvial_0487.jpg,Alluvial,a6683b0e19818ebcc51d3e60a9c663ec31bfa1372e365c47df0528435564b8a7,8b56f164e7f1b7e823ce44ec0d1cfd24f9233ffd724eba835602601c790fb8f4,16998,False,,275,183,RGB,quarantined_exact_duplicate,Exact pixel duplicate of canonical file data_soil_raw/Alluvial/alluvial_0047.jpg,,
data_soil_raw/Alluvial/alluvial_0488.jpg,alluvial_0488.jpg,Alluvial,938406132f781e2a3b6f343a00d8517bf55e7da44ada4ecb903542a90eb6064f,0bd57f8ecba7235d5e3bbf9b56c1ec3bb7514520c90967d86ef2d931f8291521,16737,False,,225,225,RGB,quarantined_exact_duplicate,Exact pixel duplicate of canonical file data_soil_raw/Alluvial/alluvial_0260.jpg,,
data_soil_raw/Alluvial/alluvial_0489.jpg,alluvial_0489.jpg,Alluvial,a1a04f5f234af14005e361a9a3488853e11de5940986138e1c2e4339837d2036,e0f2545a52b721e2d238ae470d8a0bc7ad2ffbca58801f779dbdf7f1177f4a7f,3884,False,,100,100,RGB,quarantined_exact_duplicate,Exact pixel duplicate of canonical file data_soil_raw/Alluvial/alluvial_0048.jpg,,
data_soil_raw/Alluvial/alluvial_0490.jpg,alluvial_0490.jpg,Alluvial,7675eab02571042f65df8ac885e4a580518ec23116631ce7ebb961790b876e62,27a790274fcbfb6d1a7770f834741cf8ed7926b2788acac9a1db97855c9f2c5c,15077,False,,319,158,RGB,quarantined_exact_duplicate,Exact pixel duplicate of canonical file data_soil_raw/Alluvial/alluvial_0262.jpg,,
data_soil_raw/Alluvial/alluvial_0491.jpg,alluvial_0491.jpg,Alluvial,329bba7968cff43609a332694c31cff26a2ba5c5075b213d5d86662c64c2f585,9ffbdb714649a0b7b8d0475d4a26a3c6ddf91249f36da09761e8611a06dff673,10382,False,,225,225,RGB,quarantined_exact_duplicate,Exact pixel duplicate of canonical file data_soil_raw/Alluvial/alluvial_0263.jpg,,
data_soil_raw/Alluvial/alluvial_0492.jpg,alluvial_0492.jpg,Alluvial,fe493bcc51cef7edc4e0c17fff9b6430f5f244bf1da7b272c0f3a5d23db885b3,89a804f2538e10c592119007a66e40d7324a3928758cd382d1bc02229de4657e,14450,False,,225,225,RGB,quarantined_exact_duplicate,Exact pixel duplicate of canonical file data_soil_raw/Alluvial/alluvial_0264.jpg,,
data_soil_raw/Alluvial/alluvial_0493.jpg,alluvial_0493.jpg,Alluvial,42eadcc60f4299abab6aa84843dfc42c9bca412cbcc1b3228ca70621d2c12158,569f3233d538f11f2fd534570c828417cf78b35968390daed99c18320af24312,1789522,False,,1500,1101,RGB,quarantined_exact_duplicate,Exact pixel duplicate of canonical file data_soil_raw/Alluvial/alluvial_0034.jpg,,
data_soil_raw/Alluvial/alluvial_0494.jpg,alluvial_0494.jpg,Alluvial,8516bb6b45d83e3ad89788b6dea9de5bbd6aede0850db57a066858c1abc986c0,53aac32e1c200971c2e28d6e5a07744c3c4130172b836cd3f9c8b269c27d5462,201652,False,,1160,522,RGB,quarantined_exact_duplicate,Exact pixel duplicate of canonical file data_soil_raw/Alluvial/alluvial_0267.jpg,,
data_soil_raw/Alluvial/alluvial_0495.jpg,alluvial_0495.jpg,Alluvial,25fe3dc065bf07695d681f100734185d352296e5d12945ac4163b9f6eef58518,98b63fe97098e714c1e8772840f7aac4cf207be0aee2980d904595782611a612,223706,False,,1160,522,RGB,quarantined_exact_duplicate,Exact pixel duplicate of canonical file data_soil_raw/Alluvial/alluvial_0268.jpg,,
data_soil_raw/Alluvial/alluvial_0496.jpg,alluvial_0496.jpg,Alluvial,4a9d1ed634efc0f3e9019897fdbfa6a4c33afe7600136e20c6af352093d2b94e,cbb9f37f12ed2d2943951d46611de0cc9f4444501d296a217de4e408c332f380,204933,False,,1160,522,RGB,quarantined_exact_duplicate,Exact pixel duplicate of canonical file data_soil_raw/Alluvial/alluvial_0269.jpg,,
data_soil_raw/Alluvial/alluvial_0497.jpg,alluvial_0497.jpg,Alluvial,619fd88df633fd0596eeb5516c8bb434b59885a22c726a0796df7df88fdae44f,dfc8c88fca4dbf8e4db3bfb2d742c043f1c6ba71472363268bbd966cb06853b6,200661,False,,1160,522,RGB,quarantined_exact_duplicate,Exact pixel duplicate of canonical file data_soil_raw/Alluvial/alluvial_0270.jpg,,
data_soil_raw/Alluvial/alluvial_0498.jpg,alluvial_0498.jpg,Alluvial,1fbcd8e012859043b0e15a0317da99e22953779c9f58f49e61568a6e39871964,ea46e5cbd91111287e1feb55830ac8f14770438e9b81d51cf8eb39536424610a,204617,False,,1160,522,RGB,quarantined_exact_duplicate,Exact pixel duplicate of canonical file data_soil_raw/Alluvial/alluvial_0271.jpg,,
data_soil_raw/Alluvial/alluvial_0499.jpg,alluvial_0499.jpg,Alluvial,1ef9e45e83f50f0937b55b8f916ffe4dea8c85dd720331f33fa6465f2706fa7d,0638dd25fb239da295778917e3698df527bee25ff41d12ab321b9df855e9c82c,201269,False,,1160,522,RGB,quarantined_exact_duplicate,Exact pixel duplicate of canonical file data_soil_raw/Alluvial/alluvial_0272.jpg,,
data_soil_raw/Alluvial/alluvial_0500.jpg,alluvial_0500.jpg,Alluvial,c43aba6a0eb3437e09d02737d3b4e37c90a0ac7d4325ccc08f95445b78ceaeac,64fdfed97fb9d5da1dad8708be3a310c27bcb9d5a47618772275e8ad8b47c229,201274,False,,1160,522,RGB,quarantined_exact_duplicate,Exact pixel duplicate of canonical file data_soil_raw/Alluvial/alluvial_0273.jpg,,
data_soil_raw/Alluvial/alluvial_0501.jpg,alluvial_0501.jpg,Alluvial,9a54d9050d3aeb4dbcbc6f60a4250c32ec2ddd6f29c0ec7dcc6737c33e881a63,02eb6d069d4509ec04e209896182228748ff88b03b3711d7a3e3d59630f758af,203789,False,,1160,522,RGB,quarantined_exact_duplicate,Exact pixel duplicate of canonical file data_soil_raw/Alluvial/alluvial_0274.jpg,,
data_soil_raw/Alluvial/alluvial_0502.jpg,alluvial_0502.jpg,Alluvial,fe85dc1a47d42c36e195c9a18ba9cdb865e7090566d3ed320ae0053a75002c9a,23bc7c73bb3f58eedbec03745a2f92a08083f2d82e2a2f7deebfe11a73804ab8,201048,False,,1160,522,RGB,quarantined_exact_duplicate,Exact pixel duplicate of canonical file data_soil_raw/Alluvial/alluvial_0275.jpg,,
data_soil_raw/Alluvial/alluvial_0503.jpg,alluvial_0503.jpg,Alluvial,722bc5c39f520eedc2b92c1d4e00f6ab9208d0ad7a691c458e2ff834a3e3880c,905fb6be940fd31e9088e41d77a820d6d57137b1f4c612033cad16bda49f55f1,201040,False,,1160,522,RGB,quarantined_exact_duplicate,Exact pixel duplicate of canonical file data_soil_raw/Alluvial/alluvial_0276.jpg,,
data_soil_raw/Alluvial/alluvial_0504.jpg,alluvial_0504.jpg,Alluvial,f75030fb2ed341a3e8677bfdd11089131386b257bb0dde7c3bb293936f020f42,e1f55f861d79f50ff2658caae6873ccefe6758b4b5275c84823e1fc1b5fe0195,203982,False,,1160,522,RGB,quarantined_exact_duplicate,Exact pixel duplicate of canonical file data_soil_raw/Alluvial/alluvial_0277.jpg,,
data_soil_raw/Alluvial/alluvial_0505.jpg,alluvial_0505.jpg,Alluvial,8d570c317d5e40e827893f7cf1c1e1a720bde93ce1d9352dab7bcb3e35b952ce,a9122f571f2916bb997c82848c1170120075f43fe6eb0ce0115394e765bf5a6d,204035,False,,1160,522,RGB,quarantined_exact_duplicate,Exact pixel duplicate of canonical file data_soil_raw/Alluvial/alluvial_0278.jpg,,
data_soil_raw/Alluvial/alluvial_0506.jpg,alluvial_0506.jpg,Alluvial,3e347443b0ec763a23fed847629b010014d02254191b46414bb5bb5976530843,a7bc3f83cc8c4a60d65f5fa3355dde3c65a1f7121f4b59d8a454a1961354d6c6,204913,False,,1160,522,RGB,quarantined_exact_duplicate,Exact pixel duplicate of canonical file data_soil_raw/Alluvial/alluvial_0279.jpg,,
data_soil_raw/Alluvial/alluvial_0507.jpg,alluvial_0507.jpg,Alluvial,0bb0d9b7e2fd5217be13a4b628ae3043aa5c3db713f1b4ad37310261877bdc7d,f8dd9bb0f4f4eb61f8fee63b4383de9d5fe3b7b0f46c42ee2baaaec1acce2ead,204469,False,,1160,522,RGB,quarantined_exact_duplicate,Exact pixel duplicate of canonical file data_soil_raw/Alluvial/alluvial_0280.jpg,,
data_soil_raw/Alluvial/alluvial_0508.jpg,alluvial_0508.jpg,Alluvial,a9e474d3a2fd660f9a88c7b9cc5bed628b5338760d0b6132ae91220522d30fd1,ab99557f154cf728b4a7c506b39ba5dac2724ba58fbf1849e5db47dcf97b4a5a,223650,False,,1160,522,RGB,quarantined_exact_duplicate,Exact pixel duplicate of canonical file data_soil_raw/Alluvial/alluvial_0281.jpg,,
data_soil_raw/Alluvial/alluvial_0509.jpg,alluvial_0509.jpg,Alluvial,f21812810c53af64cc87cf5b07be0476910b36bf0d8ee9055e3bbae356df1132,4c1decef9f77f80d8aa06f2213e291ca2eb8cad9bd9167842c222f5870f542b8,191798,False,,1160,522,RGB,quarantined_exact_duplicate,Exact pixel duplicate of canonical file data_soil_raw/Alluvial/alluvial_0282.jpg,,
data_soil_raw/Alluvial/alluvial_0510.jpg,alluvial_0510.jpg,Alluvial,a31d146e366eb1780f650ce37424012e42c2011074fcabe0ef7c27723b2d6f2e,daff277f7aeb6b826bf176994d66c6842ec6b8f78501dc2e28a44a140c8c19d4,204398,False,,1160,522,RGB,quarantined_exact_duplicate,Exact pixel duplicate of canonical file data_soil_raw/Alluvial/alluvial_0283.jpg,,
data_soil_raw/Alluvial/alluvial_0511.jpg,alluvial_0511.jpg,Alluvial,1714dec84629c70f28e2c327b7510b88a39b1c13565a1d459e789aae39aacf7f,dc5820e91b873c805a9c0fb04c8508ad664f0c6dc080b860dce93f67482da4a1,197001,False,,1160,522,RGB,quarantined_exact_duplicate,Exact pixel duplicate of canonical file data_soil_raw/Alluvial/alluvial_0284.jpg,,
data_soil_raw/Alluvial/alluvial_0512.jpg,alluvial_0512.jpg,Alluvial,97e9177931af34eba00dd8f76bd17f8f98fc5f19b59d377251065e4d8d25703e,91c6ad2278b80831a0aa4ac562ee93834c7f11f26b10dc093e7bb08cd827e708,223234,False,,1160,522,RGB,quarantined_exact_duplicate,Exact pixel duplicate of canonical file data_soil_raw/Alluvial/alluvial_0285.jpg,,
data_soil_raw/Alluvial/alluvial_0513.jpg,alluvial_0513.jpg,Alluvial,cab7e17093a8c2139a1b34ca5ef7726a237cdea7b98faf37d5137fabad8f7523,d55761da592f71891b2748cd2a3f0fd46a700c632fb4d7714330b55e866a6497,223452,False,,1160,522,RGB,quarantined_exact_duplicate,Exact pixel duplicate of canonical file data_soil_raw/Alluvial/alluvial_0286.jpg,,
data_soil_raw/Alluvial/alluvial_0514.jpg,alluvial_0514.jpg,Alluvial,1887b43d6be2a5e324879776057fa7695e9195dfa2dc01a9a027ee35057cc0fb,1d1843f86c053f3eaa67619435039867e59662ec89ab3b310afe3294325b147d,188651,False,,1160,522,RGB,quarantined_exact_duplicate,Exact pixel duplicate of canonical file data_soil_raw/Alluvial/alluvial_0287.jpg,,
data_soil_raw/Alluvial/alluvial_0515.jpg,alluvial_0515.jpg,Alluvial,13172f738090b85335ab369ab188f3c9d6cafc80760c4c3ab265aa4fdc3f3e16,7dcbe3dc2f01e3bed06b39d5eaf0a19d4da0aba20ac2ba3f76ea04faf4262c42,223437,False,,1160,522,RGB,quarantined_exact_duplicate,Exact pixel duplicate of canonical file data_soil_raw/Alluvial/alluvial_0288.jpg,,
data_soil_raw/Alluvial/alluvial_0516.jpg,alluvial_0516.jpg,Alluvial,1fcf8b59b103b38b72ea9979b04752a4d4624bdaebfa5201f957f9dedb51b392,340c66b4850c43754a3b4df011a71f6d900271300228bd731c8c7afb5d1502d2,223311,False,,1160,522,RGB,quarantined_exact_duplicate,Exact pixel duplicate of canonical file data_soil_raw/Alluvial/alluvial_0289.jpg,,
data_soil_raw/Alluvial/alluvial_0517.jpg,alluvial_0517.jpg,Alluvial,3d159c2d2e8b88dde232b77af1e2e20e14806df0107d3837750d1453868aca17,c22c3c60f644bc44a5559fd2c204b817010ac34c83f2eed81e25199b9c8ba65a,223679,False,,1160,522,RGB,quarantined_exact_duplicate,Exact pixel duplicate of canonical file data_soil_raw/Alluvial/alluvial_0290.jpg,,
data_soil_raw/Alluvial/alluvial_0518.jpg,alluvial_0518.jpg,Alluvial,b3f70658c29450a97c6ab8357fb78fb996e2e983de869eb0f85f83fc10712ef9,c50dc2bb9eb9331e9fdc9cbbcfb9c7bdd0feba61aa1190b5bdd28b0a3e21653a,188005,False,,1160,522,RGB,quarantined_exact_duplicate,Exact pixel duplicate of canonical file data_soil_raw/Alluvial/alluvial_0291.jpg,,
data_soil_raw/Alluvial/alluvial_0519.jpg,alluvial_0519.jpg,Alluvial,8fa9ab0ccc249d83d7b774819614ad27e97cbb5fa7b4e7c5500f3d8d341365eb,bed3738875152132f84827f30cde2e38e2ecec485f0babd4f79d6dfaa845351c,223920,False,,1160,522,RGB,quarantined_exact_duplicate,Exact pixel duplicate of canonical file data_soil_raw/Alluvial/alluvial_0292.jpg,,
data_soil_raw/Alluvial/alluvial_0520.jpg,alluvial_0520.jpg,Alluvial,f1b01207b4e2f42b8af42ca0faedfa22aa7f7132c29fe2eac59931477093ec3b,be657ceb57e4b2a65339a51442c31f679451c423e071ddad4098a2011a49f30a,223648,False,,1160,522,RGB,quarantined_exact_duplicate,Exact pixel duplicate of canonical file data_soil_raw/Alluvial/alluvial_0293.jpg,,
data_soil_raw/Alluvial/alluvial_0521.jpg,alluvial_0521.jpg,Alluvial,30c3b91de06489eb5b55a4facda371cfde5d8c746296f88cc78ff79cd7c2d61c,2ec840e6d9d26377b5e52bde3e00b7de63e4a1c2ae1c91cde69e82ae25c0cc30,225341,False,,1160,522,RGB,quarantined_exact_duplicate,Exact pixel duplicate of canonical file data_soil_raw/Alluvial/alluvial_0294.jpg,,
data_soil_raw/Alluvial/alluvial_0522.jpg,alluvial_0522.jpg,Alluvial,c47e3461be2be2f3995cd51afe72e8dc51bade841b225086c6d3c2afa904aa16,1db79386515e608bdb8e0d6077b8288cd0578ba101ac0dddf7b5bd4ca18ab9c9,223992,False,,1160,522,RGB,quarantined_exact_duplicate,Exact pixel duplicate of canonical file data_soil_raw/Alluvial/alluvial_0295.jpg,,
data_soil_raw/Alluvial/alluvial_0523.jpg,alluvial_0523.jpg,Alluvial,e2d23846a8ae367e508a44a05d21d5e5b2a2432e1df3a5ed646a543c32fd6804,8797c762949fea1867b3a26bab34280b62bc60e7c3e6c590afac61dada52ac10,224296,False,,1160,522,RGB,quarantined_exact_duplicate,Exact pixel duplicate of canonical file data_soil_raw/Alluvial/alluvial_0296.jpg,,
data_soil_raw/Alluvial/alluvial_0524.jpg,alluvial_0524.jpg,Alluvial,50b10db17dff7297b5931a5a8076cdf4508dda5acb715a919f5fe1fce68a16a9,2bf7ed969c06b4872aa63961f9216db979af3c8d8e9db4113fb7261363b16446,224598,False,,1160,522,RGB,quarantined_exact_duplicate,Exact pixel duplicate of canonical file data_soil_raw/Alluvial/alluvial_0297.jpg,,
data_soil_raw/Alluvial/alluvial_0525.jpg,alluvial_0525.jpg,Alluvial,f68f6fda46749f9d6b7ffe5567793d17a14c89e23a8a5e2b0620703114274a97,a9ca332eb01ccb709213c26b8eb70b2240d96aff9c13f7840d0e5ffae901d6b3,150370,False,,1160,522,RGB,quarantined_exact_duplicate,Exact pixel duplicate of canonical file data_soil_raw/Alluvial/alluvial_0298.jpg,,
data_soil_raw/Alluvial/alluvial_0526.jpg,alluvial_0526.jpg,Alluvial,e7ceb38facba7dbbd7326995210e31e41fe901da61e858a5dd8582f2cf6eb377,42ac73ff142c7ccd7908a7821fc7d0b6166476d6d014ea91df6459e24bb8d402,224798,False,,1160,522,RGB,quarantined_exact_duplicate,Exact pixel duplicate of canonical file data_soil_raw/Alluvial/alluvial_0299.jpg,,
data_soil_raw/Alluvial/alluvial_0527.jpg,alluvial_0527.jpg,Alluvial,c794a621a26fe0822268538d109a09246b84d26a190d51c575b9503be7777edb,0f960a5cc45a00e80958d0ebde51a948ca634e26191bedc596a4c09e54a0a3f2,224224,False,,1160,522,RGB,quarantined_exact_duplicate,Exact pixel duplicate of canonical file data_soil_raw/Alluvial/alluvial_0300.jpg,,
data_soil_raw/Alluvial/alluvial_0528.jpg,alluvial_0528.jpg,Alluvial,29a37b8c7204842d0aaa496606b74bb48d57059f6753c23b6421379f364e532b,229d8127294bcfb7e76dcfcc16102653ca81fd7f0a30858489b0c076d3088b4c,224328,False,,1160,522,RGB,quarantined_exact_duplicate,Exact pixel duplicate of canonical file data_soil_raw/Alluvial/alluvial_0301.jpg,,
data_soil_raw/Alluvial/alluvial_0529.jpg,alluvial_0529.jpg,Alluvial,696f526618f99d8aa82ef7be2907ff78d4376138797181d0f2f8bb99d5cf4e07,30e4287433efc23a18a0ae493c3c286c5b82609106c5e7163e18d182f7e0d5a9,224503,False,,1160,522,RGB,quarantined_exact_duplicate,Exact pixel duplicate of canonical file data_soil_raw/Alluvial/alluvial_0302.jpg,,
data_soil_raw/Alluvial/alluvial_0530.jpg,alluvial_0530.jpg,Alluvial,4eba5b13cf84ceedb2618cacdb83548bf7aaa3647e01508702bc415acc1ac323,e5cba1b8c8806d36a73b988124189fe3cf3f60dd2692062f262970a16ab4cd40,149336,False,,1160,522,RGB,quarantined_exact_duplicate,Exact pixel duplicate of canonical file data_soil_raw/Alluvial/alluvial_0303.jpg,,
data_soil_raw/Alluvial/alluvial_0531.jpg,alluvial_0531.jpg,Alluvial,ebf32fdd26a348ef3d211df5dee0b9c92c330e05105b16c08d4e8b91306c977d,41ff6caaf772f44795912ea67d36440b1e593db9458266f470169f4cf677c88d,153022,False,,1160,522,RGB,quarantined_exact_duplicate,Exact pixel duplicate of canonical file data_soil_raw/Alluvial/alluvial_0304.jpg,,
data_soil_raw/Alluvial/alluvial_0532.jpg,alluvial_0532.jpg,Alluvial,22e8cf7eacc8f1be607cf527fc796d5445283f5b51d4f64d5bc6bd887d94e381,e781c08d7e8e6eccbc64c2bf7083119ab2552da55c01f2d545cd62000312ab92,154516,False,,1160,522,RGB,quarantined_exact_duplicate,Exact pixel duplicate of canonical file data_soil_raw/Alluvial/alluvial_0305.jpg,,
data_soil_raw/Alluvial/alluvial_0533.jpg,alluvial_0533.jpg,Alluvial,a860f610a969a4da9e8ddbf3ead51e449c8ed71f02995a36feb6f57dc4a17a2c,0b9754abb5df28e915256d6831b6c50ac29b8725d8171925ba4d686b65b03db5,155890,False,,1160,522,RGB,quarantined_exact_duplicate,Exact pixel duplicate of canonical file data_soil_raw/Alluvial/alluvial_0306.jpg,,
data_soil_raw/Alluvial/alluvial_0534.jpg,alluvial_0534.jpg,Alluvial,c6588661bfb5e2d40da5f0abf49b4f73350afadf1450c140cc03c78c48f78106,c3770b51d0c3acd27fb5b8c07b8ecaa48348d6156eacaff9242121dab3cfddef,153839,False,,1160,522,RGB,quarantined_exact_duplicate,Exact pixel duplicate of canonical file data_soil_raw/Alluvial/alluvial_0307.jpg,,
data_soil_raw/Alluvial/alluvial_0535.jpg,alluvial_0535.jpg,Alluvial,777b14502abf40ed542488abf121b821abcf1ef83473d7d6b9b0f9c9866ecd7a,6598b266015820ea99f9aa194dd7da03d320fc90828c9813031818e627751f3a,152235,False,,1160,522,RGB,quarantined_exact_duplicate,Exact pixel duplicate of canonical file data_soil_raw/Alluvial/alluvial_0049.jpg,,
data_soil_raw/Alluvial/alluvial_0536.jpg,alluvial_0536.jpg,Alluvial,db075082e468cd117ad5312f90bfa9bffe5f663df15c57c4b8f5e83b74ee302e,52ddebdcbf1d3b0548c62313425f33d0246b66c109ae8f158db66ef89180726a,155909,False,,1160,522,RGB,quarantined_exact_duplicate,Exact pixel duplicate of canonical file data_soil_raw/Alluvial/alluvial_0309.jpg,,
data_soil_raw/Alluvial/alluvial_0537.jpg,alluvial_0537.jpg,Alluvial,b6f2deaca4811ad97ff2a6799888061726f3366d786402469728cb35f353c19f,833c25c6f063beaf62063e77a5fc5a73a52daaf2bf359d3dac8da52a6d1cbc6a,161833,False,,1160,522,RGB,quarantined_exact_duplicate,Exact pixel duplicate of canonical file data_soil_raw/Alluvial/alluvial_0310.jpg,,
data_soil_raw/Alluvial/alluvial_0538.jpg,alluvial_0538.jpg,Alluvial,142a525ec01f59e09119dfad9ea04546b43332db0dc376c9f59b1384b46a8812,72276f2e0b757de381e1c720483efc1c83ae750b9e531394bde1d5ad4f9b6625,163055,False,,1160,522,RGB,quarantined_exact_duplicate,Exact pixel duplicate of canonical file data_soil_raw/Alluvial/alluvial_0311.jpg,,
data_soil_raw/Alluvial/alluvial_0539.jpg,alluvial_0539.jpg,Alluvial,4aeb52eb59039a2e0783c72df8728e9e13197469db75513cd9cd84930cff3601,c7589c4cf82dec944a00b81825bc5289a9d7d72256e1a649e213bb5e9019129d,195558,False,,1160,522,RGB,quarantined_exact_duplicate,Exact pixel duplicate of canonical file data_soil_raw/Alluvial/alluvial_0312.jpg,,
data_soil_raw/Alluvial/alluvial_0540.jpg,alluvial_0540.jpg,Alluvial,b41fe3af54a2b82ca15dc20cf41bdfcda34c3ea9449b7ff4b9dbf25dc6fdfbfa,e125ca81116e7e64ba67a3cc05d1438c9fc3157c8d2096fe8c83ba18291d0b23,196831,False,,1160,522,RGB,quarantined_exact_duplicate,Exact pixel duplicate of canonical file data_soil_raw/Alluvial/alluvial_0050.jpg,,
data_soil_raw/Alluvial/alluvial_0541.jpg,alluvial_0541.jpg,Alluvial,b01c31a64f75390f6dd713867060be354026f2cbc4618e010f8cdc6e0742fc3b,9ad6066cba321b63c76d99fe30994696fa2e481ca38a5a8d41446458aec08ca0,158189,False,,1160,522,RGB,quarantined_exact_duplicate,Exact pixel duplicate of canonical file data_soil_raw/Alluvial/alluvial_0051.jpg,,
data_soil_raw/Alluvial/alluvial_0542.jpg,alluvial_0542.jpg,Alluvial,4b3453cdcc19967c2c8520958040736fad194974e3b42c75d8abebad6bf02bc8,d434ab1ffc61d2e906af793770b9d0104512df0b133137c85dea9054095d92dc,162938,False,,1160,522,RGB,quarantined_exact_duplicate,Exact pixel duplicate of canonical file data_soil_raw/Alluvial/alluvial_0315.jpg,,
data_soil_raw/Alluvial/alluvial_0543.jpg,alluvial_0543.jpg,Alluvial,b6a84d08ba58c83ecaf50f36c14c4c915b9bccb361cf833a331fe3cb86acf99b,34f0ad1af30512ba2f5e08571b0431387eeb9e7bfb973d16c5eb6c50ac1f4931,193768,False,,1160,522,RGB,quarantined_exact_duplicate,Exact pixel duplicate of canonical file data_soil_raw/Alluvial/alluvial_0316.jpg,,
data_soil_raw/Alluvial/alluvial_0544.jpg,alluvial_0544.jpg,Alluvial,a5e4d2154fbcda7af0d159e070861ff67e0c23eadec5ea01b24ff72ac71a90e7,77b82cb2752c65d3fd3ace9214e3df5d6cc6249b49c4733db5f628d8e3a41671,162633,False,,1160,522,RGB,quarantined_exact_duplicate,Exact pixel duplicate of canonical file data_soil_raw/Alluvial/alluvial_0317.jpg,,
data_soil_raw/Alluvial/alluvial_0545.jpg,alluvial_0545.jpg,Alluvial,8b8612c6a3875ae7cc8afa0826e91fa1bb61b1690f7696937f39dde3b090e7a8,eb5dd9d44228916759f698ab12357d7608f1e2a7296fd09664230ea40f5acc27,196653,False,,1160,522,RGB,quarantined_exact_duplicate,Exact pixel duplicate of canonical file data_soil_raw/Alluvial/alluvial_0318.jpg,,
data_soil_raw/Alluvial/alluvial_0546.jpg,alluvial_0546.jpg,Alluvial,24d56ed93d3dc19423ad366ccd150fe24d6bc53d3e03394a7d05bdd2b3d3ce25,87ee5c3e2d9957ffd5bffb531c226b2734b15064aacd388a490756ecce3ee9e2,165121,False,,1160,522,RGB,quarantined_exact_duplicate,Exact pixel duplicate of canonical file data_soil_raw/Alluvial/alluvial_0319.jpg,,
data_soil_raw/Alluvial/alluvial_0547.jpg,alluvial_0547.jpg,Alluvial,24641ba66068baa561d13816ea78c126cd766555105684051b9dad764550a822,7c09b1d720de85dd763bb0c9d387a72666707228f1e8f13b70543dcb3b6ae7eb,197173,False,,1160,522,RGB,quarantined_exact_duplicate,Exact pixel duplicate of canonical file data_soil_raw/Alluvial/alluvial_0320.jpg,,
data_soil_raw/Alluvial/alluvial_0548.jpg,alluvial_0548.jpg,Alluvial,e3635967062edcd4e843f49161e977b21e1520d07ac7bdae03dc24aecd5a8da2,c2431a055b923d0e330d456246592cd8ec602ff7e84e205a92678bde86954d78,163927,False,,1160,522,RGB,quarantined_exact_duplicate,Exact pixel duplicate of canonical file data_soil_raw/Alluvial/alluvial_0321.jpg,,
data_soil_raw/Alluvial/alluvial_0549.jpg,alluvial_0549.jpg,Alluvial,8459127d7ceac9e9ddca3141ec041efe714b22532aae0ebb3d3b974cd385eb0c,538a9f02ee1eec3c23ab82f26a4ed72c5a4770153aaa9af868a0582ebbba0a0e,166658,False,,1160,522,RGB,quarantined_exact_duplicate,Exact pixel duplicate of canonical file data_soil_raw/Alluvial/alluvial_0322.jpg,,
data_soil_raw/Alluvial/alluvial_0550.jpg,alluvial_0550.jpg,Alluvial,e1161b4d1b8fd20c4ad13c983abea652bd1d8d63cac78bb93a028e1376b6b3cd,502d5b15880e0252cdedde4c4e099c2f985c288ec9b4f914e3a9332b1f56058e,165639,False,,1160,522,RGB,quarantined_exact_duplicate,Exact pixel duplicate of canonical file data_soil_raw/Alluvial/alluvial_0323.jpg,,
data_soil_raw/Alluvial/alluvial_0551.jpg,alluvial_0551.jpg,Alluvial,c314411079e3a90d4c33b33fe0b5f302dd69669c88568fb5e20363baa8d80af2,bf9e41af4217d3e735f9bfe194d68f190364577ead38b43a21be02d175f7c3e4,166450,False,,1160,522,RGB,quarantined_exact_duplicate,Exact pixel duplicate of canonical file data_soil_raw/Alluvial/alluvial_0324.jpg,,
data_soil_raw/Alluvial/alluvial_0552.jpg,alluvial_0552.jpg,Alluvial,9b7560fd7c6e6621167630969aab53af3059213709fe746c8821dd75245bf902,6c65aa393ef2e0585d5610be739a868d5b6e640b4e7e0888289e3aeeb65c768a,187232,False,,1160,522,RGB,quarantined_exact_duplicate,Exact pixel duplicate of canonical file data_soil_raw/Alluvial/alluvial_0325.jpg,,
data_soil_raw/Alluvial/alluvial_0553.jpg,alluvial_0553.jpg,Alluvial,fcd1f5aa2067f23c54d053942d92999f319a98d99132d05d860af0a12945fd73,7b94696385e3e95748dbe9da2f3da797df4f7761007d696335bb968a49a3a298,193953,False,,1160,522,RGB,quarantined_exact_duplicate,Exact pixel duplicate of canonical file data_soil_raw/Alluvial/alluvial_0326.jpg,,
data_soil_raw/Alluvial/alluvial_0554.jpg,alluvial_0554.jpg,Alluvial,4f9edd073c154737dbe49b3094334ff3f7d623810d2392102201660d4889eb83,bfec2e08c8fcd3f88ab7c1132e069b249858e5d7e2dab83b390fc80455a920db,187659,False,,1160,522,RGB,quarantined_exact_duplicate,Exact pixel duplicate of canonical file data_soil_raw/Alluvial/alluvial_0327.jpg,,
data_soil_raw/Alluvial/alluvial_0555.jpg,alluvial_0555.jpg,Alluvial,77cad5b42b5152279aaacb94cbd9fa315c4a695753f0b6235e9630a23407ee77,3a1659d75f2de8f9ce536e92f63e6ead4cc1aa26e0ae4a7edc534a69550b67e4,196649,False,,1160,522,RGB,quarantined_exact_duplicate,Exact pixel duplicate of canonical file data_soil_raw/Alluvial/alluvial_0328.jpg,,
data_soil_raw/Alluvial/alluvial_0556.jpg,alluvial_0556.jpg,Alluvial,3b9ec941b7a92fb223d5bfbbd1cd73f60db82698fc2df790022f27bb4b9ccf49,fe1e545d63dd50c393f655d459bcebce4b9d259a877c9fbb245c8cf529ebe7e1,196592,False,,1160,522,RGB,quarantined_exact_duplicate,Exact pixel duplicate of canonical file data_soil_raw/Alluvial/alluvial_0329.jpg,,
data_soil_raw/Alluvial/alluvial_0557.jpg,alluvial_0557.jpg,Alluvial,8c4e309ffd4055aa6becadd5602d3958bb645798a125350114f1d799241a389f,0336bce2635b35cabedec0000420af2eed2bed0d0a8b3bb420a55a70e6c6806e,195939,False,,1160,522,RGB,quarantined_exact_duplicate,Exact pixel duplicate of canonical file data_soil_raw/Alluvial/alluvial_0330.jpg,,
data_soil_raw/Alluvial/alluvial_0558.jpg,alluvial_0558.jpg,Alluvial,fb17641f2cfad44341e227f5a261330a8349dd9d62afe0fc7af3e6329d1a4af5,a1f0820d0be883b02a0588e129d771cca41c93a9da618ee0239b309de16d1142,195746,False,,1160,522,RGB,quarantined_exact_duplicate,Exact pixel duplicate of canonical file data_soil_raw/Alluvial/alluvial_0331.jpg,,
data_soil_raw/Alluvial/alluvial_0559.jpg,alluvial_0559.jpg,Alluvial,1c99ae280b4bdec6821e6e9195fbffd85fde3fc0b2b572f1f99ffb2ac31affb3,910de81b1ef843fe90aa7811af5f4dad7a46a9c66fe81e21a8b5df680d561afe,194793,False,,1160,522,RGB,quarantined_exact_duplicate,Exact pixel duplicate of canonical file data_soil_raw/Alluvial/alluvial_0332.jpg,,
data_soil_raw/Alluvial/alluvial_0560.jpg,alluvial_0560.jpg,Alluvial,77405ea99363112f3cc4c5cd920a53b49dd3d396432212c2f4c8594673ab43c9,0be65a9000c61dd5796c9d26ef2302148e1c101eef32887a913fc7a9c7fe5972,195147,False,,1160,522,RGB,quarantined_exact_duplicate,Exact pixel duplicate of canonical file data_soil_raw/Alluvial/alluvial_0052.jpg,,
data_soil_raw/Alluvial/alluvial_0561.jpg,alluvial_0561.jpg,Alluvial,8a58b08ac82fdfa25f3e30820060266e484cedfdbac40b4e3cba65bb5e8e05de,6cb9d1c37f316a860d2cd04dab11bf2a63bafde3f73a10b52580f46d03baafda,191713,False,,1160,522,RGB,quarantined_exact_duplicate,Exact pixel duplicate of canonical file data_soil_raw/Alluvial/alluvial_0334.jpg,,
data_soil_raw/Alluvial/alluvial_0562.jpg,alluvial_0562.jpg,Alluvial,08637f7350c16e83f8114e3f854b085d6aa1c2f9e5eebd806e9bdd9585f474c0,51b3270b606282a60db49fbdeb766c64caa78ec4d9c69db46c2ea3c576c95187,189600,False,,1160,522,RGB,quarantined_exact_duplicate,Exact pixel duplicate of canonical file data_soil_raw/Alluvial/alluvial_0335.jpg,,
data_soil_raw/Alluvial/alluvial_0563.jpg,alluvial_0563.jpg,Alluvial,7057103849a46f271af35a875bec92f8a966709c887db053c7a1eff841fbcbc6,e6f55a198df3e6ccc6a76e94901f4d5de48ea0fc90b48229e063b2e179e76495,187510,False,,1160,522,RGB,quarantined_exact_duplicate,Exact pixel duplicate of canonical file data_soil_raw/Alluvial/alluvial_0336.jpg,,
data_soil_raw/Alluvial/alluvial_0564.jpg,alluvial_0564.jpg,Alluvial,27edf31ebbe4871c44dd68f0753e820d00d70d0e555030ab29cb3a94a9ba0821,ccab3ec27b3af6230573a8ab0b5c30d716cde8a783b1bb3bd2f2c04ac33d6032,192618,False,,1160,522,RGB,quarantined_exact_duplicate,Exact pixel duplicate of canonical file data_soil_raw/Alluvial/alluvial_0337.jpg,,
data_soil_raw/Alluvial/alluvial_0565.jpg,alluvial_0565.jpg,Alluvial,893a15741f47c8f060381206ccd147591adb68b9b46fffea8d702b360c673b49,aabb25a8be049e74ab8973a00498289b1214694f578905a985e5d7427f0f3748,186772,False,,1160,522,RGB,quarantined_exact_duplicate,Exact pixel duplicate of canonical file data_soil_raw/Alluvial/alluvial_0338.jpg,,
data_soil_raw/Alluvial/alluvial_0566.jpg,alluvial_0566.jpg,Alluvial,32a596d97e26e9a5c1ebff75e16967c145298b449dd36b01965d55c3acda1d53,6bd098d3f77a65e203e7d2a72fe2577ed3618336d69e2d84a464b7d8b5e0f019,187833,False,,1160,522,RGB,quarantined_exact_duplicate,Exact pixel duplicate of canonical file data_soil_raw/Alluvial/alluvial_0339.jpg,,
data_soil_raw/Alluvial/alluvial_0567.jpg,alluvial_0567.jpg,Alluvial,0cec1d2fb85745a4f37917459de68d560508a8b2990410031327beb7f322afa6,16d664ad138d435551d3de814048374f1cfbc74a7a1b4b28194f3f1045ad46cd,195468,False,,1160,522,RGB,quarantined_exact_duplicate,Exact pixel duplicate of canonical file data_soil_raw/Alluvial/alluvial_0340.jpg,,
data_soil_raw/Alluvial/alluvial_0568.jpg,alluvial_0568.jpg,Alluvial,57b106506d77d527d58ab6da864a26011408965157d4cd5521ff0e3c09f1b7bb,cf7301a685055edc1fc712adb8553a95f07e71b5ce8ef01e27d34e6a18723eac,194917,False,,1160,522,RGB,quarantined_exact_duplicate,Exact pixel duplicate of canonical file data_soil_raw/Alluvial/alluvial_0341.jpg,,
data_soil_raw/Alluvial/alluvial_0569.jpg,alluvial_0569.jpg,Alluvial,c5964c55060e740e8591a653581c43d4dcc3dd20863c44dc7220fdad2d774f3a,f863fefd7bd9a2e959b9315b123bb794fe836ab8a225d8140dccdffae952679c,196077,False,,1160,522,RGB,quarantined_exact_duplicate,Exact pixel duplicate of canonical file data_soil_raw/Alluvial/alluvial_0342.jpg,,
data_soil_raw/Alluvial/alluvial_0570.jpg,alluvial_0570.jpg,Alluvial,e59437609c6875776554f93869fec3a855d2e7c2afb01a007f1f0c767fa53ad0,abd126128aa35422d58777142f8fd834fa03b5ec339e32beb66a0bd012d83c4b,196630,False,,1160,522,RGB,quarantined_exact_duplicate,Exact pixel duplicate of canonical file data_soil_raw/Alluvial/alluvial_0343.jpg,,
data_soil_raw/Alluvial/alluvial_0571.jpg,alluvial_0571.jpg,Alluvial,cc02e1bda1143e77b310911afa7663bd7464451eed76a0c65b0330fbd690ef74,2d8836f138a716f89dbf2c1a0705fac704d36803a1655fd1efc79b04e587c42c,195911,False,,1160,522,RGB,quarantined_exact_duplicate,Exact pixel duplicate of canonical file data_soil_raw/Alluvial/alluvial_0344.jpg,,
data_soil_raw/Alluvial/alluvial_0572.jpg,alluvial_0572.jpg,Alluvial,6c06df05f6733b27fe47a64fa9eaf95166cd9d19da37cbba3c517e1ba1f43948,d19a131b18954197e0ab8ed5bcdeb7788353df54881aca9ee0b6af964c7bf668,194821,False,,1160,522,RGB,quarantined_exact_duplicate,Exact pixel duplicate of canonical file data_soil_raw/Alluvial/alluvial_0345.jpg,,
data_soil_raw/Alluvial/alluvial_0573.jpg,alluvial_0573.jpg,Alluvial,87e20ebc39bfc5fe6c4517ac342144a76dbbedac0191196b286271184f5ec9a7,685af5d0444ea3593b97570e3124c27ac687b6ef2acf23db86b9facdde004beb,249215,False,,626,626,RGB,quarantined_exact_duplicate,Exact pixel duplicate of canonical file data_soil_raw/Alluvial/alluvial_0346.jpg,,
data_soil_raw/Alluvial/alluvial_0574.png,alluvial_0574.png,Alluvial,8872decc21f825680e46a92d0912664404bbd46746c524ecc1734c5ec6d84a39,934a5b33cea2f5ff8d26d3941b5931a11c10041bd32cb0189b3c67b3c7d86a04,337135,False,,563,260,RGBA,quarantined_exact_duplicate,Exact pixel duplicate of canonical file data_soil_raw/Alluvial/alluvial_0456.png,,
data_soil_raw/Alluvial/alluvial_0575.jpg,alluvial_0575.jpg,Alluvial,e73560cb586cc6d24f799a160a93be4ef5606ddad6c68f0802d56bbce9b8c960,38cc8954cd1878f6688750105014f58a08d2113dc713e614350a1a50e39fc725,82375,False,,512,237,RGB,quarantined_exact_duplicate,Exact pixel duplicate of canonical file data_soil_raw/Alluvial/alluvial_0053.jpg,,
data_soil_raw/Alluvial/alluvial_0576.jpg,alluvial_0576.jpg,Alluvial,8295b530468d0d03ada2798a4cc9b3fe4ca8017564e7c99e75a7c8fbaba5433f,09b7810bb033988aab01fbe6ef297220e2d1acfafeb766d1028c880eb3def92d,50805,False,,460,307,RGB,quarantined_exact_duplicate,Exact pixel duplicate of canonical file data_soil_raw/Alluvial/alluvial_0348.jpg,,
data_soil_raw/Black/black_0001.jpg,black_0001.jpg,Black,cec805a9bd952bd4f11f201a658198fb97c2b60d836b4e7737522ce24125ee23,8e7948aa60cc455b8faa6d8d54dfce434053ca6c4c46fba0d801061800b0743d,13828,False,,259,194,RGB,clean_retained,,train,data_soil/train/Black/black_0046.jpg
data_soil_raw/Black/black_0002.jpg,black_0002.jpg,Black,1ac6b604f014eb2c7d6013824a7a493cf8af35125fed6b5f9037f9db910bc2a0,45a2680b014d54e9dc3cfdd7cfd4dbda58898e3e7f172a088ed67b0fff43c7dd,16263,False,,192,262,RGB,clean_retained,,train,data_soil/train/Black/black_0020.jpg
data_soil_raw/Black/black_0003.jpg,black_0003.jpg,Black,aab803189bc311b11d69589231a2cad908ae06fb0937c82d28db1f489937b141,45b0d4e85b0cdc36f5e69e343222ae90f10e5912cd8fa9266def23be5d98fc81,9350,False,,265,190,RGB,clean_retained,,val,data_soil/val/Black/black_0005.jpg
data_soil_raw/Black/black_0004.jpg,black_0004.jpg,Black,9a789346b10aab7c78275c6966580a21860fdf6fc68e13719c70c25782aa7b6b,6dd4eb0be5cd9ce8deb9219b11f93460ad43806d240c3baf8c2e75f5c7b488be,10505,False,,262,192,RGB,clean_retained,,train,data_soil/train/Black/black_0033.jpg
data_soil_raw/Black/black_0005.jpg,black_0005.jpg,Black,3ac8f600e390fa4a5b84f82278639f3e2f3e41ba37531646c6fd396fa2a4b50a,6f3253ae0f79f5c7f88660316532d6322e9e163018b29b73c3a07fc9a46defcb,13748,False,,290,174,RGB,clean_retained,,train,data_soil/train/Black/black_0035.jpg
data_soil_raw/Black/black_0006.jpg,black_0006.jpg,Black,35376dac3b8b905213747ee422f0609c392a2386a3747bc9779c62eb486be070,07b5e791e7c15e1986bd5a66cd0fd1700b0b593a0ec1106f8d98fc6171b76e5f,18529,False,,275,183,RGB,clean_retained,,train,data_soil/train/Black/black_0003.jpg
data_soil_raw/Black/black_0007.jpg,black_0007.jpg,Black,b6f314a21829b45bf0965ce99ad8cadfcae3be6d924d03a26b45d79222bbdc8b,40c1ac0a8a6cb27ab7674391958246d8c413e8d1d0b844f95c79b0c91bb56adb,14821,False,,262,193,RGB,clean_retained,,train,data_soil/train/Black/black_0017.jpg
data_soil_raw/Black/black_0008.jpg,black_0008.jpg,Black,e58e65b73a639ec57bb4f21b46285ed3502efe4fa5cdf6f5a8aff5250dbaf2f1,03de5fbd437b346e48bc338a77abf569cdfb89943051f308b70422304d32b46b,7735,False,,239,160,RGB,clean_retained,,test,data_soil/test/Black/black_0001.jpg
data_soil_raw/Black/black_0009.jpg,black_0009.jpg,Black,fc8eac0ee560dd476e5febd20f75776e90c9cb2c0d7ac246085dd9fc3c9dec39,42a0041d8eefea95df56bdb6dc4c83e0e615b059b0da66cb7159e561982a289e,17888,False,,275,183,RGB,clean_retained,,train,data_soil/train/Black/black_0018.jpg
data_soil_raw/Black/black_0010.jpg,black_0010.jpg,Black,d3c884aa04c2ac6e18f55dd223ca43b0ca06a77a575f1d71e9ed1b7b1c0a8f67,38de33a487c6be3633e89c6e8d62bfaa420ee5633a0d193835000f0d365bcef0,10032,False,,275,183,RGB,clean_retained,,train,data_soil/train/Black/black_0015.jpg
data_soil_raw/Black/black_0011.jpg,black_0011.jpg,Black,cc46b338a81a67126e7d1e1eb08ede291bb4978f01c403b73e190cecc78893bb,e2b688fa7dfa948f9298d88c69d17277dd5eaf51e6b2700360c35bda20eef612,11641,False,,275,183,RGB,clean_retained,,train,data_soil/train/Black/black_0076.jpg
data_soil_raw/Black/black_0012.jpg,black_0012.jpg,Black,fd7b5376d41b8d5e634c232b8bc57d919fec8ed2a29e363639c00bca3acdeafd,16a55f958c2d5cb67c1ddec2f071e22ac8ac39490468845811a04684453f7f4c,17528,False,,331,152,RGB,clean_retained,,train,data_soil/train/Black/black_0007.jpg
data_soil_raw/Black/black_0013.jpg,black_0013.jpg,Black,4603ccfaadb098fb0c0bfce452b26fcee9d41fc391b8e5257493c7a311169f1d,b866029d424fd030797c8dc021b345a7144c9a1c8f0905593a1221f14f12b1a5,12977,False,,276,182,RGB,clean_retained,,train,data_soil/train/Black/black_0060.jpg
data_soil_raw/Black/black_0014.jpg,black_0014.jpg,Black,490c112cd0293ebbbf2404d13737674a5182f425bbd6bbee5755aac9047c6d6d,d727666bf95ffe36d85568d590b3feee5c7b89f2fbdc971f5a45552e426cb778,16833,False,,248,203,RGB,clean_retained,,train,data_soil/train/Black/black_0071.jpg
data_soil_raw/Black/black_0015.jpg,black_0015.jpg,Black,fff286d0fb86326eed30ebb624743b666d02c6b96f7e067fd4fe0ef18f02305a,5f7b2e489de1ceca01007996ff36fa98dd29e8cd8490caad17e4a91861d459a7,17040,False,,276,183,RGB,clean_retained,,train,data_soil/train/Black/black_0027.jpg
data_soil_raw/Black/black_0016.jpg,black_0016.jpg,Black,f1f23f487a9e25c17128898ff9f8bacabb2d03bab0400240a74267d0fde18b26,88db860f51692c604719863e775a8bc7154346496804528fa4039f9d9b69c3cf,14223,False,,275,183,RGB,clean_retained,,val,data_soil/val/Black/black_0012.jpg
data_soil_raw/Black/black_0017.jpg,black_0017.jpg,Black,86bdbf64be7385e5637a4f6742f02ffa2e14552b156a251ae16ebbb9abbd27dc,8864332840d1cde90ed5dd4a0008ad61176f985d8fd6af4121cb2ae52105c4b8,10791,False,,278,181,RGB,clean_retained,,test,data_soil/test/Black/black_0011.jpg
data_soil_raw/Black/black_0018.jpg,black_0018.jpg,Black,9b55154f310f003d232a7f076ba680bb6469999640fe6faee65a9aa811900591,6ec927ffdb8b699042076785a9302c7608a146fe94aa898c336b3409c1e11504,8901,False,,262,192,RGB,clean_retained,,train,data_soil/train/Black/black_0034.jpg
data_soil_raw/Black/black_0019.jpg,black_0019.jpg,Black,2f17d9ccab8a28b29d881ee5f4f90922cb0650a8099ad565602d7853f73753c5,0af0dacf95b2340542f458cc9b2ec0ba73bec9cc59f9efe428d20124b6fd04ef,11491,False,,276,183,RGB,clean_retained,,train,data_soil/train/Black/black_0004.jpg
data_soil_raw/Black/black_0020.jpg,black_0020.jpg,Black,da31cb596fc34293c259cb6b101f5afece90f1994bf933f9b1286247f4008e5b,4e9a68847427978c4897ca3b1d076593d0dcc1948893506495ecffa3360eb7db,12374,False,,262,192,RGB,clean_retained,,train,data_soil/train/Black/black_0024.jpg
data_soil_raw/Black/black_0021.jpg,black_0021.jpg,Black,9a097e1b39babed2a2d26b77d7b0917c597f41c2c15b1dc4b8dd0a3f3be9eae0,96aab749b1d4a18c5b55d1d2f2574e1015a7aa56987a541a4306d14d27fa2c38,12669,False,,251,201,RGB,clean_retained,,train,data_soil/train/Black/black_0050.jpg
data_soil_raw/Black/black_0022.jpg,black_0022.jpg,Black,586a67a430294c482f72135829c5f7a6ce29864f062845f0617b6180d7bd7850,910f3158c1d1929f4fa8292be9473867d502c071230a6651223cffb5c76033eb,7834,False,,276,183,RGB,clean_retained,,val,data_soil/val/Black/black_0013.jpg
data_soil_raw/Black/black_0023.jpg,black_0023.jpg,Black,deed611bab2bd290234fc448d668f53ccf3ced0aa8f4e613378022a07a7f7475,ff523db869705c2dd9f9c1119e6f97159a021aad83d0eb956cea3c181eb417e2,10332,False,,265,190,RGB,clean_retained,,train,data_soil/train/Black/black_0084.jpg
data_soil_raw/Black/black_0024.jpg,black_0024.jpg,Black,1520ee0cb29cb6348cbf37d76afb54f59075e3b2e43cf81995fdd4903ab65be7,4a4e152433b86186b05b024b04a78977c2ddec0c0f89ee987dda72db43877e28,12407,False,,265,190,RGB,clean_retained,,train,data_soil/train/Black/black_0022.jpg
data_soil_raw/Black/black_0025.jpg,black_0025.jpg,Black,d283c70d116161404597e2dd726e9a7225580b4a992542952b4044849b173142,cc7f959e7c00b23899085a7dcfc375c64ac49a19244f4ba5009fbb550f83a8de,13551,False,,183,275,RGB,clean_retained,,train,data_soil/train/Black/black_0066.jpg
data_soil_raw/Black/black_0026.jpg,black_0026.jpg,Black,2088703c0d18bb83153ca035fa50a706b33da2bec870b2058752eed7e83e3266,ba436317108619cd9df4e5c08c100590b72327a9a30c6526d581cb21fefd495b,15100,False,,265,190,RGB,clean_retained,,train,data_soil/train/Black/black_0061.jpg
data_soil_raw/Black/black_0027.jpg,black_0027.jpg,Black,78a0beda778929ccf89e4fa4daddef460ada89b78a5c59e9d603597d6023e993,7e749f1b62b17e091ca09a7c05818a4b36c3d1d018d1990a09f3fc3d113de6e8,13094,False,,251,201,RGB,clean_retained,,train,data_soil/train/Black/black_0041.jpg
data_soil_raw/Black/black_0028.jpg,black_0028.jpg,Black,2379519a0aea1e1f9fce0483c55aa82506720bb55ca3d8cac526d808aa0cf470,97befc68d70fb5a98949f713b1782c9627a6a6419340331d763059da2ca5c530,9860,False,,225,225,RGB,clean_retained,,train,data_soil/train/Black/black_0051.jpg
data_soil_raw/Black/black_0029.jpg,black_0029.jpg,Black,027c1b2ae3b4436b8d7d8e055d5886827c37776100b33bed23c08f5c7aa36484,fe327287b12905ec8847550f3b4e3b0acb3be3c9b8652da267051d301e9bd566,14638,False,,198,254,RGB,clean_retained,,train,data_soil/train/Black/black_0081.jpg
data_soil_raw/Black/black_0030.jpg,black_0030.jpg,Black,14116add5cc628c36338a6774f6aabc88112d139cf4e725acf1a28a7dcaacdd1,1dc84aba40003ef6a95ddd9f8974d8bf701b436366e574df865a23a1c5ec0375,9612,False,,275,183,RGB,clean_retained,,test,data_soil/test/Black/black_0003.jpg
data_soil_raw/Black/black_0031.jpg,black_0031.jpg,Black,b67551d0cf42e6a74d5b1fa17b3a81e3632aabb4adecb377fb9ea8ef6ffa5897,9d1e794d78322ff1037c64518528918ca4bdf1b7d3de9770cb44c0fba203af82,10515,False,,275,183,RGB,clean_retained,,test,data_soil/test/Black/black_0013.jpg
data_soil_raw/Black/black_0032.jpg,black_0032.jpg,Black,e59b9333a3bef4a94ae42d8765faaad2ab3173d6c2d0f8c9431c1fca7fc6b699,8f0109890d16e6f988e14e0a96452ca33cc0db398a7966a7a8eb1d30571ea308,11360,False,,187,269,RGB,clean_retained,,train,data_soil/train/Black/black_0047.jpg
data_soil_raw/Black/black_0033.jpg,black_0033.jpg,Black,b6076d55732273ae1bb1143c9e6bb7d129c9fe1010234e40607c2c54c0d17822,dba1f58cf1f767c58b7587094297e72239239c4fd52a04fcc74f3c6990f82668,10806,False,,272,185,RGB,clean_retained,,train,data_soil/train/Black/black_0073.jpg
data_soil_raw/Black/black_0034.jpg,black_0034.jpg,Black,930d29513b53c054a202772decfdf23a2ec0c8e6f73abfd7be48f06d4b0d33c8,776843dc53de266e7cf06e7e57bae40e5762dd21b1586db98b25c4c8389c236a,11098,False,,275,183,RGB,clean_retained,,val,data_soil/val/Black/black_0010.jpg
data_soil_raw/Black/black_0035.jpg,black_0035.jpg,Black,6d99632b562d1e7b8e529d71611bc5617a08cdec60c49794aaff80c0fc0132dd,df94f8d1da39cc6b1f54d28534f834f4f05e36a7c0270472e5e626663654d8c9,5981,False,,262,192,RGB,clean_retained,,test,data_soil/test/Black/black_0015.jpg
data_soil_raw/Black/black_0036.jpg,black_0036.jpg,Black,e3acf74cc1cebc9002df4e78146c3b9c14d8172f4b50d264d3ddcc32b1f1565a,22237e4dc3c3c707f4e2e3723122335a73bfd6cb818b44c42cd0869a626b57ec,18791,False,,265,190,RGB,clean_retained,,train,data_soil/train/Black/black_0010.jpg
data_soil_raw/Black/black_0037.jpg,black_0037.jpg,Black,9f84163510dfad94248e86ebfc6194a23a24e764862097303a0a309f52bfc79e,d16e1da6ec839c6d61219f517847dd078ee3bcbc38af9f3833f4b83deb06fc2a,12668,False,,265,190,RGB,clean_retained,,train,data_soil/train/Black/black_0068.jpg
data_soil_raw/Black/black_0038.jpg,black_0038.jpg,Black,2e6fdb7fd0532f0e4c451079bc80cc26423eb34ac788d9096464e1b37c6ef5ff,2c235af4a8b27d5c12de246ddfcc7932ffd894e3dfb5854519d03a8fa30b30c4,10235,False,,262,192,RGB,clean_retained,,train,data_soil/train/Black/black_0012.jpg
data_soil_raw/Black/black_0039.jpg,black_0039.jpg,Black,bb5fc88d1a9f40bc1825ba4a31582e7a8888e487a5ef9bc91d26d4469e04e3b1,da9fec744b4d20fa978b9064b6a3454ca42cf8b3fe9a9e9a44849e0157449762,11102,False,,225,225,RGB,clean_retained,,train,data_soil/train/Black/black_0072.jpg
data_soil_raw/Black/black_0040.jpg,black_0040.jpg,Black,1cb83dbd0e9144a34948bcafbe3dc2ca55fdf38541ca0e890b6e87b1c1f75abc,cbf52188ce63bd2953fa31ba82ffe841ddef1babffe742790543224b258df820,12756,False,,275,183,RGB,clean_retained,,train,data_soil/train/Black/black_0065.jpg
data_soil_raw/Black/black_0041.jpg,black_0041.jpg,Black,49a143ac69c898f4f494955c450cb00113b739fbfaa1e79053f94f4888bd6bd3,f75fe37264c0b5f51bbc348d68f5ba05d24d2383037b44508d7ee5729e68d171,7646,False,,262,192,RGB,clean_retained,,train,data_soil/train/Black/black_0078.jpg
data_soil_raw/Black/black_0042.jpg,black_0042.jpg,Black,ec08606a611eeb36ee32ae32bb82e39018758c641ba978b34bf4bafd76cd4739,53f62614b7207844c34f8ad0ae815a26af508ee9676cda1d7feb58695cc01429,4802,False,,377,134,RGB,clean_retained,,test,data_soil/test/Black/black_0007.jpg
data_soil_raw/Black/black_0043.jpg,black_0043.jpg,Black,c0c346fccc1de4e27f31aef9a4185b6b712af864e94128e7103bbe24f2ab0a93,ff04f0d1a9c41c3cd93f3fd3222d99588c7366d0b3e330736491c78e45990de1,8909,False,,299,168,RGB,clean_retained,,train,data_soil/train/Black/black_0083.jpg
data_soil_raw/Black/black_0044.jpg,black_0044.jpg,Black,084f7100d03c6ccdd2b4d91ef0d49510b57222f046a0acf10720750a60695f36,5fd76f7f851b6920309ef6bb4a4ca748b83172ae3645f3ce2fe17520897c70be,14716,False,,225,225,RGB,clean_retained,,test,data_soil/test/Black/black_0008.jpg
data_soil_raw/Black/black_0045.jpg,black_0045.jpg,Black,11cb1fd41c13e702ca24d4c9658a4a5a1f06ae539d21cf51e682a7323881092c,0766d2e8d7cd39d038bf3b541954d47fd0aa42372efbc450c64170281ea05b79,17144,False,,300,168,RGB,clean_retained,,train,data_soil/train/Black/black_0002.jpg
data_soil_raw/Black/black_0046.jpg,black_0046.jpg,Black,3d905bfa4a672a7ebc95af95efc05c5175f6453f2970fce5054b9993f9811618,6af655cc9e1d40c23d18d92f6c63a9e5a434ca59b375b151e6aa843cfc694056,12079,False,,259,194,RGB,clean_retained,,train,data_soil/train/Black/black_0031.jpg
data_soil_raw/Black/black_0047.jpg,black_0047.jpg,Black,2e6be3595d08ecdcf1d9bfcb7f8e006e1b4ec5d3b6c54b44d9bcfb85d9137009,184199a5e36088893f5ff4613b50c1a134302da5f0c25d6c46ae76dce3b3aa59,13163,False,,275,183,RGB,clean_retained,,test,data_soil/test/Black/black_0002.jpg
data_soil_raw/Black/black_0048.jpg,black_0048.jpg,Black,d673761e1368b175a1d01370ab0958b269f2e5d1af5864f52075f88314544bc9,76c99a945ad597d7d066ca3fd333bc542a20d4bd53d443ed3fcbeb7885cc9875,9071,False,,257,196,RGB,clean_retained,,val,data_soil/val/Black/black_0009.jpg
data_soil_raw/Black/black_0049.jpg,black_0049.jpg,Black,2065d92095d023c3cbc0b627c21d282dfcaed4ba8b9374476d0125ea36980cf6,3b901b372efa31b878457b748c1473ec4e663357e04c42cee61b34f5531a4963,14325,False,,275,183,RGB,clean_retained,,val,data_soil/val/Black/black_0004.jpg
data_soil_raw/Black/black_0050.jpg,black_0050.jpg,Black,86c93ccea91d44a45f303c94d5a0eafe83313d5b2059c3aadc98bfce388019a8,f8cb0f2312714f8eb26c87e7325a0caba779655553982b6b35f4b684394a649b,34223,False,,728,728,RGB,clean_retained,,train,data_soil/train/Black/black_0079.jpg
data_soil_raw/Black/black_0051.jpg,black_0051.jpg,Black,66a1789eba715069fccb7f3a34f5df40ea5321e3d3584c366ba5be17d3058562,d6e103a1c5987b03c489ccb0d8e0910c5d340dc2998d779aca2f8aae5508a16b,49368,False,,728,728,RGB,clean_retained,,train,data_soil/train/Black/black_0070.jpg
data_soil_raw/Black/black_0052.jpg,black_0052.jpg,Black,30239b0e177442808c3838a810f862d5b2132b7e4a03fff49b6a1569680e062a,c6b5c9328aa6afb493b30ed4b0b71000e4a78c04104071fe490efb4d0570194f,32520,False,,728,728,RGB,clean_retained,,train,data_soil/train/Black/black_0064.jpg
data_soil_raw/Black/black_0053.jpg,black_0053.jpg,Black,5424fc581ca0bff43f0c7399ae4bcb270e91c79a19418b35e27d93e1bf6c3dec,a5bc74598ac14989e865c86d56dfc22132565513f3a8f06d26ffcb4250f3a57b,14350,False,,275,183,RGB,clean_retained,,train,data_soil/train/Black/black_0055.jpg
data_soil_raw/Black/black_0054.jpg,black_0054.jpg,Black,65f799cd997b13bf2df0d162f77922b122919aef01c64a4f2c5c69cf9402bc91,4931d71c8e139304685ae73eb133b35e9836e31337eb17595b7262da9b78c911,2939,False,,100,100,RGB,clean_retained,,val,data_soil/val/Black/black_0006.jpg
data_soil_raw/Black/black_0055.jpg,black_0055.jpg,Black,cfb7f626a480c7665db807d14596554e13a1fded4044ddddafa0a667da355663,18128f105a337f5a0718167fb7499ecd08937fdf684e424e7ece9bef4b58c1d8,14368,False,,270,187,RGB,clean_retained,,val,data_soil/val/Black/black_0002.jpg
data_soil_raw/Black/black_0056.jpg,black_0056.jpg,Black,cfb7f626a480c7665db807d14596554e13a1fded4044ddddafa0a667da355663,18128f105a337f5a0718167fb7499ecd08937fdf684e424e7ece9bef4b58c1d8,14368,False,,270,187,RGB,quarantined_exact_duplicate,Exact pixel duplicate of canonical file data_soil_raw/Black/black_0055.jpg,,
data_soil_raw/Black/black_0057.jpg,black_0057.jpg,Black,542f146d1c379b6b7c74f58c74cbe78ab7d0ecbb159e79430b810cdf14953d7c,1dcf6bbbe98c7d6825e9805725932c79ad5610e616e5a748e4f5f94f3ea90dec,13069,False,,225,225,RGB,clean_retained,,train,data_soil/train/Black/black_0009.jpg
data_soil_raw/Black/black_0058.jpg,black_0058.jpg,Black,c8ac8f62f6abad047dbea25f2c8e57c4b89bd5321b799311d1e6c5e7ee8c6344,bcd27eb0f47076a8b536b35938ea190acf33b960b37d7f1368770772851eaae8,11593,False,,300,168,RGB,clean_retained,,val,data_soil/val/Black/black_0015.jpg
data_soil_raw/Black/black_0059.jpg,black_0059.jpg,Black,443cec711442ac81debfb7e957d218d82bbe66dac362cd60827aae3b11f4c173,4a33f7c400230408d3581f40dd735d737dc050822458c879614d9ae1d1d0c18b,13768,False,,225,225,RGB,clean_retained,,train,data_soil/train/Black/black_0021.jpg
data_soil_raw/Black/black_0060.jpg,black_0060.jpg,Black,a11edf49434d61d0472e148b2cf1038a401158f1d9ed050f9d84ca002693ea86,7863728558cb82254e7eff8fd292ba286207032520b213a5d62b8bf6d30ba1ca,9560,False,,225,225,RGB,clean_retained,,train,data_soil/train/Black/black_0039.jpg
data_soil_raw/Black/black_0061.jpg,black_0061.jpg,Black,a11edf49434d61d0472e148b2cf1038a401158f1d9ed050f9d84ca002693ea86,7863728558cb82254e7eff8fd292ba286207032520b213a5d62b8bf6d30ba1ca,9560,False,,225,225,RGB,quarantined_exact_duplicate,Exact pixel duplicate of canonical file data_soil_raw/Black/black_0060.jpg,,
data_soil_raw/Black/black_0062.jpg,black_0062.jpg,Black,c5f5efb82fee7844b0ac3dc87e4a373ded872a7289aa7f987bf40f4086b866a3,5a427c43ab5e7c6a8f89fc49a250197c0ccb9591d2ab6ecd38db26de3855db53,15670,False,,275,183,RGB,clean_retained,,train,data_soil/train/Black/black_0025.jpg
data_soil_raw/Black/black_0063.jpg,black_0063.jpg,Black,5a9080affd11187d0637819c92563362f83294bfd87d02998b56dc10febd5bb6,8955ee5f21daa57d1dd6a23f9fb7137b689b6d871df68d45153ad93e963065fa,12881,False,,250,202,RGB,clean_retained,,train,data_soil/train/Black/black_0044.jpg
data_soil_raw/Black/black_0064.jpg,black_0064.jpg,Black,7f04e1c061e715f2b7616415f8859cbf796032490f181c3d59c75d449ca1258d,044116273e7c671021ce9767f43b9bacea13f260241ac2dee515164a284b2e5c,17258,False,,225,225,RGB,clean_retained,,train,data_soil/train/Black/black_0001.jpg
data_soil_raw/Black/black_0065.jpg,black_0065.jpg,Black,7f04e1c061e715f2b7616415f8859cbf796032490f181c3d59c75d449ca1258d,044116273e7c671021ce9767f43b9bacea13f260241ac2dee515164a284b2e5c,17258,False,,225,225,RGB,quarantined_exact_duplicate,Exact pixel duplicate of canonical file data_soil_raw/Black/black_0064.jpg,,
data_soil_raw/Black/black_0066.jpg,black_0066.jpg,Black,3225ca7ef0ea0ff1592a0f80efbe9fa66bb2bf6fed8336542cf626f60a788f11,f21c8462614174ba353bf9ec326539c3cfc36f189caa3a58bdeb73d897e940f0,10950,False,,225,225,RGB,clean_retained,,train,data_soil/train/Black/black_0077.jpg
data_soil_raw/Black/black_0067.jpg,black_0067.jpg,Black,e6045b6485011d2c7197ce783a5231bcf3619609bd9c2b4352989e25f563a3c4,266e869131d811ddfaf60933770730a194a1a1b8ad34c708e2a728caeb03d482,13908,False,,225,225,RGB,clean_retained,,test,data_soil/test/Black/black_0004.jpg
data_soil_raw/Black/black_0068.jpg,black_0068.jpg,Black,1e26d6198f5b272a3d83b59ba967e777cd9dc5e4456da59ccaa688a56fdc6f83,61ff8b83f3f4732f8ba026945c32fcf88f4053a510cf60d6fbd7b32829d6e2b2,12151,False,,225,225,RGB,clean_retained,,test,data_soil/test/Black/black_0009.jpg
data_soil_raw/Black/black_0069.jpg,black_0069.jpg,Black,3c320459d026b848ff97c9694f735b0fc2d1db01efe0493ea3de7c7c67ac6e41,b2690b9dba936ca46df4db229fdbca8b56a5de95ef8f40450c64da9e7f466b89,13292,False,,310,163,RGB,clean_retained,,train,data_soil/train/Black/black_0057.jpg
data_soil_raw/Black/black_0070.jpg,black_0070.jpg,Black,3c320459d026b848ff97c9694f735b0fc2d1db01efe0493ea3de7c7c67ac6e41,b2690b9dba936ca46df4db229fdbca8b56a5de95ef8f40450c64da9e7f466b89,13292,False,,310,163,RGB,quarantined_exact_duplicate,Exact pixel duplicate of canonical file data_soil_raw/Black/black_0069.jpg,,
data_soil_raw/Black/black_0071.jpg,black_0071.jpg,Black,abcc108e0ff7ef17852eda89db27d052c62bf764661c7e23b1bfd28eaf3ed20d,39146a5b6dd144c4b795b7a7e5da6a417be689d9dd5a44ce8e00eaa8eff44bac,14956,False,,275,183,RGB,clean_retained,,test,data_soil/test/Black/black_0005.jpg
data_soil_raw/Black/black_0072.jpg,black_0072.jpg,Black,abcc108e0ff7ef17852eda89db27d052c62bf764661c7e23b1bfd28eaf3ed20d,39146a5b6dd144c4b795b7a7e5da6a417be689d9dd5a44ce8e00eaa8eff44bac,14956,False,,275,183,RGB,quarantined_exact_duplicate,Exact pixel duplicate of canonical file data_soil_raw/Black/black_0071.jpg,,
data_soil_raw/Black/black_0073.jpg,black_0073.jpg,Black,b50f6eed01bad4397765ec0a4783d1bba403e8cf7708d8bf7d51830f3df14e39,9a5f96105314e22bf7ad5386568133b4d3010e3018e45f1708910077dba3dd9e,11037,False,,275,183,RGB,clean_retained,,train,data_soil/train/Black/black_0052.jpg
data_soil_raw/Black/black_0074.jpg,black_0074.jpg,Black,b50f6eed01bad4397765ec0a4783d1bba403e8cf7708d8bf7d51830f3df14e39,9a5f96105314e22bf7ad5386568133b4d3010e3018e45f1708910077dba3dd9e,11037,False,,275,183,RGB,quarantined_exact_duplicate,Exact pixel duplicate of canonical file data_soil_raw/Black/black_0073.jpg,,
data_soil_raw/Black/black_0075.jpg,black_0075.jpg,Black,131544ea6ebc22e844ae7117c5cb54ab20139a23785ccaa5bbb77dbdb26c8eda,42bf125fc192ed91ca207252bb450b3d401ed759bd5454631db4207964e38f55,12510,False,,259,194,RGB,clean_retained,,train,data_soil/train/Black/black_0019.jpg
data_soil_raw/Black/black_0076.jpg,black_0076.jpg,Black,131544ea6ebc22e844ae7117c5cb54ab20139a23785ccaa5bbb77dbdb26c8eda,42bf125fc192ed91ca207252bb450b3d401ed759bd5454631db4207964e38f55,12510,False,,259,194,RGB,quarantined_exact_duplicate,Exact pixel duplicate of canonical file data_soil_raw/Black/black_0075.jpg,,
data_soil_raw/Black/black_0077.jpg,black_0077.jpg,Black,f3ea51a967aa0ac4c351ecf5d3ebd487cd14dffddd6c2b338472386d45183300,adb94e3b2ac02dfbc69c0a4f20f91dcba7b243c09eb08db090f5b164c05a84f7,14117,False,,297,170,RGB,clean_retained,,train,data_soil/train/Black/black_0056.jpg
data_soil_raw/Black/black_0078.jpg,black_0078.jpg,Black,f3ea51a967aa0ac4c351ecf5d3ebd487cd14dffddd6c2b338472386d45183300,adb94e3b2ac02dfbc69c0a4f20f91dcba7b243c09eb08db090f5b164c05a84f7,14117,False,,297,170,RGB,quarantined_exact_duplicate,Exact pixel duplicate of canonical file data_soil_raw/Black/black_0077.jpg,,
data_soil_raw/Black/black_0079.jpg,black_0079.jpg,Black,d3aa6b978abcc219fc7207cd86c588e9837ec78231ad5fe30e990c0766360fe1,f68544606b35275953ec1118f1de006bb31d697b045a59aa80f89069f4cb5844,17737,False,,259,194,RGB,clean_retained,,test,data_soil/test/Black/black_0018.jpg
data_soil_raw/Black/black_0080.jpg,black_0080.jpg,Black,b579a67f02b76a4c5e0d330dc6b75d6947da3f12f8440c3320a2f6e2ed4f87b2,f2737f90de12f627f78dc7fec508c67331e8ea91506a848c2b8e1ac00c339b34,14495,False,,225,225,RGB,clean_retained,,test,data_soil/test/Black/black_0017.jpg
data_soil_raw/Black/black_0081.jpg,black_0081.jpg,Black,b579a67f02b76a4c5e0d330dc6b75d6947da3f12f8440c3320a2f6e2ed4f87b2,f2737f90de12f627f78dc7fec508c67331e8ea91506a848c2b8e1ac00c339b34,14495,False,,225,225,RGB,quarantined_exact_duplicate,Exact pixel duplicate of canonical file data_soil_raw/Black/black_0080.jpg,,
data_soil_raw/Black/black_0082.jpg,black_0082.jpg,Black,6e398214f81392a4176a9349791ed816e20d6413071a18c73cf5ab6069b9bdc4,64c8ab2dc1578f42101013220c26f8286d1778226eb1b5ef60c48bc6616058e9,12026,False,,280,180,RGB,clean_retained,,train,data_soil/train/Black/black_0030.jpg
data_soil_raw/Black/black_0083.jpg,black_0083.jpg,Black,6e398214f81392a4176a9349791ed816e20d6413071a18c73cf5ab6069b9bdc4,64c8ab2dc1578f42101013220c26f8286d1778226eb1b5ef60c48bc6616058e9,12026,False,,280,180,RGB,quarantined_exact_duplicate,Exact pixel duplicate of canonical file data_soil_raw/Black/black_0082.jpg,,
data_soil_raw/Black/black_0084.jpg,black_0084.jpg,Black,0c5c44a6e453c028bd2820af8b9991822deca1a3f203c35df008840d7c340376,fedcaf32a0e35abcc62c5704b835ee588c287c8a631e8dae774947b346c38315,18159,False,,311,162,RGB,clean_retained,,test,data_soil/test/Black/black_0019.jpg
data_soil_raw/Black/black_0085.jpg,black_0085.jpg,Black,c3f082dae16a0af3338c9a9ffda2410d91d6087eddc7a77f65d74fd41d0f80dd,2e9aa5760f37ee989d48ec8ed7f4b3f0107d3a07072b8d753eeafcb3756438c7,17609,False,,275,183,RGB,clean_retained,,val,data_soil/val/Black/black_0003.jpg
data_soil_raw/Black/black_0086.jpg,black_0086.jpg,Black,d673761e1368b175a1d01370ab0958b269f2e5d1af5864f52075f88314544bc9,76c99a945ad597d7d066ca3fd333bc542a20d4bd53d443ed3fcbeb7885cc9875,9071,False,,257,196,RGB,quarantined_exact_duplicate,Exact pixel duplicate of canonical file data_soil_raw/Black/black_0048.jpg,,
data_soil_raw/Black/black_0087.jpg,black_0087.jpg,Black,d673761e1368b175a1d01370ab0958b269f2e5d1af5864f52075f88314544bc9,76c99a945ad597d7d066ca3fd333bc542a20d4bd53d443ed3fcbeb7885cc9875,9071,False,,257,196,RGB,quarantined_exact_duplicate,Exact pixel duplicate of canonical file data_soil_raw/Black/black_0048.jpg,,
data_soil_raw/Black/black_0088.jpg,black_0088.jpg,Black,2065d92095d023c3cbc0b627c21d282dfcaed4ba8b9374476d0125ea36980cf6,3b901b372efa31b878457b748c1473ec4e663357e04c42cee61b34f5531a4963,14325,False,,275,183,RGB,quarantined_exact_duplicate,Exact pixel duplicate of canonical file data_soil_raw/Black/black_0049.jpg,,
data_soil_raw/Black/black_0089.jpg,black_0089.jpg,Black,2065d92095d023c3cbc0b627c21d282dfcaed4ba8b9374476d0125ea36980cf6,3b901b372efa31b878457b748c1473ec4e663357e04c42cee61b34f5531a4963,14325,False,,275,183,RGB,quarantined_exact_duplicate,Exact pixel duplicate of canonical file data_soil_raw/Black/black_0049.jpg,,
data_soil_raw/Black/black_0090.jpg,black_0090.jpg,Black,740cfa25672308b8fd8f8bf742d92c424f612dfdf536bc212b51dd2ec3633e09,fed6dfd155753d931eeca3111ae0e811a846e82ba09c77644e62ab190ab9d26c,8851,False,,254,198,RGB,clean_retained,,train,data_soil/train/Black/black_0082.jpg
data_soil_raw/Black/black_0091.jpg,black_0091.jpg,Black,740cfa25672308b8fd8f8bf742d92c424f612dfdf536bc212b51dd2ec3633e09,fed6dfd155753d931eeca3111ae0e811a846e82ba09c77644e62ab190ab9d26c,8851,False,,254,198,RGB,quarantined_exact_duplicate,Exact pixel duplicate of canonical file data_soil_raw/Black/black_0090.jpg,,
data_soil_raw/Black/black_0092.jpg,black_0092.jpg,Black,27257e29e7629fabed77ac6fd8864e04f496f76785b11e260bb59f6ebefe17de,a3345cafbb040143f94baf7dc4e0688183b8edc42c901aa01156df0b2768a836,81656,False,,480,383,RGB,clean_retained,,train,data_soil/train/Black/black_0053.jpg
data_soil_raw/Black/black_0093.jpg,black_0093.jpg,Black,a021c55aee8f71a5d66f4ae4ba3f096961b33afb21f52f72023d73b760cb68aa,3aa807ca14a15be9ed060bebba71b23fdaa1cd39e1d24296f81d799d147591e1,99466,False,,850,995,RGB,clean_retained,,train,data_soil/train/Black/black_0016.jpg
data_soil_raw/Black/black_0094.jpeg,black_0094.jpeg,Black,3a048b4f2ae612163c886c5e7421d4cab3c27db1369fdfa7632f65df5fb6fd38,7cb980671ecc7577d9dda75b897649e14cfa4f2592169a5eaf7175c56afe303a,12678,False,,259,194,RGB,clean_retained,,train,data_soil/train/Black/black_0040.jpg
data_soil_raw/Black/black_0095.jpg,black_0095.jpg,Black,d603d4133ccdb2e5273b76c70e2f8f36d3fe7373ac6c71fae6ac8179c5145212,b38a1c3ab2fd7f47f0c18a7d874a87cb63f71d942bc063cc65afd14206eaf2a2,8730,False,,225,225,RGB,clean_retained,,train,data_soil/train/Black/black_0059.jpg
data_soil_raw/Black/black_0096.jpg,black_0096.jpg,Black,5424fc581ca0bff43f0c7399ae4bcb270e91c79a19418b35e27d93e1bf6c3dec,a5bc74598ac14989e865c86d56dfc22132565513f3a8f06d26ffcb4250f3a57b,14350,False,,275,183,RGB,quarantined_exact_duplicate,Exact pixel duplicate of canonical file data_soil_raw/Black/black_0053.jpg,,
data_soil_raw/Black/black_0097.jpg,black_0097.jpg,Black,cda81d51af1c8ed00ccca3d0ca7338608147e52ac48476bd5e738311df4c376d,75436a27c9cb7d02c66f9bba45600689e4801629aa531e94aefe9d1d7291c9e8,10607,False,,225,225,RGB,clean_retained,,train,data_soil/train/Black/black_0036.jpg
data_soil_raw/Black/black_0098.jpg,black_0098.jpg,Black,31f22eb5d82e4dcdc2d4e95ee000b2f4119e6a6cf7b3aefbb0b23257aa0bbff2,0e2bdcb31c581fa21c35105b56800a334fb08f51828ede5493094f41055c3d60,12227,False,,216,233,RGB,clean_retained,,train,data_soil/train/Black/black_0005.jpg
data_soil_raw/Black/black_0099.jpg,black_0099.jpg,Black,9fbca0bee211c087135b5e731d7a7dbdd3e358bc88a007b3b09095489c192800,768fe23db0d86efd297c41893c24e53f316bae7cb5294f262bfd4eb5e12ac743,3743,False,,275,183,RGB,clean_retained,,train,data_soil/train/Black/black_0037.jpg
data_soil_raw/Black/black_0100.jpg,black_0100.jpg,Black,c8ac8f62f6abad047dbea25f2c8e57c4b89bd5321b799311d1e6c5e7ee8c6344,bcd27eb0f47076a8b536b35938ea190acf33b960b37d7f1368770772851eaae8,11593,False,,300,168,RGB,quarantined_exact_duplicate,Exact pixel duplicate of canonical file data_soil_raw/Black/black_0058.jpg,,
data_soil_raw/Black/black_0101.jpg,black_0101.jpg,Black,032d6b4dadf6ec3e2afb5c9b5ded51cc2db95620e9dbf00550d9b5a013ca04f8,2ee340c074941946ae6cf2916f2107cbc3ae6de0864204dddd68489ced168856,13782,False,,225,225,RGB,quarantined_cross_class_conflict,"Identical pixel content found across conflicting classes: ['Alluvial', 'Black']",,
data_soil_raw/Black/black_0102.jpg,black_0102.jpg,Black,443cec711442ac81debfb7e957d218d82bbe66dac362cd60827aae3b11f4c173,4a33f7c400230408d3581f40dd735d737dc050822458c879614d9ae1d1d0c18b,13768,False,,225,225,RGB,quarantined_exact_duplicate,Exact pixel duplicate of canonical file data_soil_raw/Black/black_0059.jpg,,
data_soil_raw/Black/black_0103.jpg,black_0103.jpg,Black,7d06e7b87cb8c999af25ca9c95e48d9c05e854cf64f17640ef245e3777afb5bf,98783c9f3c33ac086a95e4fb449d5bdf3c7abdf5f9f0e9613b81c099567d8063,11911,False,,275,183,RGB,clean_retained,,val,data_soil/val/Black/black_0014.jpg
data_soil_raw/Black/black_0104.jpg,black_0104.jpg,Black,df3a061c87387290019c3b249ceffb7f7652d1ce9224a4737de4ee7f71a69796,a3794f423be7ad8a697722a2839b9ad040f8fd6cbec8287b38e1f6c594c9421b,16082,False,,275,183,RGB,clean_retained,,train,data_soil/train/Black/black_0054.jpg
data_soil_raw/Black/black_0105.jpg,black_0105.jpg,Black,c5f5efb82fee7844b0ac3dc87e4a373ded872a7289aa7f987bf40f4086b866a3,5a427c43ab5e7c6a8f89fc49a250197c0ccb9591d2ab6ecd38db26de3855db53,15670,False,,275,183,RGB,quarantined_exact_duplicate,Exact pixel duplicate of canonical file data_soil_raw/Black/black_0062.jpg,,
data_soil_raw/Black/black_0106.jpg,black_0106.jpg,Black,7ffac753b1b9444d8d07c3a84186662c8fba34ef6eb79e5b4bcebee63f7b8125,7811dd1fed8460ff075584a27c5e8a693d8ec2ef948c95c179c8dd3ef09009c5,16497,False,,275,183,RGB,clean_retained,,train,data_soil/train/Black/black_0038.jpg
data_soil_raw/Black/black_0107.jpg,black_0107.jpg,Black,7f04e1c061e715f2b7616415f8859cbf796032490f181c3d59c75d449ca1258d,044116273e7c671021ce9767f43b9bacea13f260241ac2dee515164a284b2e5c,17258,False,,225,225,RGB,quarantined_exact_duplicate,Exact pixel duplicate of canonical file data_soil_raw/Black/black_0064.jpg,,
data_soil_raw/Black/black_0108.jpg,black_0108.jpg,Black,3225ca7ef0ea0ff1592a0f80efbe9fa66bb2bf6fed8336542cf626f60a788f11,f21c8462614174ba353bf9ec326539c3cfc36f189caa3a58bdeb73d897e940f0,10950,False,,225,225,RGB,quarantined_exact_duplicate,Exact pixel duplicate of canonical file data_soil_raw/Black/black_0066.jpg,,
data_soil_raw/Black/black_0109.jpg,black_0109.jpg,Black,cefbba302e61575b5dc302b22d2a1b82c6aaa3eaa70a49255e26e4b509bda987,5f1c15fea9508706051639d46712731050b147d116e0bbad8e077e083ba0ae3d,8271,False,,259,194,RGB,clean_retained,,train,data_soil/train/Black/black_0026.jpg
data_soil_raw/Black/black_0110.jpg,black_0110.jpg,Black,9e899dc6927f39d1910d1968e2de9425b884437475d5102c4190e6fdd79c5220,93a526a3eac92db63629c994f4a2cafa0d7abbfa1754b8fa9a07d04016407fc8,16246,False,,275,183,RGB,clean_retained,,train,data_soil/train/Black/black_0049.jpg
data_soil_raw/Black/black_0111.jpg,black_0111.jpg,Black,92db2b934345fc770304645d38c8f13030cb98c9838d523933cabcee1c3e9011,6b1d102559dd5411fbdb336c4154daf4e4fa28f1e1fcef12b790f5d2d925c7ab,20604,False,,275,183,RGB,clean_retained,,train,data_soil/train/Black/black_0032.jpg
data_soil_raw/Black/black_0112.jpg,black_0112.jpg,Black,bfbd9068944d5d415f62de9bc80d31dae2b14b1b0338bf886800dea0293d0f3d,65c658a48cf47713a6a3fa3564a4e40383c277432372667adcebae29b889f138,15058,False,,251,201,RGB,clean_retained,,val,data_soil/val/Black/black_0008.jpg
data_soil_raw/Black/black_0113.jpg,black_0113.jpg,Black,d3aa6b978abcc219fc7207cd86c588e9837ec78231ad5fe30e990c0766360fe1,f68544606b35275953ec1118f1de006bb31d697b045a59aa80f89069f4cb5844,17737,False,,259,194,RGB,quarantined_exact_duplicate,Exact pixel duplicate of canonical file data_soil_raw/Black/black_0079.jpg,,
data_soil_raw/Black/black_0114.jpg,black_0114.jpg,Black,0c5c44a6e453c028bd2820af8b9991822deca1a3f203c35df008840d7c340376,fedcaf32a0e35abcc62c5704b835ee588c287c8a631e8dae774947b346c38315,18159,False,,311,162,RGB,quarantined_exact_duplicate,Exact pixel duplicate of canonical file data_soil_raw/Black/black_0084.jpg,,
data_soil_raw/Black/black_0115.jpg,black_0115.jpg,Black,c3f082dae16a0af3338c9a9ffda2410d91d6087eddc7a77f65d74fd41d0f80dd,2e9aa5760f37ee989d48ec8ed7f4b3f0107d3a07072b8d753eeafcb3756438c7,17609,False,,275,183,RGB,quarantined_exact_duplicate,Exact pixel duplicate of canonical file data_soil_raw/Black/black_0085.jpg,,
data_soil_raw/Black/black_0116.jpg,black_0116.jpg,Black,27257e29e7629fabed77ac6fd8864e04f496f76785b11e260bb59f6ebefe17de,a3345cafbb040143f94baf7dc4e0688183b8edc42c901aa01156df0b2768a836,81656,False,,480,383,RGB,quarantined_exact_duplicate,Exact pixel duplicate of canonical file data_soil_raw/Black/black_0092.jpg,,
data_soil_raw/Black/black_0117.jpg,black_0117.jpg,Black,cec805a9bd952bd4f11f201a658198fb97c2b60d836b4e7737522ce24125ee23,8e7948aa60cc455b8faa6d8d54dfce434053ca6c4c46fba0d801061800b0743d,13828,False,,259,194,RGB,quarantined_exact_duplicate,Exact pixel duplicate of canonical file data_soil_raw/Black/black_0001.jpg,,
data_soil_raw/Black/black_0118.jpg,black_0118.jpg,Black,1ac6b604f014eb2c7d6013824a7a493cf8af35125fed6b5f9037f9db910bc2a0,45a2680b014d54e9dc3cfdd7cfd4dbda58898e3e7f172a088ed67b0fff43c7dd,16263,False,,192,262,RGB,quarantined_exact_duplicate,Exact pixel duplicate of canonical file data_soil_raw/Black/black_0002.jpg,,
data_soil_raw/Black/black_0119.jpg,black_0119.jpg,Black,aab803189bc311b11d69589231a2cad908ae06fb0937c82d28db1f489937b141,45b0d4e85b0cdc36f5e69e343222ae90f10e5912cd8fa9266def23be5d98fc81,9350,False,,265,190,RGB,quarantined_exact_duplicate,Exact pixel duplicate of canonical file data_soil_raw/Black/black_0003.jpg,,
data_soil_raw/Black/black_0120.jpg,black_0120.jpg,Black,9a789346b10aab7c78275c6966580a21860fdf6fc68e13719c70c25782aa7b6b,6dd4eb0be5cd9ce8deb9219b11f93460ad43806d240c3baf8c2e75f5c7b488be,10505,False,,262,192,RGB,quarantined_exact_duplicate,Exact pixel duplicate of canonical file data_soil_raw/Black/black_0004.jpg,,
data_soil_raw/Black/black_0121.jpg,black_0121.jpg,Black,3ac8f600e390fa4a5b84f82278639f3e2f3e41ba37531646c6fd396fa2a4b50a,6f3253ae0f79f5c7f88660316532d6322e9e163018b29b73c3a07fc9a46defcb,13748,False,,290,174,RGB,quarantined_exact_duplicate,Exact pixel duplicate of canonical file data_soil_raw/Black/black_0005.jpg,,
data_soil_raw/Black/black_0122.jpg,black_0122.jpg,Black,35376dac3b8b905213747ee422f0609c392a2386a3747bc9779c62eb486be070,07b5e791e7c15e1986bd5a66cd0fd1700b0b593a0ec1106f8d98fc6171b76e5f,18529,False,,275,183,RGB,quarantined_exact_duplicate,Exact pixel duplicate of canonical file data_soil_raw/Black/black_0006.jpg,,
data_soil_raw/Black/black_0123.jpg,black_0123.jpg,Black,b6f314a21829b45bf0965ce99ad8cadfcae3be6d924d03a26b45d79222bbdc8b,40c1ac0a8a6cb27ab7674391958246d8c413e8d1d0b844f95c79b0c91bb56adb,14821,False,,262,193,RGB,quarantined_exact_duplicate,Exact pixel duplicate of canonical file data_soil_raw/Black/black_0007.jpg,,
data_soil_raw/Black/black_0124.jpg,black_0124.jpg,Black,e58e65b73a639ec57bb4f21b46285ed3502efe4fa5cdf6f5a8aff5250dbaf2f1,03de5fbd437b346e48bc338a77abf569cdfb89943051f308b70422304d32b46b,7735,False,,239,160,RGB,quarantined_exact_duplicate,Exact pixel duplicate of canonical file data_soil_raw/Black/black_0008.jpg,,
data_soil_raw/Black/black_0125.jpg,black_0125.jpg,Black,fc8eac0ee560dd476e5febd20f75776e90c9cb2c0d7ac246085dd9fc3c9dec39,42a0041d8eefea95df56bdb6dc4c83e0e615b059b0da66cb7159e561982a289e,17888,False,,275,183,RGB,quarantined_exact_duplicate,Exact pixel duplicate of canonical file data_soil_raw/Black/black_0009.jpg,,
data_soil_raw/Black/black_0126.jpg,black_0126.jpg,Black,d3c884aa04c2ac6e18f55dd223ca43b0ca06a77a575f1d71e9ed1b7b1c0a8f67,38de33a487c6be3633e89c6e8d62bfaa420ee5633a0d193835000f0d365bcef0,10032,False,,275,183,RGB,quarantined_exact_duplicate,Exact pixel duplicate of canonical file data_soil_raw/Black/black_0010.jpg,,
data_soil_raw/Black/black_0127.jpg,black_0127.jpg,Black,cc46b338a81a67126e7d1e1eb08ede291bb4978f01c403b73e190cecc78893bb,e2b688fa7dfa948f9298d88c69d17277dd5eaf51e6b2700360c35bda20eef612,11641,False,,275,183,RGB,quarantined_exact_duplicate,Exact pixel duplicate of canonical file data_soil_raw/Black/black_0011.jpg,,
data_soil_raw/Black/black_0128.jpg,black_0128.jpg,Black,fd7b5376d41b8d5e634c232b8bc57d919fec8ed2a29e363639c00bca3acdeafd,16a55f958c2d5cb67c1ddec2f071e22ac8ac39490468845811a04684453f7f4c,17528,False,,331,152,RGB,quarantined_exact_duplicate,Exact pixel duplicate of canonical file data_soil_raw/Black/black_0012.jpg,,
data_soil_raw/Black/black_0129.jpg,black_0129.jpg,Black,4603ccfaadb098fb0c0bfce452b26fcee9d41fc391b8e5257493c7a311169f1d,b866029d424fd030797c8dc021b345a7144c9a1c8f0905593a1221f14f12b1a5,12977,False,,276,182,RGB,quarantined_exact_duplicate,Exact pixel duplicate of canonical file data_soil_raw/Black/black_0013.jpg,,
data_soil_raw/Black/black_0130.jpg,black_0130.jpg,Black,490c112cd0293ebbbf2404d13737674a5182f425bbd6bbee5755aac9047c6d6d,d727666bf95ffe36d85568d590b3feee5c7b89f2fbdc971f5a45552e426cb778,16833,False,,248,203,RGB,quarantined_exact_duplicate,Exact pixel duplicate of canonical file data_soil_raw/Black/black_0014.jpg,,
data_soil_raw/Black/black_0131.jpg,black_0131.jpg,Black,fff286d0fb86326eed30ebb624743b666d02c6b96f7e067fd4fe0ef18f02305a,5f7b2e489de1ceca01007996ff36fa98dd29e8cd8490caad17e4a91861d459a7,17040,False,,276,183,RGB,quarantined_exact_duplicate,Exact pixel duplicate of canonical file data_soil_raw/Black/black_0015.jpg,,
data_soil_raw/Black/black_0132.jpg,black_0132.jpg,Black,f1f23f487a9e25c17128898ff9f8bacabb2d03bab0400240a74267d0fde18b26,88db860f51692c604719863e775a8bc7154346496804528fa4039f9d9b69c3cf,14223,False,,275,183,RGB,quarantined_exact_duplicate,Exact pixel duplicate of canonical file data_soil_raw/Black/black_0016.jpg,,
data_soil_raw/Black/black_0133.jpg,black_0133.jpg,Black,86bdbf64be7385e5637a4f6742f02ffa2e14552b156a251ae16ebbb9abbd27dc,8864332840d1cde90ed5dd4a0008ad61176f985d8fd6af4121cb2ae52105c4b8,10791,False,,278,181,RGB,quarantined_exact_duplicate,Exact pixel duplicate of canonical file data_soil_raw/Black/black_0017.jpg,,
data_soil_raw/Black/black_0134.jpg,black_0134.jpg,Black,9b55154f310f003d232a7f076ba680bb6469999640fe6faee65a9aa811900591,6ec927ffdb8b699042076785a9302c7608a146fe94aa898c336b3409c1e11504,8901,False,,262,192,RGB,quarantined_exact_duplicate,Exact pixel duplicate of canonical file data_soil_raw/Black/black_0018.jpg,,
data_soil_raw/Black/black_0135.jpg,black_0135.jpg,Black,2f17d9ccab8a28b29d881ee5f4f90922cb0650a8099ad565602d7853f73753c5,0af0dacf95b2340542f458cc9b2ec0ba73bec9cc59f9efe428d20124b6fd04ef,11491,False,,276,183,RGB,quarantined_exact_duplicate,Exact pixel duplicate of canonical file data_soil_raw/Black/black_0019.jpg,,
data_soil_raw/Black/black_0136.jpg,black_0136.jpg,Black,da31cb596fc34293c259cb6b101f5afece90f1994bf933f9b1286247f4008e5b,4e9a68847427978c4897ca3b1d076593d0dcc1948893506495ecffa3360eb7db,12374,False,,262,192,RGB,quarantined_exact_duplicate,Exact pixel duplicate of canonical file data_soil_raw/Black/black_0020.jpg,,
data_soil_raw/Black/black_0137.jpg,black_0137.jpg,Black,9a097e1b39babed2a2d26b77d7b0917c597f41c2c15b1dc4b8dd0a3f3be9eae0,96aab749b1d4a18c5b55d1d2f2574e1015a7aa56987a541a4306d14d27fa2c38,12669,False,,251,201,RGB,quarantined_exact_duplicate,Exact pixel duplicate of canonical file data_soil_raw/Black/black_0021.jpg,,
data_soil_raw/Black/black_0138.jpg,black_0138.jpg,Black,586a67a430294c482f72135829c5f7a6ce29864f062845f0617b6180d7bd7850,910f3158c1d1929f4fa8292be9473867d502c071230a6651223cffb5c76033eb,7834,False,,276,183,RGB,quarantined_exact_duplicate,Exact pixel duplicate of canonical file data_soil_raw/Black/black_0022.jpg,,
data_soil_raw/Black/black_0139.jpg,black_0139.jpg,Black,deed611bab2bd290234fc448d668f53ccf3ced0aa8f4e613378022a07a7f7475,ff523db869705c2dd9f9c1119e6f97159a021aad83d0eb956cea3c181eb417e2,10332,False,,265,190,RGB,quarantined_exact_duplicate,Exact pixel duplicate of canonical file data_soil_raw/Black/black_0023.jpg,,
data_soil_raw/Black/black_0140.jpg,black_0140.jpg,Black,1520ee0cb29cb6348cbf37d76afb54f59075e3b2e43cf81995fdd4903ab65be7,4a4e152433b86186b05b024b04a78977c2ddec0c0f89ee987dda72db43877e28,12407,False,,265,190,RGB,quarantined_exact_duplicate,Exact pixel duplicate of canonical file data_soil_raw/Black/black_0024.jpg,,
data_soil_raw/Black/black_0141.jpg,black_0141.jpg,Black,d283c70d116161404597e2dd726e9a7225580b4a992542952b4044849b173142,cc7f959e7c00b23899085a7dcfc375c64ac49a19244f4ba5009fbb550f83a8de,13551,False,,183,275,RGB,quarantined_exact_duplicate,Exact pixel duplicate of canonical file data_soil_raw/Black/black_0025.jpg,,
data_soil_raw/Black/black_0142.jpg,black_0142.jpg,Black,2088703c0d18bb83153ca035fa50a706b33da2bec870b2058752eed7e83e3266,ba436317108619cd9df4e5c08c100590b72327a9a30c6526d581cb21fefd495b,15100,False,,265,190,RGB,quarantined_exact_duplicate,Exact pixel duplicate of canonical file data_soil_raw/Black/black_0026.jpg,,
data_soil_raw/Black/black_0143.jpg,black_0143.jpg,Black,78a0beda778929ccf89e4fa4daddef460ada89b78a5c59e9d603597d6023e993,7e749f1b62b17e091ca09a7c05818a4b36c3d1d018d1990a09f3fc3d113de6e8,13094,False,,251,201,RGB,quarantined_exact_duplicate,Exact pixel duplicate of canonical file data_soil_raw/Black/black_0027.jpg,,
data_soil_raw/Black/black_0144.jpg,black_0144.jpg,Black,2379519a0aea1e1f9fce0483c55aa82506720bb55ca3d8cac526d808aa0cf470,97befc68d70fb5a98949f713b1782c9627a6a6419340331d763059da2ca5c530,9860,False,,225,225,RGB,quarantined_exact_duplicate,Exact pixel duplicate of canonical file data_soil_raw/Black/black_0028.jpg,,
data_soil_raw/Black/black_0145.jpg,black_0145.jpg,Black,027c1b2ae3b4436b8d7d8e055d5886827c37776100b33bed23c08f5c7aa36484,fe327287b12905ec8847550f3b4e3b0acb3be3c9b8652da267051d301e9bd566,14638,False,,198,254,RGB,quarantined_exact_duplicate,Exact pixel duplicate of canonical file data_soil_raw/Black/black_0029.jpg,,
data_soil_raw/Black/black_0146.jpg,black_0146.jpg,Black,14116add5cc628c36338a6774f6aabc88112d139cf4e725acf1a28a7dcaacdd1,1dc84aba40003ef6a95ddd9f8974d8bf701b436366e574df865a23a1c5ec0375,9612,False,,275,183,RGB,quarantined_exact_duplicate,Exact pixel duplicate of canonical file data_soil_raw/Black/black_0030.jpg,,
data_soil_raw/Black/black_0147.jpg,black_0147.jpg,Black,b67551d0cf42e6a74d5b1fa17b3a81e3632aabb4adecb377fb9ea8ef6ffa5897,9d1e794d78322ff1037c64518528918ca4bdf1b7d3de9770cb44c0fba203af82,10515,False,,275,183,RGB,quarantined_exact_duplicate,Exact pixel duplicate of canonical file data_soil_raw/Black/black_0031.jpg,,
data_soil_raw/Black/black_0148.jpg,black_0148.jpg,Black,e59b9333a3bef4a94ae42d8765faaad2ab3173d6c2d0f8c9431c1fca7fc6b699,8f0109890d16e6f988e14e0a96452ca33cc0db398a7966a7a8eb1d30571ea308,11360,False,,187,269,RGB,quarantined_exact_duplicate,Exact pixel duplicate of canonical file data_soil_raw/Black/black_0032.jpg,,
data_soil_raw/Black/black_0149.jpg,black_0149.jpg,Black,b6076d55732273ae1bb1143c9e6bb7d129c9fe1010234e40607c2c54c0d17822,dba1f58cf1f767c58b7587094297e72239239c4fd52a04fcc74f3c6990f82668,10806,False,,272,185,RGB,quarantined_exact_duplicate,Exact pixel duplicate of canonical file data_soil_raw/Black/black_0033.jpg,,
data_soil_raw/Black/black_0150.jpg,black_0150.jpg,Black,930d29513b53c054a202772decfdf23a2ec0c8e6f73abfd7be48f06d4b0d33c8,776843dc53de266e7cf06e7e57bae40e5762dd21b1586db98b25c4c8389c236a,11098,False,,275,183,RGB,quarantined_exact_duplicate,Exact pixel duplicate of canonical file data_soil_raw/Black/black_0034.jpg,,
data_soil_raw/Black/black_0151.jpg,black_0151.jpg,Black,6d99632b562d1e7b8e529d71611bc5617a08cdec60c49794aaff80c0fc0132dd,df94f8d1da39cc6b1f54d28534f834f4f05e36a7c0270472e5e626663654d8c9,5981,False,,262,192,RGB,quarantined_exact_duplicate,Exact pixel duplicate of canonical file data_soil_raw/Black/black_0035.jpg,,
data_soil_raw/Black/black_0152.jpg,black_0152.jpg,Black,e3acf74cc1cebc9002df4e78146c3b9c14d8172f4b50d264d3ddcc32b1f1565a,22237e4dc3c3c707f4e2e3723122335a73bfd6cb818b44c42cd0869a626b57ec,18791,False,,265,190,RGB,quarantined_exact_duplicate,Exact pixel duplicate of canonical file data_soil_raw/Black/black_0036.jpg,,
data_soil_raw/Black/black_0153.jpg,black_0153.jpg,Black,9f84163510dfad94248e86ebfc6194a23a24e764862097303a0a309f52bfc79e,d16e1da6ec839c6d61219f517847dd078ee3bcbc38af9f3833f4b83deb06fc2a,12668,False,,265,190,RGB,quarantined_exact_duplicate,Exact pixel duplicate of canonical file data_soil_raw/Black/black_0037.jpg,,
data_soil_raw/Black/black_0154.jpg,black_0154.jpg,Black,2e6fdb7fd0532f0e4c451079bc80cc26423eb34ac788d9096464e1b37c6ef5ff,2c235af4a8b27d5c12de246ddfcc7932ffd894e3dfb5854519d03a8fa30b30c4,10235,False,,262,192,RGB,quarantined_exact_duplicate,Exact pixel duplicate of canonical file data_soil_raw/Black/black_0038.jpg,,
data_soil_raw/Black/black_0155.jpg,black_0155.jpg,Black,bb5fc88d1a9f40bc1825ba4a31582e7a8888e487a5ef9bc91d26d4469e04e3b1,da9fec744b4d20fa978b9064b6a3454ca42cf8b3fe9a9e9a44849e0157449762,11102,False,,225,225,RGB,quarantined_exact_duplicate,Exact pixel duplicate of canonical file data_soil_raw/Black/black_0039.jpg,,
data_soil_raw/Black/black_0156.jpg,black_0156.jpg,Black,1cb83dbd0e9144a34948bcafbe3dc2ca55fdf38541ca0e890b6e87b1c1f75abc,cbf52188ce63bd2953fa31ba82ffe841ddef1babffe742790543224b258df820,12756,False,,275,183,RGB,quarantined_exact_duplicate,Exact pixel duplicate of canonical file data_soil_raw/Black/black_0040.jpg,,
data_soil_raw/Black/black_0157.jpg,black_0157.jpg,Black,49a143ac69c898f4f494955c450cb00113b739fbfaa1e79053f94f4888bd6bd3,f75fe37264c0b5f51bbc348d68f5ba05d24d2383037b44508d7ee5729e68d171,7646,False,,262,192,RGB,quarantined_exact_duplicate,Exact pixel duplicate of canonical file data_soil_raw/Black/black_0041.jpg,,
data_soil_raw/Black/black_0158.jpg,black_0158.jpg,Black,ec08606a611eeb36ee32ae32bb82e39018758c641ba978b34bf4bafd76cd4739,53f62614b7207844c34f8ad0ae815a26af508ee9676cda1d7feb58695cc01429,4802,False,,377,134,RGB,quarantined_exact_duplicate,Exact pixel duplicate of canonical file data_soil_raw/Black/black_0042.jpg,,
data_soil_raw/Black/black_0159.jpg,black_0159.jpg,Black,c0c346fccc1de4e27f31aef9a4185b6b712af864e94128e7103bbe24f2ab0a93,ff04f0d1a9c41c3cd93f3fd3222d99588c7366d0b3e330736491c78e45990de1,8909,False,,299,168,RGB,quarantined_exact_duplicate,Exact pixel duplicate of canonical file data_soil_raw/Black/black_0043.jpg,,
data_soil_raw/Black/black_0160.jpg,black_0160.jpg,Black,084f7100d03c6ccdd2b4d91ef0d49510b57222f046a0acf10720750a60695f36,5fd76f7f851b6920309ef6bb4a4ca748b83172ae3645f3ce2fe17520897c70be,14716,False,,225,225,RGB,quarantined_exact_duplicate,Exact pixel duplicate of canonical file data_soil_raw/Black/black_0044.jpg,,
data_soil_raw/Black/black_0161.jpg,black_0161.jpg,Black,11cb1fd41c13e702ca24d4c9658a4a5a1f06ae539d21cf51e682a7323881092c,0766d2e8d7cd39d038bf3b541954d47fd0aa42372efbc450c64170281ea05b79,17144,False,,300,168,RGB,quarantined_exact_duplicate,Exact pixel duplicate of canonical file data_soil_raw/Black/black_0045.jpg,,
data_soil_raw/Black/black_0162.jpg,black_0162.jpg,Black,3d905bfa4a672a7ebc95af95efc05c5175f6453f2970fce5054b9993f9811618,6af655cc9e1d40c23d18d92f6c63a9e5a434ca59b375b151e6aa843cfc694056,12079,False,,259,194,RGB,quarantined_exact_duplicate,Exact pixel duplicate of canonical file data_soil_raw/Black/black_0046.jpg,,
data_soil_raw/Black/black_0163.jpg,black_0163.jpg,Black,2e6be3595d08ecdcf1d9bfcb7f8e006e1b4ec5d3b6c54b44d9bcfb85d9137009,184199a5e36088893f5ff4613b50c1a134302da5f0c25d6c46ae76dce3b3aa59,13163,False,,275,183,RGB,quarantined_exact_duplicate,Exact pixel duplicate of canonical file data_soil_raw/Black/black_0047.jpg,,
data_soil_raw/Black/black_0164.jpg,black_0164.jpg,Black,66a1789eba715069fccb7f3a34f5df40ea5321e3d3584c366ba5be17d3058562,d6e103a1c5987b03c489ccb0d8e0910c5d340dc2998d779aca2f8aae5508a16b,49368,False,,728,728,RGB,quarantined_exact_duplicate,Exact pixel duplicate of canonical file data_soil_raw/Black/black_0051.jpg,,
data_soil_raw/Black/black_0165.jpg,black_0165.jpg,Black,30239b0e177442808c3838a810f862d5b2132b7e4a03fff49b6a1569680e062a,c6b5c9328aa6afb493b30ed4b0b71000e4a78c04104071fe490efb4d0570194f,32520,False,,728,728,RGB,quarantined_exact_duplicate,Exact pixel duplicate of canonical file data_soil_raw/Black/black_0052.jpg,,
data_soil_raw/Black/black_0166.jpg,black_0166.jpg,Black,c3f082dae16a0af3338c9a9ffda2410d91d6087eddc7a77f65d74fd41d0f80dd,2e9aa5760f37ee989d48ec8ed7f4b3f0107d3a07072b8d753eeafcb3756438c7,17609,False,,275,183,RGB,quarantined_exact_duplicate,Exact pixel duplicate of canonical file data_soil_raw/Black/black_0085.jpg,,
data_soil_raw/Black/black_0167.jpg,black_0167.jpg,Black,d673761e1368b175a1d01370ab0958b269f2e5d1af5864f52075f88314544bc9,76c99a945ad597d7d066ca3fd333bc542a20d4bd53d443ed3fcbeb7885cc9875,9071,False,,257,196,RGB,quarantined_exact_duplicate,Exact pixel duplicate of canonical file data_soil_raw/Black/black_0048.jpg,,
data_soil_raw/Black/black_0168.jpg,black_0168.jpg,Black,d673761e1368b175a1d01370ab0958b269f2e5d1af5864f52075f88314544bc9,76c99a945ad597d7d066ca3fd333bc542a20d4bd53d443ed3fcbeb7885cc9875,9071,False,,257,196,RGB,quarantined_exact_duplicate,Exact pixel duplicate of canonical file data_soil_raw/Black/black_0048.jpg,,
data_soil_raw/Black/black_0169.jpg,black_0169.jpg,Black,2065d92095d023c3cbc0b627c21d282dfcaed4ba8b9374476d0125ea36980cf6,3b901b372efa31b878457b748c1473ec4e663357e04c42cee61b34f5531a4963,14325,False,,275,183,RGB,quarantined_exact_duplicate,Exact pixel duplicate of canonical file data_soil_raw/Black/black_0049.jpg,,
data_soil_raw/Black/black_0170.jpg,black_0170.jpg,Black,2065d92095d023c3cbc0b627c21d282dfcaed4ba8b9374476d0125ea36980cf6,3b901b372efa31b878457b748c1473ec4e663357e04c42cee61b34f5531a4963,14325,False,,275,183,RGB,quarantined_exact_duplicate,Exact pixel duplicate of canonical file data_soil_raw/Black/black_0049.jpg,,
data_soil_raw/Black/black_0171.jpg,black_0171.jpg,Black,740cfa25672308b8fd8f8bf742d92c424f612dfdf536bc212b51dd2ec3633e09,fed6dfd155753d931eeca3111ae0e811a846e82ba09c77644e62ab190ab9d26c,8851,False,,254,198,RGB,quarantined_exact_duplicate,Exact pixel duplicate of canonical file data_soil_raw/Black/black_0090.jpg,,
data_soil_raw/Black/black_0172.jpg,black_0172.jpg,Black,740cfa25672308b8fd8f8bf742d92c424f612dfdf536bc212b51dd2ec3633e09,fed6dfd155753d931eeca3111ae0e811a846e82ba09c77644e62ab190ab9d26c,8851,False,,254,198,RGB,quarantined_exact_duplicate,Exact pixel duplicate of canonical file data_soil_raw/Black/black_0090.jpg,,
data_soil_raw/Black/black_0173.jpg,black_0173.jpg,Black,27257e29e7629fabed77ac6fd8864e04f496f76785b11e260bb59f6ebefe17de,a3345cafbb040143f94baf7dc4e0688183b8edc42c901aa01156df0b2768a836,81656,False,,480,383,RGB,quarantined_exact_duplicate,Exact pixel duplicate of canonical file data_soil_raw/Black/black_0092.jpg,,
data_soil_raw/Black/black_0174.jpg,black_0174.jpg,Black,a021c55aee8f71a5d66f4ae4ba3f096961b33afb21f52f72023d73b760cb68aa,3aa807ca14a15be9ed060bebba71b23fdaa1cd39e1d24296f81d799d147591e1,99466,False,,850,995,RGB,quarantined_exact_duplicate,Exact pixel duplicate of canonical file data_soil_raw/Black/black_0093.jpg,,
data_soil_raw/Black/black_0175.jpg,black_0175.jpg,Black,86c93ccea91d44a45f303c94d5a0eafe83313d5b2059c3aadc98bfce388019a8,f8cb0f2312714f8eb26c87e7325a0caba779655553982b6b35f4b684394a649b,34223,False,,728,728,RGB,quarantined_exact_duplicate,Exact pixel duplicate of canonical file data_soil_raw/Black/black_0050.jpg,,
data_soil_raw/Black/black_0176.jpg,black_0176.jpg,Black,66a1789eba715069fccb7f3a34f5df40ea5321e3d3584c366ba5be17d3058562,d6e103a1c5987b03c489ccb0d8e0910c5d340dc2998d779aca2f8aae5508a16b,49368,False,,728,728,RGB,quarantined_exact_duplicate,Exact pixel duplicate of canonical file data_soil_raw/Black/black_0051.jpg,,
data_soil_raw/Black/black_0177.jpg,black_0177.jpg,Black,30239b0e177442808c3838a810f862d5b2132b7e4a03fff49b6a1569680e062a,c6b5c9328aa6afb493b30ed4b0b71000e4a78c04104071fe490efb4d0570194f,32520,False,,728,728,RGB,quarantined_exact_duplicate,Exact pixel duplicate of canonical file data_soil_raw/Black/black_0052.jpg,,
data_soil_raw/Black/black_0178.jpeg,black_0178.jpeg,Black,3a048b4f2ae612163c886c5e7421d4cab3c27db1369fdfa7632f65df5fb6fd38,7cb980671ecc7577d9dda75b897649e14cfa4f2592169a5eaf7175c56afe303a,12678,False,,259,194,RGB,quarantined_exact_duplicate,Exact pixel duplicate of canonical file data_soil_raw/Black/black_0094.jpeg,,
data_soil_raw/Black/black_0179.jpeg,black_0179.jpeg,Black,3a048b4f2ae612163c886c5e7421d4cab3c27db1369fdfa7632f65df5fb6fd38,7cb980671ecc7577d9dda75b897649e14cfa4f2592169a5eaf7175c56afe303a,12678,False,,259,194,RGB,quarantined_exact_duplicate,Exact pixel duplicate of canonical file data_soil_raw/Black/black_0094.jpeg,,
data_soil_raw/Black/black_0180.jpg,black_0180.jpg,Black,d603d4133ccdb2e5273b76c70e2f8f36d3fe7373ac6c71fae6ac8179c5145212,b38a1c3ab2fd7f47f0c18a7d874a87cb63f71d942bc063cc65afd14206eaf2a2,8730,False,,225,225,RGB,quarantined_exact_duplicate,Exact pixel duplicate of canonical file data_soil_raw/Black/black_0095.jpg,,
data_soil_raw/Black/black_0181.jpg,black_0181.jpg,Black,d603d4133ccdb2e5273b76c70e2f8f36d3fe7373ac6c71fae6ac8179c5145212,b38a1c3ab2fd7f47f0c18a7d874a87cb63f71d942bc063cc65afd14206eaf2a2,8730,False,,225,225,RGB,quarantined_exact_duplicate,Exact pixel duplicate of canonical file data_soil_raw/Black/black_0095.jpg,,
data_soil_raw/Black/black_0182.jpg,black_0182.jpg,Black,5424fc581ca0bff43f0c7399ae4bcb270e91c79a19418b35e27d93e1bf6c3dec,a5bc74598ac14989e865c86d56dfc22132565513f3a8f06d26ffcb4250f3a57b,14350,False,,275,183,RGB,quarantined_exact_duplicate,Exact pixel duplicate of canonical file data_soil_raw/Black/black_0053.jpg,,
data_soil_raw/Black/black_0183.jpg,black_0183.jpg,Black,5424fc581ca0bff43f0c7399ae4bcb270e91c79a19418b35e27d93e1bf6c3dec,a5bc74598ac14989e865c86d56dfc22132565513f3a8f06d26ffcb4250f3a57b,14350,False,,275,183,RGB,quarantined_exact_duplicate,Exact pixel duplicate of canonical file data_soil_raw/Black/black_0053.jpg,,
data_soil_raw/Black/black_0184.jpg,black_0184.jpg,Black,d586611151f4d52d8039e90e88709c270e80177894a06049de4c3561c4d9f459,3203630a5a92e5a651b99a37c6b907e64b770f0fa2ae7b8152a14a4fad6b9391,16516,False,,275,183,RGB,clean_retained,,train,data_soil/train/Black/black_0014.jpg
data_soil_raw/Black/black_0185.jpg,black_0185.jpg,Black,d586611151f4d52d8039e90e88709c270e80177894a06049de4c3561c4d9f459,3203630a5a92e5a651b99a37c6b907e64b770f0fa2ae7b8152a14a4fad6b9391,16516,False,,275,183,RGB,quarantined_exact_duplicate,Exact pixel duplicate of canonical file data_soil_raw/Black/black_0184.jpg,,
data_soil_raw/Black/black_0186.jpg,black_0186.jpg,Black,6bb1fab36164da0a4e063e5b81ca18a5710889f42e56eec6a1a9d47079b6cead,2f001847e7e5a507320ba7463c7ab3fc33616130a6f884be25644609efc37e34,14397,False,,275,183,RGB,clean_retained,,train,data_soil/train/Black/black_0013.jpg
data_soil_raw/Black/black_0187.jpg,black_0187.jpg,Black,6bb1fab36164da0a4e063e5b81ca18a5710889f42e56eec6a1a9d47079b6cead,2f001847e7e5a507320ba7463c7ab3fc33616130a6f884be25644609efc37e34,14397,False,,275,183,RGB,quarantined_exact_duplicate,Exact pixel duplicate of canonical file data_soil_raw/Black/black_0186.jpg,,
data_soil_raw/Black/black_0188.jpg,black_0188.jpg,Black,01aae6348093970f43373baf6291d36866d4416ea718a34cdd712964d02513da,63baa0f3dcfd0cce264dcc54efc24256abbf69fda29db2021411a4c11222de24,13066,False,,284,177,RGB,clean_retained,,test,data_soil/test/Black/black_0010.jpg
data_soil_raw/Black/black_0189.jpg,black_0189.jpg,Black,01aae6348093970f43373baf6291d36866d4416ea718a34cdd712964d02513da,63baa0f3dcfd0cce264dcc54efc24256abbf69fda29db2021411a4c11222de24,13066,False,,284,177,RGB,quarantined_exact_duplicate,Exact pixel duplicate of canonical file data_soil_raw/Black/black_0188.jpg,,
data_soil_raw/Black/black_0190.jpg,black_0190.jpg,Black,027c7b4aa77bc131bcc1db91ed6736150966637174a07f2d27c98f98833d3d39,d6b7471a1adca3cb390a122e933739a806e6d3dfd3c99f2168e9f600d40f7760,10869,False,,275,183,RGB,clean_retained,,train,data_soil/train/Black/black_0069.jpg
data_soil_raw/Black/black_0191.jpg,black_0191.jpg,Black,027c7b4aa77bc131bcc1db91ed6736150966637174a07f2d27c98f98833d3d39,d6b7471a1adca3cb390a122e933739a806e6d3dfd3c99f2168e9f600d40f7760,10869,False,,275,183,RGB,quarantined_exact_duplicate,Exact pixel duplicate of canonical file data_soil_raw/Black/black_0190.jpg,,
data_soil_raw/Black/black_0192.jpg,black_0192.jpg,Black,a9e18a3fe1eb6e958911843baef0b0e0e0333dc4d7ad1c66d80c914de1110aab,86c26876ef2ea4b8a9eaf8e946cddf3620032d8cd4ff7fb5a3c68ec3806de5fa,14512,False,,183,275,RGB,clean_retained,,train,data_soil/train/Black/black_0043.jpg
data_soil_raw/Black/black_0193.jpg,black_0193.jpg,Black,a9e18a3fe1eb6e958911843baef0b0e0e0333dc4d7ad1c66d80c914de1110aab,86c26876ef2ea4b8a9eaf8e946cddf3620032d8cd4ff7fb5a3c68ec3806de5fa,14512,False,,183,275,RGB,quarantined_exact_duplicate,Exact pixel duplicate of canonical file data_soil_raw/Black/black_0192.jpg,,
data_soil_raw/Black/black_0194.jpg,black_0194.jpg,Black,27def18a99c4e4bb909edaeb34ba1565c18ec2bf117f5225bae8fc436d33bb72,616d126e4e772a1f81d7c3073eea7fb1cab94a2f5e38ceb5269aeeacb1d041a8,11559,False,,275,183,RGB,clean_retained,,train,data_soil/train/Black/black_0028.jpg
data_soil_raw/Black/black_0195.jpg,black_0195.jpg,Black,27def18a99c4e4bb909edaeb34ba1565c18ec2bf117f5225bae8fc436d33bb72,616d126e4e772a1f81d7c3073eea7fb1cab94a2f5e38ceb5269aeeacb1d041a8,11559,False,,275,183,RGB,quarantined_exact_duplicate,Exact pixel duplicate of canonical file data_soil_raw/Black/black_0194.jpg,,
data_soil_raw/Black/black_0196.jpg,black_0196.jpg,Black,f2acedcce0ddb1563681a99c2a4ee8c6b6b6178e2f1debf7111f32d6c7319a11,cd2b459129953948ca6d7aab915547c0f8fcd57f71842967292a67441cf9aed8,4315,False,,100,100,RGB,clean_retained,,train,data_soil/train/Black/black_0067.jpg
data_soil_raw/Black/black_0197.jpg,black_0197.jpg,Black,f2acedcce0ddb1563681a99c2a4ee8c6b6b6178e2f1debf7111f32d6c7319a11,cd2b459129953948ca6d7aab915547c0f8fcd57f71842967292a67441cf9aed8,4315,False,,100,100,RGB,quarantined_exact_duplicate,Exact pixel duplicate of canonical file data_soil_raw/Black/black_0196.jpg,,
data_soil_raw/Black/black_0198.jpg,black_0198.jpg,Black,59e0e71b33c79ceeb27f2188f1b65d2a70a49ec03a06e896531da4041129cf52,fb2e5ab755f7e326f6ca9cd0f3aeaa1743726d0a32f0c83c73a0b798332cef21,16429,False,,225,225,RGB,clean_retained,,train,data_soil/train/Black/black_0080.jpg
data_soil_raw/Black/black_0199.jpg,black_0199.jpg,Black,59e0e71b33c79ceeb27f2188f1b65d2a70a49ec03a06e896531da4041129cf52,fb2e5ab755f7e326f6ca9cd0f3aeaa1743726d0a32f0c83c73a0b798332cef21,16429,False,,225,225,RGB,quarantined_exact_duplicate,Exact pixel duplicate of canonical file data_soil_raw/Black/black_0198.jpg,,
data_soil_raw/Black/black_0200.jpg,black_0200.jpg,Black,61f9112a8aa8d83eedd8e669f8708fb5ce96a77c5f4a72faf0ac9670b100d61c,e07c1ad44f72dbb43be1096c52334948312dacd41bee40eb7539f52a2d8d83d4,4205,False,,275,183,RGB,clean_retained,,train,data_soil/train/Black/black_0075.jpg
data_soil_raw/Black/black_0201.jpg,black_0201.jpg,Black,61f9112a8aa8d83eedd8e669f8708fb5ce96a77c5f4a72faf0ac9670b100d61c,e07c1ad44f72dbb43be1096c52334948312dacd41bee40eb7539f52a2d8d83d4,4205,False,,275,183,RGB,quarantined_exact_duplicate,Exact pixel duplicate of canonical file data_soil_raw/Black/black_0200.jpg,,
data_soil_raw/Black/black_0202.jpg,black_0202.jpg,Black,65f799cd997b13bf2df0d162f77922b122919aef01c64a4f2c5c69cf9402bc91,4931d71c8e139304685ae73eb133b35e9836e31337eb17595b7262da9b78c911,2939,False,,100,100,RGB,quarantined_exact_duplicate,Exact pixel duplicate of canonical file data_soil_raw/Black/black_0054.jpg,,
data_soil_raw/Black/black_0203.jpg,black_0203.jpg,Black,65f799cd997b13bf2df0d162f77922b122919aef01c64a4f2c5c69cf9402bc91,4931d71c8e139304685ae73eb133b35e9836e31337eb17595b7262da9b78c911,2939,False,,100,100,RGB,quarantined_exact_duplicate,Exact pixel duplicate of canonical file data_soil_raw/Black/black_0054.jpg,,
data_soil_raw/Black/black_0204.jpg,black_0204.jpg,Black,cfb7f626a480c7665db807d14596554e13a1fded4044ddddafa0a667da355663,18128f105a337f5a0718167fb7499ecd08937fdf684e424e7ece9bef4b58c1d8,14368,False,,270,187,RGB,quarantined_exact_duplicate,Exact pixel duplicate of canonical file data_soil_raw/Black/black_0055.jpg,,
data_soil_raw/Black/black_0205.jpg,black_0205.jpg,Black,cfb7f626a480c7665db807d14596554e13a1fded4044ddddafa0a667da355663,18128f105a337f5a0718167fb7499ecd08937fdf684e424e7ece9bef4b58c1d8,14368,False,,270,187,RGB,quarantined_exact_duplicate,Exact pixel duplicate of canonical file data_soil_raw/Black/black_0055.jpg,,
data_soil_raw/Black/black_0206.jpg,black_0206.jpg,Black,542f146d1c379b6b7c74f58c74cbe78ab7d0ecbb159e79430b810cdf14953d7c,1dcf6bbbe98c7d6825e9805725932c79ad5610e616e5a748e4f5f94f3ea90dec,13069,False,,225,225,RGB,quarantined_exact_duplicate,Exact pixel duplicate of canonical file data_soil_raw/Black/black_0057.jpg,,
data_soil_raw/Black/black_0207.jpg,black_0207.jpg,Black,542f146d1c379b6b7c74f58c74cbe78ab7d0ecbb159e79430b810cdf14953d7c,1dcf6bbbe98c7d6825e9805725932c79ad5610e616e5a748e4f5f94f3ea90dec,13069,False,,225,225,RGB,quarantined_exact_duplicate,Exact pixel duplicate of canonical file data_soil_raw/Black/black_0057.jpg,,
data_soil_raw/Black/black_0208.jpg,black_0208.jpg,Black,f88ed24b2b2cadd1e5a0bcd264ba57a33afa878b8edf9e5a50870d81dc768cbd,94c138539df42b8690a8a436cd8f5b451ffbfaae8426e12cb0dcb1fdaaf344e4,15539,False,,225,225,RGB,clean_retained,,test,data_soil/test/Black/black_0012.jpg
data_soil_raw/Black/black_0209.jpg,black_0209.jpg,Black,f88ed24b2b2cadd1e5a0bcd264ba57a33afa878b8edf9e5a50870d81dc768cbd,94c138539df42b8690a8a436cd8f5b451ffbfaae8426e12cb0dcb1fdaaf344e4,15539,False,,225,225,RGB,quarantined_exact_duplicate,Exact pixel duplicate of canonical file data_soil_raw/Black/black_0208.jpg,,
data_soil_raw/Black/black_0210.jpg,black_0210.jpg,Black,cda81d51af1c8ed00ccca3d0ca7338608147e52ac48476bd5e738311df4c376d,75436a27c9cb7d02c66f9bba45600689e4801629aa531e94aefe9d1d7291c9e8,10607,False,,225,225,RGB,quarantined_exact_duplicate,Exact pixel duplicate of canonical file data_soil_raw/Black/black_0097.jpg,,
data_soil_raw/Black/black_0211.jpg,black_0211.jpg,Black,cda81d51af1c8ed00ccca3d0ca7338608147e52ac48476bd5e738311df4c376d,75436a27c9cb7d02c66f9bba45600689e4801629aa531e94aefe9d1d7291c9e8,10607,False,,225,225,RGB,quarantined_exact_duplicate,Exact pixel duplicate of canonical file data_soil_raw/Black/black_0097.jpg,,
data_soil_raw/Black/black_0212.jpg,black_0212.jpg,Black,31f22eb5d82e4dcdc2d4e95ee000b2f4119e6a6cf7b3aefbb0b23257aa0bbff2,0e2bdcb31c581fa21c35105b56800a334fb08f51828ede5493094f41055c3d60,12227,False,,216,233,RGB,quarantined_exact_duplicate,Exact pixel duplicate of canonical file data_soil_raw/Black/black_0098.jpg,,
data_soil_raw/Black/black_0213.jpg,black_0213.jpg,Black,31f22eb5d82e4dcdc2d4e95ee000b2f4119e6a6cf7b3aefbb0b23257aa0bbff2,0e2bdcb31c581fa21c35105b56800a334fb08f51828ede5493094f41055c3d60,12227,False,,216,233,RGB,quarantined_exact_duplicate,Exact pixel duplicate of canonical file data_soil_raw/Black/black_0098.jpg,,
data_soil_raw/Black/black_0214.jpg,black_0214.jpg,Black,9fbca0bee211c087135b5e731d7a7dbdd3e358bc88a007b3b09095489c192800,768fe23db0d86efd297c41893c24e53f316bae7cb5294f262bfd4eb5e12ac743,3743,False,,275,183,RGB,quarantined_exact_duplicate,Exact pixel duplicate of canonical file data_soil_raw/Black/black_0099.jpg,,
data_soil_raw/Black/black_0215.jpg,black_0215.jpg,Black,9fbca0bee211c087135b5e731d7a7dbdd3e358bc88a007b3b09095489c192800,768fe23db0d86efd297c41893c24e53f316bae7cb5294f262bfd4eb5e12ac743,3743,False,,275,183,RGB,quarantined_exact_duplicate,Exact pixel duplicate of canonical file data_soil_raw/Black/black_0099.jpg,,
data_soil_raw/Black/black_0216.jpg,black_0216.jpg,Black,c8ac8f62f6abad047dbea25f2c8e57c4b89bd5321b799311d1e6c5e7ee8c6344,bcd27eb0f47076a8b536b35938ea190acf33b960b37d7f1368770772851eaae8,11593,False,,300,168,RGB,quarantined_exact_duplicate,Exact pixel duplicate of canonical file data_soil_raw/Black/black_0058.jpg,,
data_soil_raw/Black/black_0217.jpg,black_0217.jpg,Black,c8ac8f62f6abad047dbea25f2c8e57c4b89bd5321b799311d1e6c5e7ee8c6344,bcd27eb0f47076a8b536b35938ea190acf33b960b37d7f1368770772851eaae8,11593,False,,300,168,RGB,quarantined_exact_duplicate,Exact pixel duplicate of canonical file data_soil_raw/Black/black_0058.jpg,,
data_soil_raw/Black/black_0218.jpg,black_0218.jpg,Black,032d6b4dadf6ec3e2afb5c9b5ded51cc2db95620e9dbf00550d9b5a013ca04f8,2ee340c074941946ae6cf2916f2107cbc3ae6de0864204dddd68489ced168856,13782,False,,225,225,RGB,quarantined_cross_class_conflict,"Identical pixel content found across conflicting classes: ['Alluvial', 'Black']",,
data_soil_raw/Black/black_0219.jpg,black_0219.jpg,Black,d25062aba6e68ead8ff609f49f57a9f63dfa9d89dfde71123a562cdb6359edc2,fd91df0f3101b98b2a29680eceda9d821c524943998135f232eeb2141b62083c,12329,False,,259,194,RGB,clean_retained,,val,data_soil/val/Black/black_0018.jpg
data_soil_raw/Black/black_0220.jpg,black_0220.jpg,Black,d25062aba6e68ead8ff609f49f57a9f63dfa9d89dfde71123a562cdb6359edc2,fd91df0f3101b98b2a29680eceda9d821c524943998135f232eeb2141b62083c,12329,False,,259,194,RGB,quarantined_exact_duplicate,Exact pixel duplicate of canonical file data_soil_raw/Black/black_0219.jpg,,
data_soil_raw/Black/black_0221.jpg,black_0221.jpg,Black,443cec711442ac81debfb7e957d218d82bbe66dac362cd60827aae3b11f4c173,4a33f7c400230408d3581f40dd735d737dc050822458c879614d9ae1d1d0c18b,13768,False,,225,225,RGB,quarantined_exact_duplicate,Exact pixel duplicate of canonical file data_soil_raw/Black/black_0059.jpg,,
data_soil_raw/Black/black_0222.jpg,black_0222.jpg,Black,443cec711442ac81debfb7e957d218d82bbe66dac362cd60827aae3b11f4c173,4a33f7c400230408d3581f40dd735d737dc050822458c879614d9ae1d1d0c18b,13768,False,,225,225,RGB,quarantined_exact_duplicate,Exact pixel duplicate of canonical file data_soil_raw/Black/black_0059.jpg,,
data_soil_raw/Black/black_0223.jpg,black_0223.jpg,Black,7d06e7b87cb8c999af25ca9c95e48d9c05e854cf64f17640ef245e3777afb5bf,98783c9f3c33ac086a95e4fb449d5bdf3c7abdf5f9f0e9613b81c099567d8063,11911,False,,275,183,RGB,quarantined_exact_duplicate,Exact pixel duplicate of canonical file data_soil_raw/Black/black_0103.jpg,,
data_soil_raw/Black/black_0224.jpg,black_0224.jpg,Black,7d06e7b87cb8c999af25ca9c95e48d9c05e854cf64f17640ef245e3777afb5bf,98783c9f3c33ac086a95e4fb449d5bdf3c7abdf5f9f0e9613b81c099567d8063,11911,False,,275,183,RGB,quarantined_exact_duplicate,Exact pixel duplicate of canonical file data_soil_raw/Black/black_0103.jpg,,
data_soil_raw/Black/black_0225.jpg,black_0225.jpg,Black,df3a061c87387290019c3b249ceffb7f7652d1ce9224a4737de4ee7f71a69796,a3794f423be7ad8a697722a2839b9ad040f8fd6cbec8287b38e1f6c594c9421b,16082,False,,275,183,RGB,quarantined_exact_duplicate,Exact pixel duplicate of canonical file data_soil_raw/Black/black_0104.jpg,,
data_soil_raw/Black/black_0226.jpg,black_0226.jpg,Black,df3a061c87387290019c3b249ceffb7f7652d1ce9224a4737de4ee7f71a69796,a3794f423be7ad8a697722a2839b9ad040f8fd6cbec8287b38e1f6c594c9421b,16082,False,,275,183,RGB,quarantined_exact_duplicate,Exact pixel duplicate of canonical file data_soil_raw/Black/black_0104.jpg,,
data_soil_raw/Black/black_0227.jpg,black_0227.jpg,Black,a11edf49434d61d0472e148b2cf1038a401158f1d9ed050f9d84ca002693ea86,7863728558cb82254e7eff8fd292ba286207032520b213a5d62b8bf6d30ba1ca,9560,False,,225,225,RGB,quarantined_exact_duplicate,Exact pixel duplicate of canonical file data_soil_raw/Black/black_0060.jpg,,
data_soil_raw/Black/black_0228.jpg,black_0228.jpg,Black,a11edf49434d61d0472e148b2cf1038a401158f1d9ed050f9d84ca002693ea86,7863728558cb82254e7eff8fd292ba286207032520b213a5d62b8bf6d30ba1ca,9560,False,,225,225,RGB,quarantined_exact_duplicate,Exact pixel duplicate of canonical file data_soil_raw/Black/black_0060.jpg,,
data_soil_raw/Black/black_0229.jpg,black_0229.jpg,Black,c5f5efb82fee7844b0ac3dc87e4a373ded872a7289aa7f987bf40f4086b866a3,5a427c43ab5e7c6a8f89fc49a250197c0ccb9591d2ab6ecd38db26de3855db53,15670,False,,275,183,RGB,quarantined_exact_duplicate,Exact pixel duplicate of canonical file data_soil_raw/Black/black_0062.jpg,,
data_soil_raw/Black/black_0230.jpg,black_0230.jpg,Black,c5f5efb82fee7844b0ac3dc87e4a373ded872a7289aa7f987bf40f4086b866a3,5a427c43ab5e7c6a8f89fc49a250197c0ccb9591d2ab6ecd38db26de3855db53,15670,False,,275,183,RGB,quarantined_exact_duplicate,Exact pixel duplicate of canonical file data_soil_raw/Black/black_0062.jpg,,
data_soil_raw/Black/black_0231.jpg,black_0231.jpg,Black,7ffac753b1b9444d8d07c3a84186662c8fba34ef6eb79e5b4bcebee63f7b8125,7811dd1fed8460ff075584a27c5e8a693d8ec2ef948c95c179c8dd3ef09009c5,16497,False,,275,183,RGB,quarantined_exact_duplicate,Exact pixel duplicate of canonical file data_soil_raw/Black/black_0106.jpg,,
data_soil_raw/Black/black_0232.jpg,black_0232.jpg,Black,7ffac753b1b9444d8d07c3a84186662c8fba34ef6eb79e5b4bcebee63f7b8125,7811dd1fed8460ff075584a27c5e8a693d8ec2ef948c95c179c8dd3ef09009c5,16497,False,,275,183,RGB,quarantined_exact_duplicate,Exact pixel duplicate of canonical file data_soil_raw/Black/black_0106.jpg,,
data_soil_raw/Black/black_0233.jpg,black_0233.jpg,Black,5a9080affd11187d0637819c92563362f83294bfd87d02998b56dc10febd5bb6,8955ee5f21daa57d1dd6a23f9fb7137b689b6d871df68d45153ad93e963065fa,12881,False,,250,202,RGB,quarantined_exact_duplicate,Exact pixel duplicate of canonical file data_soil_raw/Black/black_0063.jpg,,
data_soil_raw/Black/black_0234.jpg,black_0234.jpg,Black,5a9080affd11187d0637819c92563362f83294bfd87d02998b56dc10febd5bb6,8955ee5f21daa57d1dd6a23f9fb7137b689b6d871df68d45153ad93e963065fa,12881,False,,250,202,RGB,quarantined_exact_duplicate,Exact pixel duplicate of canonical file data_soil_raw/Black/black_0063.jpg,,
data_soil_raw/Black/black_0235.jpg,black_0235.jpg,Black,7f04e1c061e715f2b7616415f8859cbf796032490f181c3d59c75d449ca1258d,044116273e7c671021ce9767f43b9bacea13f260241ac2dee515164a284b2e5c,17258,False,,225,225,RGB,quarantined_exact_duplicate,Exact pixel duplicate of canonical file data_soil_raw/Black/black_0064.jpg,,
data_soil_raw/Black/black_0236.jpg,black_0236.jpg,Black,7f04e1c061e715f2b7616415f8859cbf796032490f181c3d59c75d449ca1258d,044116273e7c671021ce9767f43b9bacea13f260241ac2dee515164a284b2e5c,17258,False,,225,225,RGB,quarantined_exact_duplicate,Exact pixel duplicate of canonical file data_soil_raw/Black/black_0064.jpg,,
data_soil_raw/Black/black_0237.jpg,black_0237.jpg,Black,3225ca7ef0ea0ff1592a0f80efbe9fa66bb2bf6fed8336542cf626f60a788f11,f21c8462614174ba353bf9ec326539c3cfc36f189caa3a58bdeb73d897e940f0,10950,False,,225,225,RGB,quarantined_exact_duplicate,Exact pixel duplicate of canonical file data_soil_raw/Black/black_0066.jpg,,
data_soil_raw/Black/black_0238.jpg,black_0238.jpg,Black,cefbba302e61575b5dc302b22d2a1b82c6aaa3eaa70a49255e26e4b509bda987,5f1c15fea9508706051639d46712731050b147d116e0bbad8e077e083ba0ae3d,8271,False,,259,194,RGB,quarantined_exact_duplicate,Exact pixel duplicate of canonical file data_soil_raw/Black/black_0109.jpg,,
data_soil_raw/Black/black_0239.jpg,black_0239.jpg,Black,9e899dc6927f39d1910d1968e2de9425b884437475d5102c4190e6fdd79c5220,93a526a3eac92db63629c994f4a2cafa0d7abbfa1754b8fa9a07d04016407fc8,16246,False,,275,183,RGB,quarantined_exact_duplicate,Exact pixel duplicate of canonical file data_soil_raw/Black/black_0110.jpg,,
data_soil_raw/Black/black_0240.jpg,black_0240.jpg,Black,92db2b934345fc770304645d38c8f13030cb98c9838d523933cabcee1c3e9011,6b1d102559dd5411fbdb336c4154daf4e4fa28f1e1fcef12b790f5d2d925c7ab,20604,False,,275,183,RGB,quarantined_exact_duplicate,Exact pixel duplicate of canonical file data_soil_raw/Black/black_0111.jpg,,
data_soil_raw/Black/black_0241.jpg,black_0241.jpg,Black,bfbd9068944d5d415f62de9bc80d31dae2b14b1b0338bf886800dea0293d0f3d,65c658a48cf47713a6a3fa3564a4e40383c277432372667adcebae29b889f138,15058,False,,251,201,RGB,quarantined_exact_duplicate,Exact pixel duplicate of canonical file data_soil_raw/Black/black_0112.jpg,,
data_soil_raw/Black/black_0242.jpg,black_0242.jpg,Black,191f7fce7f8a3ad6324fbdd196e9005c1fb16550c69a78cabf6825110c6a3d66,bff9fb6a8164c8bdf1dcd20be7847b1c7a4d6026283edb437c5063d0626cde0b,14984,False,,265,190,RGB,clean_retained,,val,data_soil/val/Black/black_0016.jpg
data_soil_raw/Black/black_0243.jpg,black_0243.jpg,Black,191f7fce7f8a3ad6324fbdd196e9005c1fb16550c69a78cabf6825110c6a3d66,bff9fb6a8164c8bdf1dcd20be7847b1c7a4d6026283edb437c5063d0626cde0b,14984,False,,265,190,RGB,quarantined_exact_duplicate,Exact pixel duplicate of canonical file data_soil_raw/Black/black_0242.jpg,,
data_soil_raw/Black/black_0244.jpg,black_0244.jpg,Black,855b928cd3a5efdc32ef0a218172afbab5efce0466b62b0150c7622456ac1226,c3c42f4fa291d0b6029a1679b7b24ddab03711ceb01d021ca76e07cf2c2e8aa4,16737,False,,275,183,RGB,clean_retained,,train,data_soil/train/Black/black_0063.jpg
data_soil_raw/Black/black_0245.jpg,black_0245.jpg,Black,855b928cd3a5efdc32ef0a218172afbab5efce0466b62b0150c7622456ac1226,c3c42f4fa291d0b6029a1679b7b24ddab03711ceb01d021ca76e07cf2c2e8aa4,16737,False,,275,183,RGB,quarantined_exact_duplicate,Exact pixel duplicate of canonical file data_soil_raw/Black/black_0244.jpg,,
data_soil_raw/Black/black_0246.jpg,black_0246.jpg,Black,587684e1b9825a67c6abc8e6656009e64dba7a0495532897a48dd70326b4b411,2b09cde35b20a3d9c01d81fb2a6d5bb76c5d7e08fe49366e820ffa5cbfe31316,9282,False,,257,196,RGB,clean_retained,,train,data_soil/train/Black/black_0011.jpg
data_soil_raw/Black/black_0247.jpg,black_0247.jpg,Black,587684e1b9825a67c6abc8e6656009e64dba7a0495532897a48dd70326b4b411,2b09cde35b20a3d9c01d81fb2a6d5bb76c5d7e08fe49366e820ffa5cbfe31316,9282,False,,257,196,RGB,quarantined_exact_duplicate,Exact pixel duplicate of canonical file data_soil_raw/Black/black_0246.jpg,,
data_soil_raw/Black/black_0248.jpg,black_0248.jpg,Black,665b2a378e852f57770c28aa8788ef7a6f4a4ce39b57d28ae1316e162649f1cb,ba7e75d37d194f66e42be8715c0a09e60b587e83b8c94d7e3cd9db3db685ed3b,18154,False,,225,225,RGB,clean_retained,,train,data_soil/train/Black/black_0062.jpg
data_soil_raw/Black/black_0249.jpg,black_0249.jpg,Black,665b2a378e852f57770c28aa8788ef7a6f4a4ce39b57d28ae1316e162649f1cb,ba7e75d37d194f66e42be8715c0a09e60b587e83b8c94d7e3cd9db3db685ed3b,18154,False,,225,225,RGB,quarantined_exact_duplicate,Exact pixel duplicate of canonical file data_soil_raw/Black/black_0248.jpg,,
data_soil_raw/Black/black_0250.jpg,black_0250.jpg,Black,e6045b6485011d2c7197ce783a5231bcf3619609bd9c2b4352989e25f563a3c4,266e869131d811ddfaf60933770730a194a1a1b8ad34c708e2a728caeb03d482,13908,False,,225,225,RGB,quarantined_exact_duplicate,Exact pixel duplicate of canonical file data_soil_raw/Black/black_0067.jpg,,
data_soil_raw/Black/black_0251.jpg,black_0251.jpg,Black,e6045b6485011d2c7197ce783a5231bcf3619609bd9c2b4352989e25f563a3c4,266e869131d811ddfaf60933770730a194a1a1b8ad34c708e2a728caeb03d482,13908,False,,225,225,RGB,quarantined_exact_duplicate,Exact pixel duplicate of canonical file data_soil_raw/Black/black_0067.jpg,,
data_soil_raw/Black/black_0252.jpg,black_0252.jpg,Black,1e26d6198f5b272a3d83b59ba967e777cd9dc5e4456da59ccaa688a56fdc6f83,61ff8b83f3f4732f8ba026945c32fcf88f4053a510cf60d6fbd7b32829d6e2b2,12151,False,,225,225,RGB,quarantined_exact_duplicate,Exact pixel duplicate of canonical file data_soil_raw/Black/black_0068.jpg,,
data_soil_raw/Black/black_0253.jpg,black_0253.jpg,Black,1e26d6198f5b272a3d83b59ba967e777cd9dc5e4456da59ccaa688a56fdc6f83,61ff8b83f3f4732f8ba026945c32fcf88f4053a510cf60d6fbd7b32829d6e2b2,12151,False,,225,225,RGB,quarantined_exact_duplicate,Exact pixel duplicate of canonical file data_soil_raw/Black/black_0068.jpg,,
data_soil_raw/Black/black_0254.jpg,black_0254.jpg,Black,3c320459d026b848ff97c9694f735b0fc2d1db01efe0493ea3de7c7c67ac6e41,b2690b9dba936ca46df4db229fdbca8b56a5de95ef8f40450c64da9e7f466b89,13292,False,,310,163,RGB,quarantined_exact_duplicate,Exact pixel duplicate of canonical file data_soil_raw/Black/black_0069.jpg,,
data_soil_raw/Black/black_0255.jpg,black_0255.jpg,Black,3c320459d026b848ff97c9694f735b0fc2d1db01efe0493ea3de7c7c67ac6e41,b2690b9dba936ca46df4db229fdbca8b56a5de95ef8f40450c64da9e7f466b89,13292,False,,310,163,RGB,quarantined_exact_duplicate,Exact pixel duplicate of canonical file data_soil_raw/Black/black_0069.jpg,,
data_soil_raw/Black/black_0256.jpg,black_0256.jpg,Black,252869bab106725afe9aa2ee5053e5ef0de8c7a7b9bc3699e71237ad4cac788b,d3406065577153b7f5962a15d91cec73747b5cd22233c6f93397679151ddd726,16225,False,,275,183,RGB,clean_retained,,val,data_soil/val/Black/black_0017.jpg
data_soil_raw/Black/black_0257.jpg,black_0257.jpg,Black,252869bab106725afe9aa2ee5053e5ef0de8c7a7b9bc3699e71237ad4cac788b,d3406065577153b7f5962a15d91cec73747b5cd22233c6f93397679151ddd726,16225,False,,275,183,RGB,quarantined_exact_duplicate,Exact pixel duplicate of canonical file data_soil_raw/Black/black_0256.jpg,,
data_soil_raw/Black/black_0258.jpg,black_0258.jpg,Black,033a86a9b547b0cf1c2a9c940fe99688425e416cb946238da7b53928fdbb79b2,1761b3f343b748357dd685eab425c5a922c1e695fccf8f96b1ca5bacd7f1093e,17882,False,,275,183,RGB,clean_retained,,train,data_soil/train/Black/black_0008.jpg
data_soil_raw/Black/black_0259.jpg,black_0259.jpg,Black,033a86a9b547b0cf1c2a9c940fe99688425e416cb946238da7b53928fdbb79b2,1761b3f343b748357dd685eab425c5a922c1e695fccf8f96b1ca5bacd7f1093e,17882,False,,275,183,RGB,quarantined_exact_duplicate,Exact pixel duplicate of canonical file data_soil_raw/Black/black_0258.jpg,,
data_soil_raw/Black/black_0260.jpg,black_0260.jpg,Black,6f43ee0aa1fe09623c59b3a2f556753ee425407f5185799e536d105c08fc7b67,41fff7319d9f3ede4044c30e714f19b46e5c60ca65ff7f51ef301fc5b7cca6d3,17999,False,,225,225,RGB,clean_retained,,test,data_soil/test/Black/black_0006.jpg
data_soil_raw/Black/black_0261.jpg,black_0261.jpg,Black,6f43ee0aa1fe09623c59b3a2f556753ee425407f5185799e536d105c08fc7b67,41fff7319d9f3ede4044c30e714f19b46e5c60ca65ff7f51ef301fc5b7cca6d3,17999,False,,225,225,RGB,quarantined_exact_duplicate,Exact pixel duplicate of canonical file data_soil_raw/Black/black_0260.jpg,,
data_soil_raw/Black/black_0262.jpg,black_0262.jpg,Black,ea3c24919a68da3b5d1f9494f870dd667cdcc068852ec2cc22ee7952fe3be464,b2a9a940103ffbfece0464db73e445126e97eca8b393b7f630236f20a2f9351e,16979,False,,275,183,RGB,clean_retained,,train,data_soil/train/Black/black_0058.jpg
data_soil_raw/Black/black_0263.jpg,black_0263.jpg,Black,ea3c24919a68da3b5d1f9494f870dd667cdcc068852ec2cc22ee7952fe3be464,b2a9a940103ffbfece0464db73e445126e97eca8b393b7f630236f20a2f9351e,16979,False,,275,183,RGB,quarantined_exact_duplicate,Exact pixel duplicate of canonical file data_soil_raw/Black/black_0262.jpg,,
data_soil_raw/Black/black_0264.jpg,black_0264.jpg,Black,278d9bb3ce5da9b0121741384ec772b1d57354099cc335c524da2330bad777ac,e9902ac218d3521d841020b1fd5bc1075677e72bc84080e1e4bc63d57866d195,11224,False,,224,225,RGB,clean_retained,,test,data_soil/test/Black/black_0016.jpg
data_soil_raw/Black/black_0265.jpg,black_0265.jpg,Black,278d9bb3ce5da9b0121741384ec772b1d57354099cc335c524da2330bad777ac,e9902ac218d3521d841020b1fd5bc1075677e72bc84080e1e4bc63d57866d195,11224,False,,224,225,RGB,quarantined_exact_duplicate,Exact pixel duplicate of canonical file data_soil_raw/Black/black_0264.jpg,,
data_soil_raw/Black/black_0266.jpg,black_0266.jpg,Black,6170ce81f2df03bdf6cb331ee1fe8808fda81b6e525e1a0ec4184fb758a5ee49,62bb7ad21b15362023697e7829787704ad3775742e6fdab2eb99f0df92582965,13257,False,,276,183,RGB,clean_retained,,train,data_soil/train/Black/black_0029.jpg
data_soil_raw/Black/black_0267.jpg,black_0267.jpg,Black,6170ce81f2df03bdf6cb331ee1fe8808fda81b6e525e1a0ec4184fb758a5ee49,62bb7ad21b15362023697e7829787704ad3775742e6fdab2eb99f0df92582965,13257,False,,276,183,RGB,quarantined_exact_duplicate,Exact pixel duplicate of canonical file data_soil_raw/Black/black_0266.jpg,,
data_soil_raw/Black/black_0268.jpg,black_0268.jpg,Black,e805dda516629b6ddf6099da08d061253bc997ffee106c2e9c0a55d32257f273,d690eb62943207196a8caf083c5da7465eaf7c6429c5e2731a624bdd7acd8f0e,10538,False,,299,168,RGB,clean_retained,,test,data_soil/test/Black/black_0014.jpg
data_soil_raw/Black/black_0269.jpg,black_0269.jpg,Black,e805dda516629b6ddf6099da08d061253bc997ffee106c2e9c0a55d32257f273,d690eb62943207196a8caf083c5da7465eaf7c6429c5e2731a624bdd7acd8f0e,10538,False,,299,168,RGB,quarantined_exact_duplicate,Exact pixel duplicate of canonical file data_soil_raw/Black/black_0268.jpg,,
data_soil_raw/Black/black_0270.jpg,black_0270.jpg,Black,2f061d67dbf77dc7dafa0aa45a93949ca123a818964a48b658de0a6a00d1b881,14a0633f001b3f4d0941451889906158688de301e6f35411e512924f074c7e06,13745,False,,225,225,RGB,clean_retained,,train,data_soil/train/Black/black_0006.jpg
data_soil_raw/Black/black_0271.jpg,black_0271.jpg,Black,2f061d67dbf77dc7dafa0aa45a93949ca123a818964a48b658de0a6a00d1b881,14a0633f001b3f4d0941451889906158688de301e6f35411e512924f074c7e06,13745,False,,225,225,RGB,quarantined_exact_duplicate,Exact pixel duplicate of canonical file data_soil_raw/Black/black_0270.jpg,,
data_soil_raw/Black/black_0272.jpg,black_0272.jpg,Black,443a2732371510a23bd3e6ec4bf9198e20ca8c23dcf2b9c54adaf9b73e4601c0,8987e501d593d69485892d4e16ea443b14ef7ff816862248e26ab9036ad0e0ee,14322,False,,285,177,RGB,clean_retained,,train,data_soil/train/Black/black_0045.jpg
data_soil_raw/Black/black_0273.jpg,black_0273.jpg,Black,443a2732371510a23bd3e6ec4bf9198e20ca8c23dcf2b9c54adaf9b73e4601c0,8987e501d593d69485892d4e16ea443b14ef7ff816862248e26ab9036ad0e0ee,14322,False,,285,177,RGB,quarantined_exact_duplicate,Exact pixel duplicate of canonical file data_soil_raw/Black/black_0272.jpg,,
data_soil_raw/Black/black_0274.jpg,black_0274.jpg,Black,da47b700e09993734714ac8fa0a65a2d05500262d38bb49481fd6cee430eaff9,4bcbe93f9968130db029c8c65224631012e270dc1cd1cb5273cf9e8985f22769,13310,False,,265,190,RGB,clean_retained,,train,data_soil/train/Black/black_0023.jpg
data_soil_raw/Black/black_0275.jpg,black_0275.jpg,Black,da47b700e09993734714ac8fa0a65a2d05500262d38bb49481fd6cee430eaff9,4bcbe93f9968130db029c8c65224631012e270dc1cd1cb5273cf9e8985f22769,13310,False,,265,190,RGB,quarantined_exact_duplicate,Exact pixel duplicate of canonical file data_soil_raw/Black/black_0274.jpg,,
data_soil_raw/Black/black_0276.jpg,black_0276.jpg,Black,abcc108e0ff7ef17852eda89db27d052c62bf764661c7e23b1bfd28eaf3ed20d,39146a5b6dd144c4b795b7a7e5da6a417be689d9dd5a44ce8e00eaa8eff44bac,14956,False,,275,183,RGB,quarantined_exact_duplicate,Exact pixel duplicate of canonical file data_soil_raw/Black/black_0071.jpg,,
data_soil_raw/Black/black_0277.jpg,black_0277.jpg,Black,abcc108e0ff7ef17852eda89db27d052c62bf764661c7e23b1bfd28eaf3ed20d,39146a5b6dd144c4b795b7a7e5da6a417be689d9dd5a44ce8e00eaa8eff44bac,14956,False,,275,183,RGB,quarantined_exact_duplicate,Exact pixel duplicate of canonical file data_soil_raw/Black/black_0071.jpg,,
data_soil_raw/Black/black_0278.jpg,black_0278.jpg,Black,b50f6eed01bad4397765ec0a4783d1bba403e8cf7708d8bf7d51830f3df14e39,9a5f96105314e22bf7ad5386568133b4d3010e3018e45f1708910077dba3dd9e,11037,False,,275,183,RGB,quarantined_exact_duplicate,Exact pixel duplicate of canonical file data_soil_raw/Black/black_0073.jpg,,
data_soil_raw/Black/black_0279.jpg,black_0279.jpg,Black,b50f6eed01bad4397765ec0a4783d1bba403e8cf7708d8bf7d51830f3df14e39,9a5f96105314e22bf7ad5386568133b4d3010e3018e45f1708910077dba3dd9e,11037,False,,275,183,RGB,quarantined_exact_duplicate,Exact pixel duplicate of canonical file data_soil_raw/Black/black_0073.jpg,,
data_soil_raw/Black/black_0280.jpg,black_0280.jpg,Black,131544ea6ebc22e844ae7117c5cb54ab20139a23785ccaa5bbb77dbdb26c8eda,42bf125fc192ed91ca207252bb450b3d401ed759bd5454631db4207964e38f55,12510,False,,259,194,RGB,quarantined_exact_duplicate,Exact pixel duplicate of canonical file data_soil_raw/Black/black_0075.jpg,,
data_soil_raw/Black/black_0281.jpg,black_0281.jpg,Black,131544ea6ebc22e844ae7117c5cb54ab20139a23785ccaa5bbb77dbdb26c8eda,42bf125fc192ed91ca207252bb450b3d401ed759bd5454631db4207964e38f55,12510,False,,259,194,RGB,quarantined_exact_duplicate,Exact pixel duplicate of canonical file data_soil_raw/Black/black_0075.jpg,,
data_soil_raw/Black/black_0282.jpg,black_0282.jpg,Black,f3ea51a967aa0ac4c351ecf5d3ebd487cd14dffddd6c2b338472386d45183300,adb94e3b2ac02dfbc69c0a4f20f91dcba7b243c09eb08db090f5b164c05a84f7,14117,False,,297,170,RGB,quarantined_exact_duplicate,Exact pixel duplicate of canonical file data_soil_raw/Black/black_0077.jpg,,
data_soil_raw/Black/black_0283.jpg,black_0283.jpg,Black,f3ea51a967aa0ac4c351ecf5d3ebd487cd14dffddd6c2b338472386d45183300,adb94e3b2ac02dfbc69c0a4f20f91dcba7b243c09eb08db090f5b164c05a84f7,14117,False,,297,170,RGB,quarantined_exact_duplicate,Exact pixel duplicate of canonical file data_soil_raw/Black/black_0077.jpg,,
data_soil_raw/Black/black_0284.jpg,black_0284.jpg,Black,d3aa6b978abcc219fc7207cd86c588e9837ec78231ad5fe30e990c0766360fe1,f68544606b35275953ec1118f1de006bb31d697b045a59aa80f89069f4cb5844,17737,False,,259,194,RGB,quarantined_exact_duplicate,Exact pixel duplicate of canonical file data_soil_raw/Black/black_0079.jpg,,
data_soil_raw/Black/black_0285.jpg,black_0285.jpg,Black,b579a67f02b76a4c5e0d330dc6b75d6947da3f12f8440c3320a2f6e2ed4f87b2,f2737f90de12f627f78dc7fec508c67331e8ea91506a848c2b8e1ac00c339b34,14495,False,,225,225,RGB,quarantined_exact_duplicate,Exact pixel duplicate of canonical file data_soil_raw/Black/black_0080.jpg,,
data_soil_raw/Black/black_0286.jpg,black_0286.jpg,Black,b579a67f02b76a4c5e0d330dc6b75d6947da3f12f8440c3320a2f6e2ed4f87b2,f2737f90de12f627f78dc7fec508c67331e8ea91506a848c2b8e1ac00c339b34,14495,False,,225,225,RGB,quarantined_exact_duplicate,Exact pixel duplicate of canonical file data_soil_raw/Black/black_0080.jpg,,
data_soil_raw/Black/black_0287.jpg,black_0287.jpg,Black,6e398214f81392a4176a9349791ed816e20d6413071a18c73cf5ab6069b9bdc4,64c8ab2dc1578f42101013220c26f8286d1778226eb1b5ef60c48bc6616058e9,12026,False,,280,180,RGB,quarantined_exact_duplicate,Exact pixel duplicate of canonical file data_soil_raw/Black/black_0082.jpg,,
data_soil_raw/Black/black_0288.jpg,black_0288.jpg,Black,6e398214f81392a4176a9349791ed816e20d6413071a18c73cf5ab6069b9bdc4,64c8ab2dc1578f42101013220c26f8286d1778226eb1b5ef60c48bc6616058e9,12026,False,,280,180,RGB,quarantined_exact_duplicate,Exact pixel duplicate of canonical file data_soil_raw/Black/black_0082.jpg,,
data_soil_raw/Black/black_0289.jpg,black_0289.jpg,Black,0c5c44a6e453c028bd2820af8b9991822deca1a3f203c35df008840d7c340376,fedcaf32a0e35abcc62c5704b835ee588c287c8a631e8dae774947b346c38315,18159,False,,311,162,RGB,quarantined_exact_duplicate,Exact pixel duplicate of canonical file data_soil_raw/Black/black_0084.jpg,,
data_soil_raw/Black/black_0290.jpg,black_0290.jpg,Black,c3f082dae16a0af3338c9a9ffda2410d91d6087eddc7a77f65d74fd41d0f80dd,2e9aa5760f37ee989d48ec8ed7f4b3f0107d3a07072b8d753eeafcb3756438c7,17609,False,,275,183,RGB,quarantined_exact_duplicate,Exact pixel duplicate of canonical file data_soil_raw/Black/black_0085.jpg,,
data_soil_raw/Black/black_0291.jpg,black_0291.jpg,Black,d673761e1368b175a1d01370ab0958b269f2e5d1af5864f52075f88314544bc9,76c99a945ad597d7d066ca3fd333bc542a20d4bd53d443ed3fcbeb7885cc9875,9071,False,,257,196,RGB,quarantined_exact_duplicate,Exact pixel duplicate of canonical file data_soil_raw/Black/black_0048.jpg,,
data_soil_raw/Black/black_0292.jpg,black_0292.jpg,Black,d673761e1368b175a1d01370ab0958b269f2e5d1af5864f52075f88314544bc9,76c99a945ad597d7d066ca3fd333bc542a20d4bd53d443ed3fcbeb7885cc9875,9071,False,,257,196,RGB,quarantined_exact_duplicate,Exact pixel duplicate of canonical file data_soil_raw/Black/black_0048.jpg,,
data_soil_raw/Black/black_0293.jpg,black_0293.jpg,Black,2065d92095d023c3cbc0b627c21d282dfcaed4ba8b9374476d0125ea36980cf6,3b901b372efa31b878457b748c1473ec4e663357e04c42cee61b34f5531a4963,14325,False,,275,183,RGB,quarantined_exact_duplicate,Exact pixel duplicate of canonical file data_soil_raw/Black/black_0049.jpg,,
data_soil_raw/Black/black_0294.jpg,black_0294.jpg,Black,2065d92095d023c3cbc0b627c21d282dfcaed4ba8b9374476d0125ea36980cf6,3b901b372efa31b878457b748c1473ec4e663357e04c42cee61b34f5531a4963,14325,False,,275,183,RGB,quarantined_exact_duplicate,Exact pixel duplicate of canonical file data_soil_raw/Black/black_0049.jpg,,
data_soil_raw/Black/black_0295.jpg,black_0295.jpg,Black,740cfa25672308b8fd8f8bf742d92c424f612dfdf536bc212b51dd2ec3633e09,fed6dfd155753d931eeca3111ae0e811a846e82ba09c77644e62ab190ab9d26c,8851,False,,254,198,RGB,quarantined_exact_duplicate,Exact pixel duplicate of canonical file data_soil_raw/Black/black_0090.jpg,,
data_soil_raw/Black/black_0296.jpg,black_0296.jpg,Black,740cfa25672308b8fd8f8bf742d92c424f612dfdf536bc212b51dd2ec3633e09,fed6dfd155753d931eeca3111ae0e811a846e82ba09c77644e62ab190ab9d26c,8851,False,,254,198,RGB,quarantined_exact_duplicate,Exact pixel duplicate of canonical file data_soil_raw/Black/black_0090.jpg,,
data_soil_raw/Black/black_0297.jpg,black_0297.jpg,Black,27257e29e7629fabed77ac6fd8864e04f496f76785b11e260bb59f6ebefe17de,a3345cafbb040143f94baf7dc4e0688183b8edc42c901aa01156df0b2768a836,81656,False,,480,383,RGB,quarantined_exact_duplicate,Exact pixel duplicate of canonical file data_soil_raw/Black/black_0092.jpg,,
data_soil_raw/Black/black_0298.jpg,black_0298.jpg,Black,a021c55aee8f71a5d66f4ae4ba3f096961b33afb21f52f72023d73b760cb68aa,3aa807ca14a15be9ed060bebba71b23fdaa1cd39e1d24296f81d799d147591e1,99466,False,,850,995,RGB,quarantined_exact_duplicate,Exact pixel duplicate of canonical file data_soil_raw/Black/black_0093.jpg,,
data_soil_raw/Black/black_0299.jpg,black_0299.jpg,Black,86c93ccea91d44a45f303c94d5a0eafe83313d5b2059c3aadc98bfce388019a8,f8cb0f2312714f8eb26c87e7325a0caba779655553982b6b35f4b684394a649b,34223,False,,728,728,RGB,quarantined_exact_duplicate,Exact pixel duplicate of canonical file data_soil_raw/Black/black_0050.jpg,,
data_soil_raw/Black/black_0300.jpg,black_0300.jpg,Black,66a1789eba715069fccb7f3a34f5df40ea5321e3d3584c366ba5be17d3058562,d6e103a1c5987b03c489ccb0d8e0910c5d340dc2998d779aca2f8aae5508a16b,49368,False,,728,728,RGB,quarantined_exact_duplicate,Exact pixel duplicate of canonical file data_soil_raw/Black/black_0051.jpg,,
data_soil_raw/Black/black_0301.jpg,black_0301.jpg,Black,120401d57a8c96523316af728a3685807d76acbe7472053b913667768336e510,850d6c42572ed743363b8f40354ac61216f4a539c03c73de708d3e47312683a2,32493,False,,728,728,RGB,clean_retained,,val,data_soil/val/Black/black_0011.jpg
data_soil_raw/Black/black_0302.jpg,black_0302.jpg,Black,046fd187eab843d966cb00a7d26ba6e76c19a63cf26bcd9f0c46f60a8d4e587e,07f362bf1a502d5046d13268304459c8239b54f46867e28dfab19eff8487dc67,32458,False,,728,728,RGB,clean_retained,,val,data_soil/val/Black/black_0001.jpg
data_soil_raw/Black/black_0303.jpg,black_0303.jpg,Black,6da04d8a1dbd8377258c348f6e6bbcd88980606592c7dfd49b52718e3cac4ea7,e0633bf136d4f5a63e137b9588618e3ad097e4404cc40e19d7c7dfd2e311a99a,49306,False,,728,728,RGB,clean_retained,,train,data_soil/train/Black/black_0074.jpg
data_soil_raw/Black/black_0304.jpg,black_0304.jpg,Black,30239b0e177442808c3838a810f862d5b2132b7e4a03fff49b6a1569680e062a,c6b5c9328aa6afb493b30ed4b0b71000e4a78c04104071fe490efb4d0570194f,32520,False,,728,728,RGB,quarantined_exact_duplicate,Exact pixel duplicate of canonical file data_soil_raw/Black/black_0052.jpg,,
data_soil_raw/Black/black_0305.jpg,black_0305.jpg,Black,1d2f39b68b2a70eab4e0b0e518a50b4fe8737b8709e271c131555843c5f4fade,6437a5b3b6c27603e23cdb0b39bfd8f433a30fd90fcc477341e00e59aa2f3edf,32388,False,,728,728,RGB,clean_retained,,val,data_soil/val/Black/black_0007.jpg
data_soil_raw/Black/black_0306.jpg,black_0306.jpg,Black,4f8a91e9643c8d1209ece7b5ed36a61f95614fdbfab0bb95a6624cf5094acb54,912f2e0997b3ff8954b98825eb326e44c8eb6751f186c6ca8801ad47805abdd6,49391,False,,728,728,RGB,clean_retained,,train,data_soil/train/Black/black_0048.jpg
data_soil_raw/Black/black_0307.jpeg,black_0307.jpeg,Black,3a048b4f2ae612163c886c5e7421d4cab3c27db1369fdfa7632f65df5fb6fd38,7cb980671ecc7577d9dda75b897649e14cfa4f2592169a5eaf7175c56afe303a,12678,False,,259,194,RGB,quarantined_exact_duplicate,Exact pixel duplicate of canonical file data_soil_raw/Black/black_0094.jpeg,,
data_soil_raw/Black/black_0308.jpg,black_0308.jpg,Black,d603d4133ccdb2e5273b76c70e2f8f36d3fe7373ac6c71fae6ac8179c5145212,b38a1c3ab2fd7f47f0c18a7d874a87cb63f71d942bc063cc65afd14206eaf2a2,8730,False,,225,225,RGB,quarantined_exact_duplicate,Exact pixel duplicate of canonical file data_soil_raw/Black/black_0095.jpg,,
data_soil_raw/Black/black_0309.jpg,black_0309.jpg,Black,5424fc581ca0bff43f0c7399ae4bcb270e91c79a19418b35e27d93e1bf6c3dec,a5bc74598ac14989e865c86d56dfc22132565513f3a8f06d26ffcb4250f3a57b,14350,False,,275,183,RGB,quarantined_exact_duplicate,Exact pixel duplicate of canonical file data_soil_raw/Black/black_0053.jpg,,
data_soil_raw/Black/black_0310.jpg,black_0310.jpg,Black,d586611151f4d52d8039e90e88709c270e80177894a06049de4c3561c4d9f459,3203630a5a92e5a651b99a37c6b907e64b770f0fa2ae7b8152a14a4fad6b9391,16516,False,,275,183,RGB,quarantined_exact_duplicate,Exact pixel duplicate of canonical file data_soil_raw/Black/black_0184.jpg,,
data_soil_raw/Black/black_0311.jpg,black_0311.jpg,Black,6bb1fab36164da0a4e063e5b81ca18a5710889f42e56eec6a1a9d47079b6cead,2f001847e7e5a507320ba7463c7ab3fc33616130a6f884be25644609efc37e34,14397,False,,275,183,RGB,quarantined_exact_duplicate,Exact pixel duplicate of canonical file data_soil_raw/Black/black_0186.jpg,,
data_soil_raw/Black/black_0312.jpg,black_0312.jpg,Black,01aae6348093970f43373baf6291d36866d4416ea718a34cdd712964d02513da,63baa0f3dcfd0cce264dcc54efc24256abbf69fda29db2021411a4c11222de24,13066,False,,284,177,RGB,quarantined_exact_duplicate,Exact pixel duplicate of canonical file data_soil_raw/Black/black_0188.jpg,,
data_soil_raw/Black/black_0313.jpg,black_0313.jpg,Black,027c7b4aa77bc131bcc1db91ed6736150966637174a07f2d27c98f98833d3d39,d6b7471a1adca3cb390a122e933739a806e6d3dfd3c99f2168e9f600d40f7760,10869,False,,275,183,RGB,quarantined_exact_duplicate,Exact pixel duplicate of canonical file data_soil_raw/Black/black_0190.jpg,,
data_soil_raw/Black/black_0314.jpg,black_0314.jpg,Black,a9e18a3fe1eb6e958911843baef0b0e0e0333dc4d7ad1c66d80c914de1110aab,86c26876ef2ea4b8a9eaf8e946cddf3620032d8cd4ff7fb5a3c68ec3806de5fa,14512,False,,183,275,RGB,quarantined_exact_duplicate,Exact pixel duplicate of canonical file data_soil_raw/Black/black_0192.jpg,,
data_soil_raw/Black/black_0315.jpg,black_0315.jpg,Black,27def18a99c4e4bb909edaeb34ba1565c18ec2bf117f5225bae8fc436d33bb72,616d126e4e772a1f81d7c3073eea7fb1cab94a2f5e38ceb5269aeeacb1d041a8,11559,False,,275,183,RGB,quarantined_exact_duplicate,Exact pixel duplicate of canonical file data_soil_raw/Black/black_0194.jpg,,
data_soil_raw/Black/black_0316.jpg,black_0316.jpg,Black,f2acedcce0ddb1563681a99c2a4ee8c6b6b6178e2f1debf7111f32d6c7319a11,cd2b459129953948ca6d7aab915547c0f8fcd57f71842967292a67441cf9aed8,4315,False,,100,100,RGB,quarantined_exact_duplicate,Exact pixel duplicate of canonical file data_soil_raw/Black/black_0196.jpg,,
data_soil_raw/Black/black_0317.jpg,black_0317.jpg,Black,59e0e71b33c79ceeb27f2188f1b65d2a70a49ec03a06e896531da4041129cf52,fb2e5ab755f7e326f6ca9cd0f3aeaa1743726d0a32f0c83c73a0b798332cef21,16429,False,,225,225,RGB,quarantined_exact_duplicate,Exact pixel duplicate of canonical file data_soil_raw/Black/black_0198.jpg,,
data_soil_raw/Black/black_0318.jpg,black_0318.jpg,Black,61f9112a8aa8d83eedd8e669f8708fb5ce96a77c5f4a72faf0ac9670b100d61c,e07c1ad44f72dbb43be1096c52334948312dacd41bee40eb7539f52a2d8d83d4,4205,False,,275,183,RGB,quarantined_exact_duplicate,Exact pixel duplicate of canonical file data_soil_raw/Black/black_0200.jpg,,
data_soil_raw/Black/black_0319.jpg,black_0319.jpg,Black,65f799cd997b13bf2df0d162f77922b122919aef01c64a4f2c5c69cf9402bc91,4931d71c8e139304685ae73eb133b35e9836e31337eb17595b7262da9b78c911,2939,False,,100,100,RGB,quarantined_exact_duplicate,Exact pixel duplicate of canonical file data_soil_raw/Black/black_0054.jpg,,
data_soil_raw/Black/black_0320.jpg,black_0320.jpg,Black,cfb7f626a480c7665db807d14596554e13a1fded4044ddddafa0a667da355663,18128f105a337f5a0718167fb7499ecd08937fdf684e424e7ece9bef4b58c1d8,14368,False,,270,187,RGB,quarantined_exact_duplicate,Exact pixel duplicate of canonical file data_soil_raw/Black/black_0055.jpg,,
data_soil_raw/Black/black_0321.jpg,black_0321.jpg,Black,542f146d1c379b6b7c74f58c74cbe78ab7d0ecbb159e79430b810cdf14953d7c,1dcf6bbbe98c7d6825e9805725932c79ad5610e616e5a748e4f5f94f3ea90dec,13069,False,,225,225,RGB,quarantined_exact_duplicate,Exact pixel duplicate of canonical file data_soil_raw/Black/black_0057.jpg,,
data_soil_raw/Black/black_0322.jpg,black_0322.jpg,Black,f88ed24b2b2cadd1e5a0bcd264ba57a33afa878b8edf9e5a50870d81dc768cbd,94c138539df42b8690a8a436cd8f5b451ffbfaae8426e12cb0dcb1fdaaf344e4,15539,False,,225,225,RGB,quarantined_exact_duplicate,Exact pixel duplicate of canonical file data_soil_raw/Black/black_0208.jpg,,
data_soil_raw/Black/black_0323.jpg,black_0323.jpg,Black,cda81d51af1c8ed00ccca3d0ca7338608147e52ac48476bd5e738311df4c376d,75436a27c9cb7d02c66f9bba45600689e4801629aa531e94aefe9d1d7291c9e8,10607,False,,225,225,RGB,quarantined_exact_duplicate,Exact pixel duplicate of canonical file data_soil_raw/Black/black_0097.jpg,,
data_soil_raw/Black/black_0324.jpg,black_0324.jpg,Black,31f22eb5d82e4dcdc2d4e95ee000b2f4119e6a6cf7b3aefbb0b23257aa0bbff2,0e2bdcb31c581fa21c35105b56800a334fb08f51828ede5493094f41055c3d60,12227,False,,216,233,RGB,quarantined_exact_duplicate,Exact pixel duplicate of canonical file data_soil_raw/Black/black_0098.jpg,,
data_soil_raw/Black/black_0325.jpg,black_0325.jpg,Black,9fbca0bee211c087135b5e731d7a7dbdd3e358bc88a007b3b09095489c192800,768fe23db0d86efd297c41893c24e53f316bae7cb5294f262bfd4eb5e12ac743,3743,False,,275,183,RGB,quarantined_exact_duplicate,Exact pixel duplicate of canonical file data_soil_raw/Black/black_0099.jpg,,
data_soil_raw/Black/black_0326.jpg,black_0326.jpg,Black,c8ac8f62f6abad047dbea25f2c8e57c4b89bd5321b799311d1e6c5e7ee8c6344,bcd27eb0f47076a8b536b35938ea190acf33b960b37d7f1368770772851eaae8,11593,False,,300,168,RGB,quarantined_exact_duplicate,Exact pixel duplicate of canonical file data_soil_raw/Black/black_0058.jpg,,
data_soil_raw/Black/black_0327.jpg,black_0327.jpg,Black,032d6b4dadf6ec3e2afb5c9b5ded51cc2db95620e9dbf00550d9b5a013ca04f8,2ee340c074941946ae6cf2916f2107cbc3ae6de0864204dddd68489ced168856,13782,False,,225,225,RGB,quarantined_cross_class_conflict,"Identical pixel content found across conflicting classes: ['Alluvial', 'Black']",,
data_soil_raw/Black/black_0328.jpg,black_0328.jpg,Black,443cec711442ac81debfb7e957d218d82bbe66dac362cd60827aae3b11f4c173,4a33f7c400230408d3581f40dd735d737dc050822458c879614d9ae1d1d0c18b,13768,False,,225,225,RGB,quarantined_exact_duplicate,Exact pixel duplicate of canonical file data_soil_raw/Black/black_0059.jpg,,
data_soil_raw/Black/black_0329.jpg,black_0329.jpg,Black,7d06e7b87cb8c999af25ca9c95e48d9c05e854cf64f17640ef245e3777afb5bf,98783c9f3c33ac086a95e4fb449d5bdf3c7abdf5f9f0e9613b81c099567d8063,11911,False,,275,183,RGB,quarantined_exact_duplicate,Exact pixel duplicate of canonical file data_soil_raw/Black/black_0103.jpg,,
data_soil_raw/Black/black_0330.jpg,black_0330.jpg,Black,df3a061c87387290019c3b249ceffb7f7652d1ce9224a4737de4ee7f71a69796,a3794f423be7ad8a697722a2839b9ad040f8fd6cbec8287b38e1f6c594c9421b,16082,False,,275,183,RGB,quarantined_exact_duplicate,Exact pixel duplicate of canonical file data_soil_raw/Black/black_0104.jpg,,
data_soil_raw/Black/black_0331.jpg,black_0331.jpg,Black,c5f5efb82fee7844b0ac3dc87e4a373ded872a7289aa7f987bf40f4086b866a3,5a427c43ab5e7c6a8f89fc49a250197c0ccb9591d2ab6ecd38db26de3855db53,15670,False,,275,183,RGB,quarantined_exact_duplicate,Exact pixel duplicate of canonical file data_soil_raw/Black/black_0062.jpg,,
data_soil_raw/Black/black_0332.jpg,black_0332.jpg,Black,7ffac753b1b9444d8d07c3a84186662c8fba34ef6eb79e5b4bcebee63f7b8125,7811dd1fed8460ff075584a27c5e8a693d8ec2ef948c95c179c8dd3ef09009c5,16497,False,,275,183,RGB,quarantined_exact_duplicate,Exact pixel duplicate of canonical file data_soil_raw/Black/black_0106.jpg,,
data_soil_raw/Black/black_0333.jpg,black_0333.jpg,Black,7f04e1c061e715f2b7616415f8859cbf796032490f181c3d59c75d449ca1258d,044116273e7c671021ce9767f43b9bacea13f260241ac2dee515164a284b2e5c,17258,False,,225,225,RGB,quarantined_exact_duplicate,Exact pixel duplicate of canonical file data_soil_raw/Black/black_0064.jpg,,
data_soil_raw/Black/black_0334.jpg,black_0334.jpg,Black,3225ca7ef0ea0ff1592a0f80efbe9fa66bb2bf6fed8336542cf626f60a788f11,f21c8462614174ba353bf9ec326539c3cfc36f189caa3a58bdeb73d897e940f0,10950,False,,225,225,RGB,quarantined_exact_duplicate,Exact pixel duplicate of canonical file data_soil_raw/Black/black_0066.jpg,,
data_soil_raw/Black/black_0335.jpg,black_0335.jpg,Black,cefbba302e61575b5dc302b22d2a1b82c6aaa3eaa70a49255e26e4b509bda987,5f1c15fea9508706051639d46712731050b147d116e0bbad8e077e083ba0ae3d,8271,False,,259,194,RGB,quarantined_exact_duplicate,Exact pixel duplicate of canonical file data_soil_raw/Black/black_0109.jpg,,
data_soil_raw/Black/black_0336.jpg,black_0336.jpg,Black,9e899dc6927f39d1910d1968e2de9425b884437475d5102c4190e6fdd79c5220,93a526a3eac92db63629c994f4a2cafa0d7abbfa1754b8fa9a07d04016407fc8,16246,False,,275,183,RGB,quarantined_exact_duplicate,Exact pixel duplicate of canonical file data_soil_raw/Black/black_0110.jpg,,
data_soil_raw/Black/black_0337.jpg,black_0337.jpg,Black,92db2b934345fc770304645d38c8f13030cb98c9838d523933cabcee1c3e9011,6b1d102559dd5411fbdb336c4154daf4e4fa28f1e1fcef12b790f5d2d925c7ab,20604,False,,275,183,RGB,quarantined_exact_duplicate,Exact pixel duplicate of canonical file data_soil_raw/Black/black_0111.jpg,,
data_soil_raw/Black/black_0338.jpg,black_0338.jpg,Black,bfbd9068944d5d415f62de9bc80d31dae2b14b1b0338bf886800dea0293d0f3d,65c658a48cf47713a6a3fa3564a4e40383c277432372667adcebae29b889f138,15058,False,,251,201,RGB,quarantined_exact_duplicate,Exact pixel duplicate of canonical file data_soil_raw/Black/black_0112.jpg,,
data_soil_raw/Black/black_0339.jpg,black_0339.jpg,Black,d3aa6b978abcc219fc7207cd86c588e9837ec78231ad5fe30e990c0766360fe1,f68544606b35275953ec1118f1de006bb31d697b045a59aa80f89069f4cb5844,17737,False,,259,194,RGB,quarantined_exact_duplicate,Exact pixel duplicate of canonical file data_soil_raw/Black/black_0079.jpg,,
data_soil_raw/Black/black_0340.jpg,black_0340.jpg,Black,0c5c44a6e453c028bd2820af8b9991822deca1a3f203c35df008840d7c340376,fedcaf32a0e35abcc62c5704b835ee588c287c8a631e8dae774947b346c38315,18159,False,,311,162,RGB,quarantined_exact_duplicate,Exact pixel duplicate of canonical file data_soil_raw/Black/black_0084.jpg,,
data_soil_raw/Black/black_0341.jpg,black_0341.jpg,Black,c3f082dae16a0af3338c9a9ffda2410d91d6087eddc7a77f65d74fd41d0f80dd,2e9aa5760f37ee989d48ec8ed7f4b3f0107d3a07072b8d753eeafcb3756438c7,17609,False,,275,183,RGB,quarantined_exact_duplicate,Exact pixel duplicate of canonical file data_soil_raw/Black/black_0085.jpg,,
data_soil_raw/Black/black_0342.jpg,black_0342.jpg,Black,27257e29e7629fabed77ac6fd8864e04f496f76785b11e260bb59f6ebefe17de,a3345cafbb040143f94baf7dc4e0688183b8edc42c901aa01156df0b2768a836,81656,False,,480,383,RGB,quarantined_exact_duplicate,Exact pixel duplicate of canonical file data_soil_raw/Black/black_0092.jpg,,
data_soil_raw/Black/black_0343.jpg,black_0343.jpg,Black,a021c55aee8f71a5d66f4ae4ba3f096961b33afb21f52f72023d73b760cb68aa,3aa807ca14a15be9ed060bebba71b23fdaa1cd39e1d24296f81d799d147591e1,99466,False,,850,995,RGB,quarantined_exact_duplicate,Exact pixel duplicate of canonical file data_soil_raw/Black/black_0093.jpg,,
data_soil_raw/Black/black_0344.jpg,black_0344.jpg,Black,19272d73cc74c51d5eafac6d7b1d291a63ab72fb31e2ee228102502db5207615,821ceb7ff1fd723761e1585df079d9cd4579419f810f007bc0931ec4f4799bee,141961,False,,720,480,RGB,clean_retained,,train,data_soil/train/Black/black_0042.jpg
data_soil_raw/Clay/clay_0001.png,clay_0001.png,Clay,5e42d3d1ad828598f8c776988e72a1dfe81655a0108083bdb057ce926d4d0058,44a990b5ee1e3f8ab1b39f4e3fe38d6587b189b8cd7d2b6f4d80f35c999d515c,3336599,False,,1300,866,RGBA,quarantined_cross_class_conflict,"Identical pixel content found across conflicting classes: ['Clay', 'Red']",,
data_soil_raw/Clay/clay_0002.jpg,clay_0002.jpg,Clay,87e8b1012ee9742e28083ade8f01a8114efc545ef1960e18577b3509032ec604,53b8261e6543e65e3b532a1a873a4120de31bbec3a366752097fa5b9af56e5a7,20900,False,,275,183,RGB,clean_retained,,train,data_soil/train/Clay/clay_0028.jpg
data_soil_raw/Clay/clay_0003.jpg,clay_0003.jpg,Clay,e9a739fdc41a823cd572b9f6b17b20a96f6014d07faabf6e124a1ac420cc04c3,7d334ef484af0e899666703eb4f9e6eb6a149196797d37310b1e0852987527da,15874,False,,275,183,RGB,clean_retained,,train,data_soil/train/Clay/clay_0044.jpg
data_soil_raw/Clay/clay_0004.jpg,clay_0004.jpg,Clay,fe8603c2bfc0ffce737a057f1973bde501bdb9d28496c0942b4b9496cd8b55d9,beddc9a800065ba3d833a7d0ed94c88bd7668bb6681772ab69c43e2006dd953e,16050,False,,264,191,RGB,clean_retained,,train,data_soil/train/Clay/clay_0058.jpg
data_soil_raw/Clay/clay_0005.jpg,clay_0005.jpg,Clay,15e040c1a0de3171d9f82fc1a0173ee62c4193c595a1cbe7fe7457c1d454dc7e,82ede3e15ad50d838ec5d2f376725d7b76ddd2ab6b4f6327300a16eec84deec4,16174,False,,263,192,RGB,clean_retained,,train,data_soil/train/Clay/clay_0047.jpg
data_soil_raw/Clay/clay_0006.jpg,clay_0006.jpg,Clay,065440daddb5025862cb18a50d901eddc30c63cb6155fb879870827a7dd57842,de23c773aac471aed2b7dc1a9cf252668af14f4fd84833c388668aa673166d21,16565,False,,263,191,RGB,clean_retained,,train,data_soil/train/Clay/clay_0069.jpg
data_soil_raw/Clay/clay_0007.jpg,clay_0007.jpg,Clay,d7b845f4dc3b8722a71bf5f9f5be5845fa6280487a7fbb3cfcc3ff44a31cf0a9,31b2a5a6cada27abeafa5e9de8496ae0918e6819dcdf68093194b3f95a260dd5,15323,False,,276,183,RGB,clean_retained,,val,data_soil/val/Clay/clay_0004.jpg
data_soil_raw/Clay/clay_0008.jpg,clay_0008.jpg,Clay,ddebaf31a2852d019d2e4c8e6f238c76c4c1d30c54c50f06c3db58d49e1867a8,392f97445cdfd124d87426ddd971819c749c5c3990d50821373c90c55f1db4e6,14140,False,,262,192,RGB,clean_retained,,test,data_soil/test/Clay/clay_0006.jpg
data_soil_raw/Clay/clay_0009.jpg,clay_0009.jpg,Clay,e0e77d4e01e150847b018582ffa85d9963a6886a95c638ea40a1384aa8a5b144,576b00eb89ab3340c833ca5bd6fdfc23ce6c7549c2e40a44603491ef143b0cd3,14222,False,,266,189,RGB,clean_retained,,train,data_soil/train/Clay/clay_0029.jpg
data_soil_raw/Clay/clay_0010.jpg,clay_0010.jpg,Clay,967f7cc5e7873a9ffbc11d7a6cbb08d0ad5a024951761c75a813deae96c232d2,e8c9b25644c883b3b3055efcba8e932b42136085d1eba4850b7c6837931c86c3,11025,False,,263,192,RGB,clean_retained,,train,data_soil/train/Clay/clay_0072.jpg
data_soil_raw/Clay/clay_0011.jpg,clay_0011.jpg,Clay,de3777333d5f9ab3a91a3b6ac951b553e859d22081802337b521fa6e8ba75af0,15d9ad26c1d6447a860ae44bda465ffb6fb77ea12389820aac7d8da7a7843360,15627,False,,216,233,RGB,clean_retained,,train,data_soil/train/Clay/clay_0004.jpg
data_soil_raw/Clay/clay_0012.jpg,clay_0012.jpg,Clay,5302adde1ad51d7a9de42c05d4c750c866b84778b7df6c7336f735d7df302971,7a18a050eb30b4c716f37b5c5f5b24a52c06e3648804c2de6023477aa09ef4c5,10917,False,,274,184,RGB,clean_retained,,train,data_soil/train/Clay/clay_0042.jpg
data_soil_raw/Clay/clay_0013.jpg,clay_0013.jpg,Clay,cc51ef07f2401ab97e72c77a44256b7e46cc605fb5ff5215f2938a6a88a3b62c,5353d5ab2e2173117b514d80410898f7dd507bebc2a7bf100f2e677c97f73340,16328,False,,267,189,RGB,clean_retained,,train,data_soil/train/Clay/clay_0027.jpg
data_soil_raw/Clay/clay_0014.jpg,clay_0014.jpg,Clay,ba794bae5fb1f049b645bf43add765449abf6543551808a55292d454eed23a60,2f9d796d9c04429c8a19a63de09424b3dcbfbe98d817a3b96b3771cfe281a3e3,11343,False,,318,159,RGB,clean_retained,,train,data_soil/train/Clay/clay_0012.jpg
data_soil_raw/Clay/clay_0015.jpg,clay_0015.jpg,Clay,0912695c16f9c04f50c6d6700f17a9ef2c003bb974f89d23d5b8053628207479,e0af0ba4a9d5c863ba3525e71016cab92e8f8d8a93fc0a6a10d9d7b9b5b0c7a0,16549,False,,263,192,RGB,clean_retained,,train,data_soil/train/Clay/clay_0070.jpg
data_soil_raw/Clay/clay_0016.jpg,clay_0016.jpg,Clay,fa0312b3026ed28cfc9e4fa9b347abd0c2d8177ac87ca0eaf0c6488738907387,e9ade8d23c4bb7084c58f3a5f0c5f82cda2958dd3ad3f82e3e35f60ec7e0a32f,14202,False,,267,189,RGB,clean_retained,,train,data_soil/train/Clay/clay_0074.jpg
data_soil_raw/Clay/clay_0017.jpg,clay_0017.jpg,Clay,ad85b91eadbb1cec0821ba200000c36cfb929e950e9cc0ca704ee4a68537a49c,dc5b1201af499fae1161d8643ca11e2b5adfaa576bce205ebd22e69c709e8e35,15581,False,,263,192,RGB,clean_retained,,train,data_soil/train/Clay/clay_0067.jpg
data_soil_raw/Clay/clay_0018.jpg,clay_0018.jpg,Clay,e82676ece2c792c05e3e15c5b1074b8881ccf427131d4c7a2839747843c0fafa,501dfc1794990b84ae131a3f5613102a174681dbd13b62cb07202ba25c638c15,19363,False,,275,183,RGB,clean_retained,,val,data_soil/val/Clay/clay_0005.jpg
data_soil_raw/Clay/clay_0019.jpg,clay_0019.jpg,Clay,ddb2c872a3b8b4c623f6c37eac0a812dbc1a07a5fcce9df661208e01dcb6d5b3,6100490199c918bcbf48671573d80ea149b2a34e1c9458d865391b5de2cf9f3e,14622,False,,262,192,RGB,clean_retained,,train,data_soil/train/Clay/clay_0033.jpg
data_soil_raw/Clay/clay_0020.jpg,clay_0020.jpg,Clay,41c80cd71450dbe6bdb90f5e76f24825ae7830d952bde4458974158b14dd6fd3,33900d6543ccbfe7a227736c4b3d4607f39ec3a9c8f75b331fa526b34c852785,16191,False,,275,183,RGB,clean_retained,,train,data_soil/train/Clay/clay_0013.jpg
data_soil_raw/Clay/clay_0021.jpg,clay_0021.jpg,Clay,57a50682402d9aa7ecbfe509555e809f2a4978c635b26e5c7dffa204e4cb67f5,ddcdc98b42da26fef0a51f095852e6d3ebff1837b8827f62365154465714623c,14906,False,,275,183,RGB,clean_retained,,train,data_soil/train/Clay/clay_0068.jpg
data_soil_raw/Clay/clay_0022.jpg,clay_0022.jpg,Clay,438a65fc1bbab543546e9ef3443753027a61b1ea7c883945a834c7ee1a3d333f,d7a1fb22d2a4aec71f71889f48dc53707efac43825c9fb73fcfc1f4e270ec472,14063,False,,264,191,RGB,clean_retained,,val,data_soil/val/Clay/clay_0015.jpg
data_soil_raw/Clay/clay_0023.jpg,clay_0023.jpg,Clay,8079904e97811d5c32019c602eabef5221d5851ba3e891541dc7b4bdbbb2c175,bf502e0b4a2224e02ee829709d215a7bc5f9e136b035b4181eb556d82323ffe4,15330,False,,275,183,RGB,clean_retained,,train,data_soil/train/Clay/clay_0059.jpg
data_soil_raw/Clay/clay_0024.jpg,clay_0024.jpg,Clay,b016d4576ffd33735c63ac91b2794494cd6b4ab34da4a9dd3056ca70987e4094,237600b2926eba37249b89281112d4e84a70fab4ea297458af6501fc71574220,6862,False,,259,194,RGB,clean_retained,,train,data_soil/train/Clay/clay_0009.jpg
data_soil_raw/Clay/clay_0025.png,clay_0025.png,Clay,442d71344c466f0509ba6809e7a5e23ddaf50b6796c70946b840788bfa746d18,749f9bdf9090022ac042cab5de79ce2253411c2b7a427efa5151ddac54423419,356807,False,,450,295,RGBA,clean_retained,,train,data_soil/train/Clay/clay_0039.jpg
data_soil_raw/Clay/clay_0026.png,clay_0026.png,Clay,5e42d3d1ad828598f8c776988e72a1dfe81655a0108083bdb057ce926d4d0058,44a990b5ee1e3f8ab1b39f4e3fe38d6587b189b8cd7d2b6f4d80f35c999d515c,3336599,False,,1300,866,RGBA,quarantined_cross_class_conflict,"Identical pixel content found across conflicting classes: ['Clay', 'Red']",,
data_soil_raw/Clay/clay_0027.png,clay_0027.png,Clay,6bf0665b04b531be41c1315dbe0f28c2b4130585253b5fd46b3ffe88759bf5a8,d07490b747fbc8dd521b2c624e657d3d07a84dbba26815e28b1797a837ee4b5f,1381813,False,,1024,500,RGBA,clean_retained,,train,data_soil/train/Clay/clay_0063.jpg
data_soil_raw/Clay/clay_0028.jpg,clay_0028.jpg,Clay,4d790de4b8ae58c5a88cc6895f7e3d49d9aea4a785728e50cc1faa32bf9149b9,51ed43df157e1b7a02b2142b6229d771c0bdf835ae22949f28b4c8e065ee8832,65860,False,,512,343,RGB,clean_retained,,train,data_soil/train/Clay/clay_0026.jpg
data_soil_raw/Clay/clay_0029.jpg,clay_0029.jpg,Clay,42f6f8a369a687ca9f65c0d014ab93b7a39436f6601ea8d1a22516f844c5511b,5e931550e793370aa5faf0f913bcafe6fe4a41c6411c0888d83d5ea016375846,2310663,False,,2592,1456,RGB,clean_retained,,train,data_soil/train/Clay/clay_0031.jpg
data_soil_raw/Clay/clay_0030.jpg,clay_0030.jpg,Clay,f6e6bc3971f3e8f6bea5d0f4481d5d45d4b29b6803a28b2b46abefa58b80b084,3a238f8781a7d8d0e8aeec85f5c788ce314724fd81266b999dcf4b2336c55c9c,43294,False,,350,350,RGB,clean_retained,,train,data_soil/train/Clay/clay_0019.jpg
data_soil_raw/Clay/clay_0031.jpg,clay_0031.jpg,Clay,c43b2c84ebfcdf92ef6bf466e95275e7822968170962032e73dd6d0f2c31966f,b60e94bbfd250fdba6590ae33405f0cad9711663fa9eefe1f4cd13dfecec1c8a,32792,False,,728,728,RGB,clean_retained,,train,data_soil/train/Clay/clay_0054.jpg
data_soil_raw/Clay/clay_0032.jpg,clay_0032.jpg,Clay,0112c7e4022d2af1fde2d1a3b315b4b8a2fb41b5ffc2e78e8d6e2069b7e41f7d,0d74d503d07c5e4471adcff5b5c8a79d2998c96550ce1a8f700259e19b6828a4,24925,False,,728,728,RGB,clean_retained,,train,data_soil/train/Clay/clay_0003.jpg
data_soil_raw/Clay/clay_0033.jpg,clay_0033.jpg,Clay,0dc18e9d02fdd21ba64add69c1bcdaa0bf4a2dc9663ab38285d0ef7923a62eab,36c703372fce41fc8d9cf2f21750d7442eade2b69127860262dfbb78769ed42f,25058,False,,728,728,RGB,clean_retained,,test,data_soil/test/Clay/clay_0004.jpg
data_soil_raw/Clay/clay_0034.jpg,clay_0034.jpg,Clay,01b7e0c24ebb44b120bbe44ccd70e2e7159c8b7599694d5dc741e44c436fbe86,6c4adfb577d15e50a52c9809f0735846143981a5bdf9991c6cf0d7f2719e74d6,24932,False,,728,728,RGB,clean_retained,,val,data_soil/val/Clay/clay_0009.jpg
data_soil_raw/Clay/clay_0035.jpg,clay_0035.jpg,Clay,a91249582074236abd9f7a8e063f34ee697af3c0018f2e6aa5de50cf208b876e,2ce2933f02acf6949471a3c2d0aba55743476024268ab8d624c25fed5cfeb385,24987,False,,728,728,RGB,clean_retained,,test,data_soil/test/Clay/clay_0003.jpg
data_soil_raw/Clay/clay_0036.jpg,clay_0036.jpg,Clay,a75275c68c7a793776cb348483631c4b76dc084cdfbf1935f7da06657541148d,ecc6b1044a3abf35590fba1df06161b918ef2d9fae7ce839b62d128266c642d5,32647,False,,728,728,RGB,clean_retained,,train,data_soil/train/Clay/clay_0077.jpg
data_soil_raw/Clay/clay_0037.png,clay_0037.png,Clay,cfc4c16155d11a8099a5e449d39caf8ce1c4abef1dbe1c4726e1c8f687c77545,34cc170c051348807ccc76f474244393a7b2878a554542ac284a2180d641daf1,315615,False,,392,258,RGBA,clean_retained,,train,data_soil/train/Clay/clay_0014.jpg
data_soil_raw/Clay/clay_0038.jpg,clay_0038.jpg,Clay,bc01ad42925068115a7eb8cd4049ca66370bb9b3106dfa54382c1696590b3caf,54260e2310b01767d08d4edf640d9f749aad57586f0b0ca51ac8d3a962e11aff,399557,False,,1600,1237,RGB,clean_retained,,val,data_soil/val/Clay/clay_0006.jpg
data_soil_raw/Clay/clay_0039.jpg,clay_0039.jpg,Clay,73c9383883543f53a8483f26838a20969d3820ad1b28cec00ebb5b06e5998225,b1eee661fd931d9b2b6f8f7c3ccb32caa2ba263e3464b8bf72128e495750acad,63377,False,,400,225,RGB,clean_retained,,train,data_soil/train/Clay/clay_0053.jpg
data_soil_raw/Clay/clay_0040.jpg,clay_0040.jpg,Clay,a237005d5e7f2d253e7dba54388986b462c534a3e736faf1a532d5f3cb9696cb,37116ba108190ad4da2c4ed24303d936c77e67cf57b48920689c4b431854588c,555640,False,,1920,1284,RGB,clean_retained,,train,data_soil/train/Clay/clay_0016.jpg
data_soil_raw/Clay/clay_0041.jpg,clay_0041.jpg,Clay,1af5bd6ac29de0afb909a78b61212f3db0f890214cf5fa0724e906836bde3e47,ec0abc23de0e76052211ff356a2ad95eb77e59fbc1ec6051c183c22c2c490f92,371482,False,,1000,500,RGB,clean_retained,,test,data_soil/test/Clay/clay_0017.jpg
data_soil_raw/Clay/clay_0042.jpg,clay_0042.jpg,Clay,abb5fa9efc0c52271d8acf8d59cb7a98f8295a3a21ca1d1435f6c9e2819888e0,fd5024e06e44db491587e437fe7ae4bef246af9b9cf997c91535b5f30e8eec28,27856,False,,325,228,RGB,clean_retained,,train,data_soil/train/Clay/clay_0081.jpg
data_soil_raw/Clay/clay_0043.jpg,clay_0043.jpg,Clay,098d569fcfc0255d33a1618071e448185044b78cb0978e04029edaa086e90899,057ef9a06708c0886a3fc90723e58ecc9101fc1ec6852748f39504a98fbbaba5,156134,False,,800,533,RGB,clean_retained,,train,data_soil/train/Clay/clay_0001.jpg
data_soil_raw/Clay/clay_0044.jpg,clay_0044.jpg,Clay,098d569fcfc0255d33a1618071e448185044b78cb0978e04029edaa086e90899,057ef9a06708c0886a3fc90723e58ecc9101fc1ec6852748f39504a98fbbaba5,156134,False,,800,533,RGB,quarantined_exact_duplicate,Exact pixel duplicate of canonical file data_soil_raw/Clay/clay_0043.jpg,,
data_soil_raw/Clay/clay_0045.jpg,clay_0045.jpg,Clay,91076a89df2a505a4721fabb5d9cb82d3ef183973a508215f932bd1e0f49059b,d39f0c1daaabbd66fff2dd3c9e986cc8b1164498e6219447c01f3d40879f40f1,10057,False,,311,162,RGB,clean_retained,,train,data_soil/train/Clay/clay_0065.jpg
data_soil_raw/Clay/clay_0046.jpg,clay_0046.jpg,Clay,2e377324d05f33a525e7d7a8d7e939cb079ac9579942cfb34cbbdb9d9020d076,1bfbc084b71f500cefa244dabe0fea4f8bf87beeed6ec5f4bb3ba503fdc7fa6c,13728,False,,259,194,RGB,clean_retained,,val,data_soil/val/Clay/clay_0002.jpg
data_soil_raw/Clay/clay_0047.jpg,clay_0047.jpg,Clay,2e377324d05f33a525e7d7a8d7e939cb079ac9579942cfb34cbbdb9d9020d076,1bfbc084b71f500cefa244dabe0fea4f8bf87beeed6ec5f4bb3ba503fdc7fa6c,13728,False,,259,194,RGB,quarantined_exact_duplicate,Exact pixel duplicate of canonical file data_soil_raw/Clay/clay_0046.jpg,,
data_soil_raw/Clay/clay_0048.jpg,clay_0048.jpg,Clay,4dc4be1308fd3b62d79887cc279d698e25e5cb6e5022782e49b700df7ee88c2b,79f8918b03d627617e902598c663648a081185c93bd253f47f78dc5c7456f3ea,19678,False,,271,186,RGB,clean_retained,,train,data_soil/train/Clay/clay_0041.jpg
data_soil_raw/Clay/clay_0049.jpg,clay_0049.jpg,Clay,4dc4be1308fd3b62d79887cc279d698e25e5cb6e5022782e49b700df7ee88c2b,79f8918b03d627617e902598c663648a081185c93bd253f47f78dc5c7456f3ea,19678,False,,271,186,RGB,quarantined_exact_duplicate,Exact pixel duplicate of canonical file data_soil_raw/Clay/clay_0048.jpg,,
data_soil_raw/Clay/clay_0050.jpg,clay_0050.jpg,Clay,d0a97eea9dba1fab587995cc78cd96133b4b9dfab28c1408f282595690db690f,69167f932a5d2ff492f4176f8e2048d8ec4f1eccbff23c84529c64ed3863382f,12456,False,,225,225,RGB,clean_retained,,train,data_soil/train/Clay/clay_0036.jpg
data_soil_raw/Clay/clay_0051.jpg,clay_0051.jpg,Clay,d0a97eea9dba1fab587995cc78cd96133b4b9dfab28c1408f282595690db690f,69167f932a5d2ff492f4176f8e2048d8ec4f1eccbff23c84529c64ed3863382f,12456,False,,225,225,RGB,quarantined_exact_duplicate,Exact pixel duplicate of canonical file data_soil_raw/Clay/clay_0050.jpg,,
data_soil_raw/Clay/clay_0052.jpg,clay_0052.jpg,Clay,074c1bc2c2bd995db7e3056214cff52364beb9739e9102ee0ba895dde760d962,c3d4ed96b613a5444b049c9a2fb801619a9345b59d2251afe6a391d177ae554d,3855,False,,100,100,RGB,clean_retained,,train,data_soil/train/Clay/clay_0061.jpg
data_soil_raw/Clay/clay_0053.jpg,clay_0053.jpg,Clay,074c1bc2c2bd995db7e3056214cff52364beb9739e9102ee0ba895dde760d962,c3d4ed96b613a5444b049c9a2fb801619a9345b59d2251afe6a391d177ae554d,3855,False,,100,100,RGB,quarantined_exact_duplicate,Exact pixel duplicate of canonical file data_soil_raw/Clay/clay_0052.jpg,,
data_soil_raw/Clay/clay_0054.png,clay_0054.png,Clay,5346e1c39c26b6d730ec1ee7479c25a665597c5bd12dc5617d80d13717b0230f,4a7af12c89b2e75257ea5001bcf6f7e0fe0b0660400457da2ea20b805fadc5aa,299958,False,,406,262,RGBA,clean_retained,,train,data_soil/train/Clay/clay_0022.jpg
data_soil_raw/Clay/clay_0055.png,clay_0055.png,Clay,969c3c85b5c79dee48d7cd0c69ab3ff82a8b1b476289a9c84a8b8157eabfb651,bae85d2051e5b81b036afb0bcd20dc8fb395a8401e3bb72628849f9f8592bc57,297319,False,,406,259,RGBA,clean_retained,,test,data_soil/test/Clay/clay_0013.jpg
data_soil_raw/Clay/clay_0056.jpg,clay_0056.jpg,Clay,63945612f0f44e7a9940722bb5b5af890575a55960f0df83bfa86ce7fc98748b,b8cb028b9f10e21b89b9b4ca38bd5e6bc663a6dcb499c40ff4bebdf8cf2e0d5b,76368,False,,500,500,RGB,clean_retained,,train,data_soil/train/Clay/clay_0055.jpg
data_soil_raw/Clay/clay_0057.jpg,clay_0057.jpg,Clay,ef0689b04ca0070a94201372a81854c93e96e8eb688b333eb58ec6c0df8c326c,58d8b3eea2bcdc9b45380c7b5cae6b3ed8454146601d92339d4eb035cbd717f5,197337,False,,800,531,RGB,clean_retained,,val,data_soil/val/Clay/clay_0007.jpg
data_soil_raw/Clay/clay_0058.jpg,clay_0058.jpg,Clay,b119a7f069581b2dc96d5fae3a28bdea74f76f62c94626acec4bb2af66c4ca6b,eddb9f3a72f3b900caae57c951591c72f4750458d2b75f3903299f7a31c6ed66,437779,False,,1300,954,RGB,clean_retained,,val,data_soil/val/Clay/clay_0018.jpg
data_soil_raw/Clay/clay_0059.jpg,clay_0059.jpg,Clay,0112c7e4022d2af1fde2d1a3b315b4b8a2fb41b5ffc2e78e8d6e2069b7e41f7d,0d74d503d07c5e4471adcff5b5c8a79d2998c96550ce1a8f700259e19b6828a4,24925,False,,728,728,RGB,quarantined_exact_duplicate,Exact pixel duplicate of canonical file data_soil_raw/Clay/clay_0032.jpg,,
data_soil_raw/Clay/clay_0060.jpg,clay_0060.jpg,Clay,bc01ad42925068115a7eb8cd4049ca66370bb9b3106dfa54382c1696590b3caf,54260e2310b01767d08d4edf640d9f749aad57586f0b0ca51ac8d3a962e11aff,399557,False,,1600,1237,RGB,quarantined_exact_duplicate,Exact pixel duplicate of canonical file data_soil_raw/Clay/clay_0038.jpg,,
data_soil_raw/Clay/clay_0061.jpg,clay_0061.jpg,Clay,84e5f34f5d1f1703f2fce28fc2c20072157326a9ca9c7fecb2905d8165e98ff5,d7d84cd7438bfa528069c2e9e76e7ab175b566db9d1577bf5cd236380233254a,123461,False,,800,533,RGB,clean_retained,,test,data_soil/test/Clay/clay_0016.jpg
data_soil_raw/Clay/clay_0062.jpg,clay_0062.jpg,Clay,f6d31d2908e48ddc181615567674dde2b545599695aa26a72a1d645a6337dee8,4673b9d59edfed5f5eb564b3c875799928e7f2d5b804386b567490a34c0cd289,96881,False,,1078,600,RGB,clean_retained,,train,data_soil/train/Clay/clay_0021.jpg
data_soil_raw/Clay/clay_0063.jpeg,clay_0063.jpeg,Clay,36111c4a1308a3f5da1d2838f7e517ecfe08648e420b18f016080c78dadc1987,7cf67fbb07bb47ba0e1617e5fb11c0bf3daf90be4175ce7c2101e3653bbc5c51,14470,False,,281,179,RGB,clean_retained,,train,data_soil/train/Clay/clay_0043.jpg
data_soil_raw/Clay/clay_0064.jpg,clay_0064.jpg,Clay,d0a97eea9dba1fab587995cc78cd96133b4b9dfab28c1408f282595690db690f,69167f932a5d2ff492f4176f8e2048d8ec4f1eccbff23c84529c64ed3863382f,12456,False,,225,225,RGB,quarantined_exact_duplicate,Exact pixel duplicate of canonical file data_soil_raw/Clay/clay_0050.jpg,,
data_soil_raw/Clay/clay_0065.jpg,clay_0065.jpg,Clay,ef0689b04ca0070a94201372a81854c93e96e8eb688b333eb58ec6c0df8c326c,58d8b3eea2bcdc9b45380c7b5cae6b3ed8454146601d92339d4eb035cbd717f5,197337,False,,800,531,RGB,quarantined_exact_duplicate,Exact pixel duplicate of canonical file data_soil_raw/Clay/clay_0057.jpg,,
data_soil_raw/Clay/clay_0066.jpeg,clay_0066.jpeg,Clay,11e8a895789c6b6a5ee64b58a0c690fdc38e934a8eb8267df232ddad31289bef,70c95d52f75fb3309667999c89e66150f7a206392598dd51235c422985fd999a,258550,False,,1280,960,RGB,clean_retained,,train,data_soil/train/Clay/clay_0038.jpg
data_soil_raw/Clay/clay_0067.png,clay_0067.png,Clay,442d71344c466f0509ba6809e7a5e23ddaf50b6796c70946b840788bfa746d18,749f9bdf9090022ac042cab5de79ce2253411c2b7a427efa5151ddac54423419,356807,False,,450,295,RGBA,quarantined_exact_duplicate,Exact pixel duplicate of canonical file data_soil_raw/Clay/clay_0025.png,,
data_soil_raw/Clay/clay_0068.png,clay_0068.png,Clay,5e42d3d1ad828598f8c776988e72a1dfe81655a0108083bdb057ce926d4d0058,44a990b5ee1e3f8ab1b39f4e3fe38d6587b189b8cd7d2b6f4d80f35c999d515c,3336599,False,,1300,866,RGBA,quarantined_cross_class_conflict,"Identical pixel content found across conflicting classes: ['Clay', 'Red']",,
data_soil_raw/Clay/clay_0069.jpg,clay_0069.jpg,Clay,68f46f79dfa00f62eb48e68e75e0fe0f35d0aad309a45edcefe106e645ec2fcf,ce9f4ebdf538f39c5418573d7bfc30031278671fa4320c8b6174438115bf80b1,161087,False,,800,533,RGB,clean_retained,,val,data_soil/val/Clay/clay_0014.jpg
data_soil_raw/Clay/clay_0070.png,clay_0070.png,Clay,6bf0665b04b531be41c1315dbe0f28c2b4130585253b5fd46b3ffe88759bf5a8,d07490b747fbc8dd521b2c624e657d3d07a84dbba26815e28b1797a837ee4b5f,1381813,False,,1024,500,RGBA,quarantined_exact_duplicate,Exact pixel duplicate of canonical file data_soil_raw/Clay/clay_0027.png,,
data_soil_raw/Clay/clay_0071.jpg,clay_0071.jpg,Clay,3a5040002495f48014134d0d6e6da5bf2e861c7b075646bdd66b45707082b745,1ee1aa8fb0ed8f317eb57f5fd7fd4ec0be61f3a4b95e623ca7198fb39bbd67b2,252905,False,,1200,800,RGB,clean_retained,,val,data_soil/val/Clay/clay_0003.jpg
data_soil_raw/Clay/clay_0072.jpg,clay_0072.jpg,Clay,4d790de4b8ae58c5a88cc6895f7e3d49d9aea4a785728e50cc1faa32bf9149b9,51ed43df157e1b7a02b2142b6229d771c0bdf835ae22949f28b4c8e065ee8832,65860,False,,512,343,RGB,quarantined_exact_duplicate,Exact pixel duplicate of canonical file data_soil_raw/Clay/clay_0028.jpg,,
data_soil_raw/Clay/clay_0073.jpg,clay_0073.jpg,Clay,87e8b1012ee9742e28083ade8f01a8114efc545ef1960e18577b3509032ec604,53b8261e6543e65e3b532a1a873a4120de31bbec3a366752097fa5b9af56e5a7,20900,False,,275,183,RGB,quarantined_exact_duplicate,Exact pixel duplicate of canonical file data_soil_raw/Clay/clay_0002.jpg,,
data_soil_raw/Clay/clay_0074.jpg,clay_0074.jpg,Clay,e9a739fdc41a823cd572b9f6b17b20a96f6014d07faabf6e124a1ac420cc04c3,7d334ef484af0e899666703eb4f9e6eb6a149196797d37310b1e0852987527da,15874,False,,275,183,RGB,quarantined_exact_duplicate,Exact pixel duplicate of canonical file data_soil_raw/Clay/clay_0003.jpg,,
data_soil_raw/Clay/clay_0075.jpg,clay_0075.jpg,Clay,fe8603c2bfc0ffce737a057f1973bde501bdb9d28496c0942b4b9496cd8b55d9,beddc9a800065ba3d833a7d0ed94c88bd7668bb6681772ab69c43e2006dd953e,16050,False,,264,191,RGB,quarantined_exact_duplicate,Exact pixel duplicate of canonical file data_soil_raw/Clay/clay_0004.jpg,,
data_soil_raw/Clay/clay_0076.jpg,clay_0076.jpg,Clay,15e040c1a0de3171d9f82fc1a0173ee62c4193c595a1cbe7fe7457c1d454dc7e,82ede3e15ad50d838ec5d2f376725d7b76ddd2ab6b4f6327300a16eec84deec4,16174,False,,263,192,RGB,quarantined_exact_duplicate,Exact pixel duplicate of canonical file data_soil_raw/Clay/clay_0005.jpg,,
data_soil_raw/Clay/clay_0077.jpg,clay_0077.jpg,Clay,065440daddb5025862cb18a50d901eddc30c63cb6155fb879870827a7dd57842,de23c773aac471aed2b7dc1a9cf252668af14f4fd84833c388668aa673166d21,16565,False,,263,191,RGB,quarantined_exact_duplicate,Exact pixel duplicate of canonical file data_soil_raw/Clay/clay_0006.jpg,,
data_soil_raw/Clay/clay_0078.jpg,clay_0078.jpg,Clay,d7b845f4dc3b8722a71bf5f9f5be5845fa6280487a7fbb3cfcc3ff44a31cf0a9,31b2a5a6cada27abeafa5e9de8496ae0918e6819dcdf68093194b3f95a260dd5,15323,False,,276,183,RGB,quarantined_exact_duplicate,Exact pixel duplicate of canonical file data_soil_raw/Clay/clay_0007.jpg,,
data_soil_raw/Clay/clay_0079.jpg,clay_0079.jpg,Clay,ddebaf31a2852d019d2e4c8e6f238c76c4c1d30c54c50f06c3db58d49e1867a8,392f97445cdfd124d87426ddd971819c749c5c3990d50821373c90c55f1db4e6,14140,False,,262,192,RGB,quarantined_exact_duplicate,Exact pixel duplicate of canonical file data_soil_raw/Clay/clay_0008.jpg,,
data_soil_raw/Clay/clay_0080.jpg,clay_0080.jpg,Clay,e0e77d4e01e150847b018582ffa85d9963a6886a95c638ea40a1384aa8a5b144,576b00eb89ab3340c833ca5bd6fdfc23ce6c7549c2e40a44603491ef143b0cd3,14222,False,,266,189,RGB,quarantined_exact_duplicate,Exact pixel duplicate of canonical file data_soil_raw/Clay/clay_0009.jpg,,
data_soil_raw/Clay/clay_0081.jpg,clay_0081.jpg,Clay,967f7cc5e7873a9ffbc11d7a6cbb08d0ad5a024951761c75a813deae96c232d2,e8c9b25644c883b3b3055efcba8e932b42136085d1eba4850b7c6837931c86c3,11025,False,,263,192,RGB,quarantined_exact_duplicate,Exact pixel duplicate of canonical file data_soil_raw/Clay/clay_0010.jpg,,
data_soil_raw/Clay/clay_0082.jpg,clay_0082.jpg,Clay,de3777333d5f9ab3a91a3b6ac951b553e859d22081802337b521fa6e8ba75af0,15d9ad26c1d6447a860ae44bda465ffb6fb77ea12389820aac7d8da7a7843360,15627,False,,216,233,RGB,quarantined_exact_duplicate,Exact pixel duplicate of canonical file data_soil_raw/Clay/clay_0011.jpg,,
data_soil_raw/Clay/clay_0083.jpg,clay_0083.jpg,Clay,5302adde1ad51d7a9de42c05d4c750c866b84778b7df6c7336f735d7df302971,7a18a050eb30b4c716f37b5c5f5b24a52c06e3648804c2de6023477aa09ef4c5,10917,False,,274,184,RGB,quarantined_exact_duplicate,Exact pixel duplicate of canonical file data_soil_raw/Clay/clay_0012.jpg,,
data_soil_raw/Clay/clay_0084.jpg,clay_0084.jpg,Clay,0aaa5daecd24801e77df6be0cb879b34b9507cd797119c9de748b85bf68ff124,7f4cf5144f5b396ef01b82ca1706b9967b4528d19c4c4245db9cb91baba4281f,17369,False,,168,300,RGB,clean_retained,,train,data_soil/train/Clay/clay_0045.jpg
data_soil_raw/Clay/clay_0085.jpg,clay_0085.jpg,Clay,cc51ef07f2401ab97e72c77a44256b7e46cc605fb5ff5215f2938a6a88a3b62c,5353d5ab2e2173117b514d80410898f7dd507bebc2a7bf100f2e677c97f73340,16328,False,,267,189,RGB,quarantined_exact_duplicate,Exact pixel duplicate of canonical file data_soil_raw/Clay/clay_0013.jpg,,
data_soil_raw/Clay/clay_0086.jpg,clay_0086.jpg,Clay,ba794bae5fb1f049b645bf43add765449abf6543551808a55292d454eed23a60,2f9d796d9c04429c8a19a63de09424b3dcbfbe98d817a3b96b3771cfe281a3e3,11343,False,,318,159,RGB,quarantined_exact_duplicate,Exact pixel duplicate of canonical file data_soil_raw/Clay/clay_0014.jpg,,
data_soil_raw/Clay/clay_0087.jpg,clay_0087.jpg,Clay,79afbb0ce686494410ea8c58edc0cccfa8c93e6f2e8ac6de57bdcb0653ce21e4,c78ce9a054ac30c333c0cb541fda018c47a1675b0c6a2f59be60b8a0bc6daae6,14602,False,,262,193,RGB,clean_retained,,test,data_soil/test/Clay/clay_0014.jpg
data_soil_raw/Clay/clay_0088.jpg,clay_0088.jpg,Clay,30a2e0e605379dd29c5ecd9d9ffa314abfcd6367850ed4523ae2085c3e1407b9,2e494deecf5dc931ec8f3a27adc2211e86602b40283f5821af8310e7821a16a0,16256,False,,262,192,RGB,clean_retained,,train,data_soil/train/Clay/clay_0011.jpg
data_soil_raw/Clay/clay_0089.jpg,clay_0089.jpg,Clay,34752d1614eec1c20d14167b6efc2343cb1e4851947cc7970b238b713085cbc8,17357bb3c7095620b1304526b4d30aeafa6ce350ffb9bf4c35ab94b8a7910c0a,13025,False,,275,184,RGB,clean_retained,,train,data_soil/train/Clay/clay_0006.jpg
data_soil_raw/Clay/clay_0090.jpg,clay_0090.jpg,Clay,b90277709e889942c394ec484dd9acf2b4ffe5c265b972f1f45a2686269ee86a,518e2aaff0023beefbf28d1599ee8014b8349970c74a95a1a069d988a574f0e3,9474,False,,200,130,RGB,clean_retained,,train,data_soil/train/Clay/clay_0025.jpg
data_soil_raw/Clay/clay_0091.jpg,clay_0091.jpg,Clay,5d2e07dc7cdfdf0c3743ae1ee3ddcf59b328131a1c50988ccf0fdc0e961d9020,38e4d443d2d0cbee9cf34bb1e680b05c6d1a37e1ec75532393b512174f17facc,11738,False,,260,194,RGB,clean_retained,,train,data_soil/train/Clay/clay_0017.jpg
data_soil_raw/Clay/clay_0092.jpg,clay_0092.jpg,Clay,e4624947ac05aecf8eec92b5b7af2967701776509444d90d2aa6725d3dbddf4e,6e158c7f2e1ed78e8a951e8dba11fcb33c6327d7ad144260680426fe9f2e4d65,14527,False,,178,283,RGB,clean_retained,,val,data_soil/val/Clay/clay_0010.jpg
data_soil_raw/Clay/clay_0093.jpg,clay_0093.jpg,Clay,313f8fd82f110985592e33ef8fd11cf1e5e0a8e5edf340e515ba909a26f3b7f7,d13d1a5c284ee158f72bdfd9eeeaa70db7603d1d6bfa6c7f00454b2162ff5a0b,12293,False,,263,192,RGB,clean_retained,,train,data_soil/train/Clay/clay_0064.jpg
data_soil_raw/Clay/clay_0094.jpg,clay_0094.jpg,Clay,015959817040acfb1c6ebee9d20ef8653da3cb58bb7ec507a250df3679f4842e,9f17831c043ccc3f85d492e02e0809937e2b2484c0789c855ea2e260fda50e51,59418,False,,510,340,RGB,clean_retained,,test,data_soil/test/Clay/clay_0012.jpg
data_soil_raw/Clay/clay_0095.jpg,clay_0095.jpg,Clay,0912695c16f9c04f50c6d6700f17a9ef2c003bb974f89d23d5b8053628207479,e0af0ba4a9d5c863ba3525e71016cab92e8f8d8a93fc0a6a10d9d7b9b5b0c7a0,16549,False,,263,192,RGB,quarantined_exact_duplicate,Exact pixel duplicate of canonical file data_soil_raw/Clay/clay_0015.jpg,,
data_soil_raw/Clay/clay_0096.jpg,clay_0096.jpg,Clay,86b0786d6564ef7c719b9d93a92a9280bdbb0bfd405e603f8c4458e2768d82de,fda9205f55b05ee3720e0be355c8251ca686199a986bcef8d593da9691fd81cd,98999,False,,509,340,RGB,clean_retained,,train,data_soil/train/Clay/clay_0082.jpg
data_soil_raw/Clay/clay_0097.jpg,clay_0097.jpg,Clay,08e5f7569ef0b885166966c996374afd2d7bd6174b24db2b55e2e4d4560361ff,daa669f393873a8882005bcb01c96b45417152cb7e98ed96ee8ed51a878501ca,14146,False,,262,192,RGB,clean_retained,,val,data_soil/val/Clay/clay_0016.jpg
data_soil_raw/Clay/clay_0098.jpg,clay_0098.jpg,Clay,9c8a79c25e6cfaf66f8c34ed589dd2193b8b642d4e599433d4e28e6ece987ffe,7e6292fe2a4e9f430233553df5c3c36ead0cd0cf31b5214dae6b3c639c35ce0b,74434,False,,509,340,RGB,clean_retained,,val,data_soil/val/Clay/clay_0011.jpg
data_soil_raw/Clay/clay_0099.jpg,clay_0099.jpg,Clay,9ad8c808da7162ed70b5625419315c93205108ce59dca9a4cc204a4ce87331ad,05874cb328ff00c7d5076605449e0c79c81bf46d19a11d7cec663367891913b0,69791,False,,508,340,RGB,clean_retained,,train,data_soil/train/Clay/clay_0002.jpg
data_soil_raw/Clay/clay_0100.jpg,clay_0100.jpg,Clay,b6ddacc5faa9eae44dbd86526f8bb4cb969bb412fd275fe658ebfbc9efb5c17f,9b5727be396e3b38b7f96c2da476cc86ec49c69f137bb85f542901b3da606ca7,14391,False,,261,193,RGB,clean_retained,,train,data_soil/train/Clay/clay_0049.jpg
data_soil_raw/Clay/clay_0101.jpg,clay_0101.jpg,Clay,8ef71758bd0255ccd0e75fe032dde135693601942f1e84cb6817de9263b5a41e,f09bbbac203420c07a109e9f06bc0de9d1d31bcf4a8e2753af0e41a7ce415e36,31438,False,,191,340,RGB,clean_retained,,train,data_soil/train/Clay/clay_0079.jpg
data_soil_raw/Clay/clay_0102.jpg,clay_0102.jpg,Clay,8df2a0d59b071f0e9cbeccb1cae2578b73ae2e51ae4b2cdc71982a515ae239f3,26c10676e9376dbd49e382f08453684036ccaab69af293be7e7dc83d59ca7151,58953,False,,453,340,RGB,clean_retained,,train,data_soil/train/Clay/clay_0010.jpg
data_soil_raw/Clay/clay_0103.jpg,clay_0103.jpg,Clay,ce1ea76ae133683ace34cf6b879b50b808ec294c1009be7b822b77dcceaf2613,1e676bc00c4eda08d1c0fecc3c377cccec34014b8d0c9886f0d9c0522d65e01a,66566,False,,453,340,RGB,clean_retained,,test,data_soil/test/Clay/clay_0002.jpg
data_soil_raw/Clay/clay_0104.jpg,clay_0104.jpg,Clay,0cf3df07ff850e3e2f2cf059aef43745099ac08742781da446c337fdd8f0cb9e,c47cf1b1e3c550a894ab82a360ed3b7da7f5dc2f4da2cc28f2dacac76d7257c2,100663,False,,510,340,RGB,clean_retained,,train,data_soil/train/Clay/clay_0062.jpg
data_soil_raw/Clay/clay_0105.jpg,clay_0105.jpg,Clay,c4286345d8b43475e4045327a9b05f56c295f7c80df4d702581605c6b2d748c0,60c5794eb64499fbf143bcf77eede41c427ce420c69a3871d1445b709b8360f6,15880,False,,262,192,RGB,clean_retained,,train,data_soil/train/Clay/clay_0032.jpg
data_soil_raw/Clay/clay_0106.jpg,clay_0106.jpg,Clay,fa0312b3026ed28cfc9e4fa9b347abd0c2d8177ac87ca0eaf0c6488738907387,e9ade8d23c4bb7084c58f3a5f0c5f82cda2958dd3ad3f82e3e35f60ec7e0a32f,14202,False,,267,189,RGB,quarantined_exact_duplicate,Exact pixel duplicate of canonical file data_soil_raw/Clay/clay_0016.jpg,,
data_soil_raw/Clay/clay_0107.jpg,clay_0107.jpg,Clay,dbb70ce426025c138fe45408e4bffe9a157bfe01779c6ec433b23c561b22281f,8dc96bb9b041877dd685c23199217b71b25ae3c40788c18ad7f97bd62348223a,11295,False,,225,225,RGB,clean_retained,,train,data_soil/train/Clay/clay_0048.jpg
data_soil_raw/Clay/clay_0108.jpg,clay_0108.jpg,Clay,271c4d377ea5a15d1a3c0f3e767597e4ab6c8825a00dbb3282a666d759067c05,a27907158cf8562a2ebecc2ece496a768db38322aeff06cb8716c7effba441c5,11228,False,,259,195,RGB,clean_retained,,train,data_soil/train/Clay/clay_0050.jpg
data_soil_raw/Clay/clay_0109.jpg,clay_0109.jpg,Clay,d3677863fecc9a0c443e4e6bfe0679e7586fa95f9cb571c47642a5858e4b6602,ea9987b1163daf6b6b862fd4805cb8ab22e6644343bcb648a5e03cc13b433a6a,20003,False,,262,192,RGB,clean_retained,,train,data_soil/train/Clay/clay_0075.jpg
data_soil_raw/Clay/clay_0110.jpg,clay_0110.jpg,Clay,c1f26bb8f67df5abfeea46e3e1088efe58ec29c7e83d828baeb3baa08ce1e507,f568b0c07f3277e8d39847e979cb29243a01af1c82bdf9c473394d998f6bfcf0,16135,False,,276,183,RGB,clean_retained,,train,data_soil/train/Clay/clay_0080.jpg
data_soil_raw/Clay/clay_0111.jpg,clay_0111.jpg,Clay,ad85b91eadbb1cec0821ba200000c36cfb929e950e9cc0ca704ee4a68537a49c,dc5b1201af499fae1161d8643ca11e2b5adfaa576bce205ebd22e69c709e8e35,15581,False,,263,192,RGB,quarantined_exact_duplicate,Exact pixel duplicate of canonical file data_soil_raw/Clay/clay_0017.jpg,,
data_soil_raw/Clay/clay_0112.jpg,clay_0112.jpg,Clay,e82676ece2c792c05e3e15c5b1074b8881ccf427131d4c7a2839747843c0fafa,501dfc1794990b84ae131a3f5613102a174681dbd13b62cb07202ba25c638c15,19363,False,,275,183,RGB,quarantined_exact_duplicate,Exact pixel duplicate of canonical file data_soil_raw/Clay/clay_0018.jpg,,
data_soil_raw/Clay/clay_0113.jpg,clay_0113.jpg,Clay,ddb2c872a3b8b4c623f6c37eac0a812dbc1a07a5fcce9df661208e01dcb6d5b3,6100490199c918bcbf48671573d80ea149b2a34e1c9458d865391b5de2cf9f3e,14622,False,,262,192,RGB,quarantined_exact_duplicate,Exact pixel duplicate of canonical file data_soil_raw/Clay/clay_0019.jpg,,
data_soil_raw/Clay/clay_0114.jpg,clay_0114.jpg,Clay,41c80cd71450dbe6bdb90f5e76f24825ae7830d952bde4458974158b14dd6fd3,33900d6543ccbfe7a227736c4b3d4607f39ec3a9c8f75b331fa526b34c852785,16191,False,,275,183,RGB,quarantined_exact_duplicate,Exact pixel duplicate of canonical file data_soil_raw/Clay/clay_0020.jpg,,
data_soil_raw/Clay/clay_0115.jpg,clay_0115.jpg,Clay,57a50682402d9aa7ecbfe509555e809f2a4978c635b26e5c7dffa204e4cb67f5,ddcdc98b42da26fef0a51f095852e6d3ebff1837b8827f62365154465714623c,14906,False,,275,183,RGB,quarantined_exact_duplicate,Exact pixel duplicate of canonical file data_soil_raw/Clay/clay_0021.jpg,,
data_soil_raw/Clay/clay_0116.jpg,clay_0116.jpg,Clay,438a65fc1bbab543546e9ef3443753027a61b1ea7c883945a834c7ee1a3d333f,d7a1fb22d2a4aec71f71889f48dc53707efac43825c9fb73fcfc1f4e270ec472,14063,False,,264,191,RGB,quarantined_exact_duplicate,Exact pixel duplicate of canonical file data_soil_raw/Clay/clay_0022.jpg,,
data_soil_raw/Clay/clay_0117.jpg,clay_0117.jpg,Clay,b67e4c0ddce3e7750cec82f577989004e77bc726b385538d05f9ed1644d4453f,6c4e4498ba620630cca8f3e5a29fe24f7b0c5490bd908596744efc87b329684e,14617,False,,177,285,RGB,clean_retained,,train,data_soil/train/Clay/clay_0037.jpg
data_soil_raw/Clay/clay_0118.jpg,clay_0118.jpg,Clay,8079904e97811d5c32019c602eabef5221d5851ba3e891541dc7b4bdbbb2c175,bf502e0b4a2224e02ee829709d215a7bc5f9e136b035b4181eb556d82323ffe4,15330,False,,275,183,RGB,quarantined_exact_duplicate,Exact pixel duplicate of canonical file data_soil_raw/Clay/clay_0023.jpg,,
data_soil_raw/Clay/clay_0119.jpg,clay_0119.jpg,Clay,b016d4576ffd33735c63ac91b2794494cd6b4ab34da4a9dd3056ca70987e4094,237600b2926eba37249b89281112d4e84a70fab4ea297458af6501fc71574220,6862,False,,259,194,RGB,quarantined_exact_duplicate,Exact pixel duplicate of canonical file data_soil_raw/Clay/clay_0024.jpg,,
data_soil_raw/Clay/clay_0120.jpg,clay_0120.jpg,Clay,42f6f8a369a687ca9f65c0d014ab93b7a39436f6601ea8d1a22516f844c5511b,5e931550e793370aa5faf0f913bcafe6fe4a41c6411c0888d83d5ea016375846,2310663,False,,2592,1456,RGB,quarantined_exact_duplicate,Exact pixel duplicate of canonical file data_soil_raw/Clay/clay_0029.jpg,,
data_soil_raw/Clay/clay_0121.jpg,clay_0121.jpg,Clay,f6e6bc3971f3e8f6bea5d0f4481d5d45d4b29b6803a28b2b46abefa58b80b084,3a238f8781a7d8d0e8aeec85f5c788ce314724fd81266b999dcf4b2336c55c9c,43294,False,,350,350,RGB,quarantined_exact_duplicate,Exact pixel duplicate of canonical file data_soil_raw/Clay/clay_0030.jpg,,
data_soil_raw/Clay/clay_0122.jpeg,clay_0122.jpeg,Clay,11e8a895789c6b6a5ee64b58a0c690fdc38e934a8eb8267df232ddad31289bef,70c95d52f75fb3309667999c89e66150f7a206392598dd51235c422985fd999a,258550,False,,1280,960,RGB,quarantined_exact_duplicate,Exact pixel duplicate of canonical file data_soil_raw/Clay/clay_0066.jpeg,,
data_soil_raw/Clay/clay_0123.png,clay_0123.png,Clay,442d71344c466f0509ba6809e7a5e23ddaf50b6796c70946b840788bfa746d18,749f9bdf9090022ac042cab5de79ce2253411c2b7a427efa5151ddac54423419,356807,False,,450,295,RGBA,quarantined_exact_duplicate,Exact pixel duplicate of canonical file data_soil_raw/Clay/clay_0025.png,,
data_soil_raw/Clay/clay_0124.png,clay_0124.png,Clay,95477a3ce2a46425d6525539605eea370ff07bdacc4b0e6de090d560e80186e9,cf59c0b8a612ff6a420bb821db37e45d853ecf107ea8ec7918aaa68bfde08df1,1089185,False,,1300,866,P,clean_retained,,test,data_soil/test/Clay/clay_0015.jpg
data_soil_raw/Clay/clay_0125.jpg,clay_0125.jpg,Clay,68f46f79dfa00f62eb48e68e75e0fe0f35d0aad309a45edcefe106e645ec2fcf,ce9f4ebdf538f39c5418573d7bfc30031278671fa4320c8b6174438115bf80b1,161087,False,,800,533,RGB,quarantined_exact_duplicate,Exact pixel duplicate of canonical file data_soil_raw/Clay/clay_0069.jpg,,
data_soil_raw/Clay/clay_0126.png,clay_0126.png,Clay,6bf0665b04b531be41c1315dbe0f28c2b4130585253b5fd46b3ffe88759bf5a8,d07490b747fbc8dd521b2c624e657d3d07a84dbba26815e28b1797a837ee4b5f,1381813,False,,1024,500,RGBA,quarantined_exact_duplicate,Exact pixel duplicate of canonical file data_soil_raw/Clay/clay_0027.png,,
data_soil_raw/Clay/clay_0127.jpg,clay_0127.jpg,Clay,3a5040002495f48014134d0d6e6da5bf2e861c7b075646bdd66b45707082b745,1ee1aa8fb0ed8f317eb57f5fd7fd4ec0be61f3a4b95e623ca7198fb39bbd67b2,252905,False,,1200,800,RGB,quarantined_exact_duplicate,Exact pixel duplicate of canonical file data_soil_raw/Clay/clay_0071.jpg,,
data_soil_raw/Clay/clay_0128.jpg,clay_0128.jpg,Clay,4d790de4b8ae58c5a88cc6895f7e3d49d9aea4a785728e50cc1faa32bf9149b9,51ed43df157e1b7a02b2142b6229d771c0bdf835ae22949f28b4c8e065ee8832,65860,False,,512,343,RGB,quarantined_exact_duplicate,Exact pixel duplicate of canonical file data_soil_raw/Clay/clay_0028.jpg,,
data_soil_raw/Clay/clay_0129.jpg,clay_0129.jpg,Clay,42f6f8a369a687ca9f65c0d014ab93b7a39436f6601ea8d1a22516f844c5511b,5e931550e793370aa5faf0f913bcafe6fe4a41c6411c0888d83d5ea016375846,2310663,False,,2592,1456,RGB,quarantined_exact_duplicate,Exact pixel duplicate of canonical file data_soil_raw/Clay/clay_0029.jpg,,
data_soil_raw/Clay/clay_0130.jpg,clay_0130.jpg,Clay,f6e6bc3971f3e8f6bea5d0f4481d5d45d4b29b6803a28b2b46abefa58b80b084,3a238f8781a7d8d0e8aeec85f5c788ce314724fd81266b999dcf4b2336c55c9c,43294,False,,350,350,RGB,quarantined_exact_duplicate,Exact pixel duplicate of canonical file data_soil_raw/Clay/clay_0030.jpg,,
data_soil_raw/Clay/clay_0131.jpg,clay_0131.jpg,Clay,b563ca197ed786e18131037abe7c5ffe39dd3a25c43092d9a7d24be97c3fff7d,163a0c0d998fa722d65381cbac40e13009e0d44071dab0f7cc5233b2007cde67,75938,False,,600,409,RGB,clean_retained,,train,data_soil/train/Clay/clay_0005.jpg
data_soil_raw/Clay/clay_0132.jpg,clay_0132.jpg,Clay,06f0c55102732cbfd2cd63d4a3ca98b3b5f3dc7cd18a92868109702c40614a5c,76d8d31732cffd642394f8443843fd4bac9435fc8a5b389223bd0f16b0c232f4,92460,False,,800,418,RGB,clean_retained,,train,data_soil/train/Clay/clay_0040.jpg
data_soil_raw/Clay/clay_0133.jpg,clay_0133.jpg,Clay,06f0c55102732cbfd2cd63d4a3ca98b3b5f3dc7cd18a92868109702c40614a5c,76d8d31732cffd642394f8443843fd4bac9435fc8a5b389223bd0f16b0c232f4,92460,False,,800,418,RGB,quarantined_exact_duplicate,Exact pixel duplicate of canonical file data_soil_raw/Clay/clay_0132.jpg,,
data_soil_raw/Clay/clay_0134.jpg,clay_0134.jpg,Clay,c43b2c84ebfcdf92ef6bf466e95275e7822968170962032e73dd6d0f2c31966f,b60e94bbfd250fdba6590ae33405f0cad9711663fa9eefe1f4cd13dfecec1c8a,32792,False,,728,728,RGB,quarantined_exact_duplicate,Exact pixel duplicate of canonical file data_soil_raw/Clay/clay_0031.jpg,,
data_soil_raw/Clay/clay_0135.jpg,clay_0135.jpg,Clay,0112c7e4022d2af1fde2d1a3b315b4b8a2fb41b5ffc2e78e8d6e2069b7e41f7d,0d74d503d07c5e4471adcff5b5c8a79d2998c96550ce1a8f700259e19b6828a4,24925,False,,728,728,RGB,quarantined_exact_duplicate,Exact pixel duplicate of canonical file data_soil_raw/Clay/clay_0032.jpg,,
data_soil_raw/Clay/clay_0136.jpg,clay_0136.jpg,Clay,0dc18e9d02fdd21ba64add69c1bcdaa0bf4a2dc9663ab38285d0ef7923a62eab,36c703372fce41fc8d9cf2f21750d7442eade2b69127860262dfbb78769ed42f,25058,False,,728,728,RGB,quarantined_exact_duplicate,Exact pixel duplicate of canonical file data_soil_raw/Clay/clay_0033.jpg,,
data_soil_raw/Clay/clay_0137.jpg,clay_0137.jpg,Clay,8bdd5cc4dd012838f18f546c19c060b72eda8f2765d724423a7a52d63ca030d2,536a0497652bbbe83b00a74644f238c583658856697d9a32f3667273a32d4a92,32784,False,,728,728,RGB,clean_retained,,test,data_soil/test/Clay/clay_0009.jpg
data_soil_raw/Clay/clay_0138.jpg,clay_0138.jpg,Clay,01b7e0c24ebb44b120bbe44ccd70e2e7159c8b7599694d5dc741e44c436fbe86,6c4adfb577d15e50a52c9809f0735846143981a5bdf9991c6cf0d7f2719e74d6,24932,False,,728,728,RGB,quarantined_exact_duplicate,Exact pixel duplicate of canonical file data_soil_raw/Clay/clay_0034.jpg,,
data_soil_raw/Clay/clay_0139.jpg,clay_0139.jpg,Clay,a91249582074236abd9f7a8e063f34ee697af3c0018f2e6aa5de50cf208b876e,2ce2933f02acf6949471a3c2d0aba55743476024268ab8d624c25fed5cfeb385,24987,False,,728,728,RGB,quarantined_exact_duplicate,Exact pixel duplicate of canonical file data_soil_raw/Clay/clay_0035.jpg,,
data_soil_raw/Clay/clay_0140.jpg,clay_0140.jpg,Clay,a75275c68c7a793776cb348483631c4b76dc084cdfbf1935f7da06657541148d,ecc6b1044a3abf35590fba1df06161b918ef2d9fae7ce839b62d128266c642d5,32647,False,,728,728,RGB,quarantined_exact_duplicate,Exact pixel duplicate of canonical file data_soil_raw/Clay/clay_0036.jpg,,
data_soil_raw/Clay/clay_0141.jpg,clay_0141.jpg,Clay,c8b38907bda184d7a00c1cca8d722053c013b5b20228c66e6612bbb14be2904c,c0df644c9bdabfa11359a9b759a19d91700ba28e10f08c6303f5716fa531fa96,42379,False,,728,728,RGB,clean_retained,,train,data_soil/train/Clay/clay_0060.jpg
data_soil_raw/Clay/clay_0142.jpg,clay_0142.jpg,Clay,c2ba012c486f95c08f6e7a4560f5587d0cc05664a06ff9f4c60db3eb863bd781,4eb0cc1b1bc4868c4fc9d8a2876f8b4326df50e792f591e51a07884a3c8d225c,27386,False,,728,728,RGB,clean_retained,,train,data_soil/train/Clay/clay_0024.jpg
data_soil_raw/Clay/clay_0143.jpg,clay_0143.jpg,Clay,052767a9394b72721cdd2267b94f69898924a38669324f6aff6fccfc1ba09046,3a2ca89e5c0f89132c9a22478631fd61f07f6ce9db43952befca3d1799bd13da,27215,False,,728,728,RGB,clean_retained,,train,data_soil/train/Clay/clay_0020.jpg
data_soil_raw/Clay/clay_0144.jpg,clay_0144.jpg,Clay,ec5f55ab1a6393fb9430b145c0223053193b8ada007f50740ff93b4ab307f7d9,e4046f334c2ad5303d5f442162ad1d95b5d532a90fb21e79efb1a167beac51f7,42332,False,,728,728,RGB,clean_retained,,train,data_soil/train/Clay/clay_0071.jpg
data_soil_raw/Clay/clay_0145.jpg,clay_0145.jpg,Clay,9e636f3729c106b4ca854658b74dbb449cf6346678bd4825d964fce0c7ea17dd,6f9fb571996b348c80bb6ffddd63b80aa50e483975d8ddc67df7bb736e28919a,27450,False,,728,728,RGB,clean_retained,,test,data_soil/test/Clay/clay_0010.jpg
data_soil_raw/Clay/clay_0146.jpg,clay_0146.jpg,Clay,270fafb4536bb220b5449393da03a544d7aa3fdb9f6ea960bc0b3209fd55df2d,3aac7227883da10c03d6476b9fcfd33fe96913f5afbffa6db3bd8b9fefc83cc1,27226,False,,728,728,RGB,clean_retained,,test,data_soil/test/Clay/clay_0007.jpg
data_soil_raw/Clay/clay_0147.jpg,clay_0147.jpg,Clay,3b617a01b92707744ae9ea2dc6a35abcf786e6b4d09c313acb39a0686c40612c,ac15e176c6990b36573b72e2cdaa3075d4726f9cbb1edeb56ee8bc21277954ae,42204,False,,728,728,RGB,clean_retained,,train,data_soil/train/Clay/clay_0051.jpg
data_soil_raw/Clay/clay_0148.jpg,clay_0148.jpg,Clay,975478e42093ec64bbe27aa886ce472c24add72eb5fb2f685a77c64e712cab6e,40bb07f89c6bab231682dc50e3a6532a2e80ecfd78f770a8c8503487cabdb36a,23897,False,,728,728,RGB,clean_retained,,test,data_soil/test/Clay/clay_0008.jpg
data_soil_raw/Clay/clay_0149.jpg,clay_0149.jpg,Clay,6a6001abf3a2579b5043031b92be21163667765bba98848397fff5489b3a3e89,fd89bf3b89fbb8b715440ad46cf981f0a525005f0b59a025acd322ebf4dc51d9,17811,False,,728,728,RGB,clean_retained,,test,data_soil/test/Clay/clay_0018.jpg
data_soil_raw/Clay/clay_0150.jpg,clay_0150.jpg,Clay,62a2de1053a4668a2e0686475cf3d048f6f4cdfd4031103a6f23c57830ad760d,d7234402fcba2839dea83ac1b381e8ec4921a029a403c54fbb9b3d752c4e71da,17928,False,,728,728,RGB,clean_retained,,train,data_soil/train/Clay/clay_0066.jpg
data_soil_raw/Clay/clay_0151.jpg,clay_0151.jpg,Clay,1dc7f9f16346b9017d0e9c0abbacddd549c940de3616a8c28a643e02ca8f693d,ada58dca9dd582c6246a9160aa4132c15cdcffc4157b66e300e9491f83b47b3b,23857,False,,728,728,RGB,clean_retained,,train,data_soil/train/Clay/clay_0052.jpg
data_soil_raw/Clay/clay_0152.jpg,clay_0152.jpg,Clay,6840ab74faba908d5f6c73b2fab18ed86e8b28b5b4976594360113389a95a403,5dfb3f8f011be5f80ebcfd1235e0b7efa197d9fdbca64befacff74d543854d33,17757,False,,728,728,RGB,clean_retained,,train,data_soil/train/Clay/clay_0030.jpg
data_soil_raw/Clay/clay_0153.jpg,clay_0153.jpg,Clay,381982c172439263756099651647db89e80071c6e568efeb471d865cfe757118,389615ad46814bd50bb41cbf2ec275f84130c1b86b7bec68a119f6de88662949,17924,False,,728,728,RGB,clean_retained,,test,data_soil/test/Clay/clay_0005.jpg
data_soil_raw/Clay/clay_0154.jpg,clay_0154.jpg,Clay,f7f48b2c648564208b5463370b296b6da727c392edaf854de572c3e505a189e7,36305993e27576edcabff0cb353276e2b3f4b46f001d8a0d2d580cd15c32a789,23876,False,,728,728,RGB,clean_retained,,train,data_soil/train/Clay/clay_0015.jpg
data_soil_raw/Clay/clay_0155.jpg,clay_0155.jpg,Clay,4517070cad423c51d15a23e82bd24c728e2342e41f3295c016a1608774da395f,12ac63272bf985e579240793df054fe87764ec99c0adc5adcd219f986476edc5,92171,False,,728,728,RGB,clean_retained,,val,data_soil/val/Clay/clay_0001.jpg
data_soil_raw/Clay/clay_0156.jpg,clay_0156.jpg,Clay,60fe07ddf55716d0798857c5c1c66cb1208811174568c7007023d9cf4030ff38,eaad065a356d0b1e8f09a1a156cd9e4c7c04fc72ad8685bb3291e1739d2e6a91,66405,False,,728,728,RGB,clean_retained,,val,data_soil/val/Clay/clay_0017.jpg
data_soil_raw/Clay/clay_0157.jpg,clay_0157.jpg,Clay,8cfe282ffe8041eeb19806d40fe3e4057a37e9b1590077d59fb1db51de93d143,396d20d1f1e127b733aa12fee18610969caf52213c31494a7b3c6b2017cf2997,67292,False,,728,728,RGB,clean_retained,,train,data_soil/train/Clay/clay_0018.jpg
data_soil_raw/Clay/clay_0158.jpg,clay_0158.jpg,Clay,9e0a36b41a63bad07a8fd82070c461b451f281c747111531389e103724c4a3b4,00a01c3cb9973e37bbdf5c0937198e727d88ed5301ad09e014319849e29baebe,92111,False,,728,728,RGB,clean_retained,,test,data_soil/test/Clay/clay_0001.jpg
data_soil_raw/Clay/clay_0159.jpg,clay_0159.jpg,Clay,d4cb5c2b035574c8455d303d021311ca6681e9e298735702cba6cfa03a9c0fc4,b94a48b7babbdeffa3f82ef994aa4f1b5fdf548b688440cc2564bc0a44e4cb5a,66679,False,,728,728,RGB,clean_retained,,train,data_soil/train/Clay/clay_0056.jpg
data_soil_raw/Clay/clay_0160.jpg,clay_0160.jpg,Clay,52f0627b87b22242b7ef92302aa280fe7414b71f532b64037f89d4ca1412249c,644d1657894b60f7da4e7dbb5ba25538d83570e512eb71ac0d0700c73ed34a8b,66899,False,,728,728,RGB,clean_retained,,train,data_soil/train/Clay/clay_0034.jpg
data_soil_raw/Clay/clay_0161.jpg,clay_0161.jpg,Clay,45e9d73d15d9d846b231b3b93637a9202b239b494fc0380bae8896802024272b,4badb9c07478074f17c26bc7c5d8dd5b3372cffc92f71c0f0135598c089f5733,92564,False,,728,728,RGB,clean_retained,,train,data_soil/train/Clay/clay_0023.jpg
data_soil_raw/Clay/clay_0162.jpg,clay_0162.jpg,Clay,b563ca197ed786e18131037abe7c5ffe39dd3a25c43092d9a7d24be97c3fff7d,163a0c0d998fa722d65381cbac40e13009e0d44071dab0f7cc5233b2007cde67,75938,False,,600,409,RGB,quarantined_exact_duplicate,Exact pixel duplicate of canonical file data_soil_raw/Clay/clay_0131.jpg,,
data_soil_raw/Clay/clay_0163.png,clay_0163.png,Clay,bcce34e3eccff8a97f589eb8f4f690ccdf768221d3f6db899218b9ae60987d0e,814a5e3ec3e0378d345265ae0b31e7a96a7d3243dc069d56e1812a1bb13ca07b,316837,False,,392,259,RGBA,clean_retained,,test,data_soil/test/Clay/clay_0011.jpg
data_soil_raw/Clay/clay_0164.jpg,clay_0164.jpg,Clay,bc01ad42925068115a7eb8cd4049ca66370bb9b3106dfa54382c1696590b3caf,54260e2310b01767d08d4edf640d9f749aad57586f0b0ca51ac8d3a962e11aff,399557,False,,1600,1237,RGB,quarantined_exact_duplicate,Exact pixel duplicate of canonical file data_soil_raw/Clay/clay_0038.jpg,,
data_soil_raw/Clay/clay_0165.jpg,clay_0165.jpg,Clay,73c9383883543f53a8483f26838a20969d3820ad1b28cec00ebb5b06e5998225,b1eee661fd931d9b2b6f8f7c3ccb32caa2ba263e3464b8bf72128e495750acad,63377,False,,400,225,RGB,quarantined_exact_duplicate,Exact pixel duplicate of canonical file data_soil_raw/Clay/clay_0039.jpg,,
data_soil_raw/Clay/clay_0166.jpg,clay_0166.jpg,Clay,84e5f34f5d1f1703f2fce28fc2c20072157326a9ca9c7fecb2905d8165e98ff5,d7d84cd7438bfa528069c2e9e76e7ab175b566db9d1577bf5cd236380233254a,123461,False,,800,533,RGB,quarantined_exact_duplicate,Exact pixel duplicate of canonical file data_soil_raw/Clay/clay_0061.jpg,,
data_soil_raw/Clay/clay_0167.jpg,clay_0167.jpg,Clay,f6d31d2908e48ddc181615567674dde2b545599695aa26a72a1d645a6337dee8,4673b9d59edfed5f5eb564b3c875799928e7f2d5b804386b567490a34c0cd289,96881,False,,1078,600,RGB,quarantined_exact_duplicate,Exact pixel duplicate of canonical file data_soil_raw/Clay/clay_0062.jpg,,
data_soil_raw/Clay/clay_0168.jpg,clay_0168.jpg,Clay,a237005d5e7f2d253e7dba54388986b462c534a3e736faf1a532d5f3cb9696cb,37116ba108190ad4da2c4ed24303d936c77e67cf57b48920689c4b431854588c,555640,False,,1920,1284,RGB,quarantined_exact_duplicate,Exact pixel duplicate of canonical file data_soil_raw/Clay/clay_0040.jpg,,
data_soil_raw/Clay/clay_0169.jpg,clay_0169.jpg,Clay,1af5bd6ac29de0afb909a78b61212f3db0f890214cf5fa0724e906836bde3e47,ec0abc23de0e76052211ff356a2ad95eb77e59fbc1ec6051c183c22c2c490f92,371482,False,,1000,500,RGB,quarantined_exact_duplicate,Exact pixel duplicate of canonical file data_soil_raw/Clay/clay_0041.jpg,,
data_soil_raw/Clay/clay_0170.jpg,clay_0170.jpg,Clay,456704170a4e5adc57623ab73e0017fb1b3083ab350052161fbae25734a4b6ee,8a03563996961efbbcadb300e22a8af019ea925af0d1498f59f08cc8ca85109b,74457,False,,505,347,RGB,clean_retained,,val,data_soil/val/Clay/clay_0013.jpg
data_soil_raw/Clay/clay_0171.jpg,clay_0171.jpg,Clay,abb5fa9efc0c52271d8acf8d59cb7a98f8295a3a21ca1d1435f6c9e2819888e0,fd5024e06e44db491587e437fe7ae4bef246af9b9cf997c91535b5f30e8eec28,27856,False,,325,228,RGB,quarantined_exact_duplicate,Exact pixel duplicate of canonical file data_soil_raw/Clay/clay_0042.jpg,,
data_soil_raw/Clay/clay_0172.jpg,clay_0172.jpg,Clay,098d569fcfc0255d33a1618071e448185044b78cb0978e04029edaa086e90899,057ef9a06708c0886a3fc90723e58ecc9101fc1ec6852748f39504a98fbbaba5,156134,False,,800,533,RGB,quarantined_exact_duplicate,Exact pixel duplicate of canonical file data_soil_raw/Clay/clay_0043.jpg,,
data_soil_raw/Clay/clay_0173.jpg,clay_0173.jpg,Clay,098d569fcfc0255d33a1618071e448185044b78cb0978e04029edaa086e90899,057ef9a06708c0886a3fc90723e58ecc9101fc1ec6852748f39504a98fbbaba5,156134,False,,800,533,RGB,quarantined_exact_duplicate,Exact pixel duplicate of canonical file data_soil_raw/Clay/clay_0043.jpg,,
data_soil_raw/Clay/clay_0174.jpg,clay_0174.jpg,Clay,47004c051f336c9531e1c6d5ce72abcb61d44175b6d448d6f08449dc47eac5cd,6464052e6e4810bad76c014eec3c1f8d76996f792ae6cf2c37286135d3d37a6b,194892,False,,1023,682,RGB,clean_retained,,train,data_soil/train/Clay/clay_0035.jpg
data_soil_raw/Clay/clay_0175.jpg,clay_0175.jpg,Clay,47004c051f336c9531e1c6d5ce72abcb61d44175b6d448d6f08449dc47eac5cd,6464052e6e4810bad76c014eec3c1f8d76996f792ae6cf2c37286135d3d37a6b,194892,False,,1023,682,RGB,quarantined_exact_duplicate,Exact pixel duplicate of canonical file data_soil_raw/Clay/clay_0174.jpg,,
data_soil_raw/Clay/clay_0176.jpg,clay_0176.jpg,Clay,2fd057a986a7a1b53943e6041dc23b1defcd4ff5c9a91ad29c6c836fd85f9275,826fa149a072e8111356d3abc3fa4c1fdec986de7b5b2bb1821e70066a0d5969,81413,False,,1200,900,RGB,clean_retained,,train,data_soil/train/Clay/clay_0046.jpg
data_soil_raw/Clay/clay_0177.jpg,clay_0177.jpg,Clay,2fd057a986a7a1b53943e6041dc23b1defcd4ff5c9a91ad29c6c836fd85f9275,826fa149a072e8111356d3abc3fa4c1fdec986de7b5b2bb1821e70066a0d5969,81413,False,,1200,900,RGB,quarantined_exact_duplicate,Exact pixel duplicate of canonical file data_soil_raw/Clay/clay_0176.jpg,,
data_soil_raw/Clay/clay_0178.jpg,clay_0178.jpg,Clay,003d021e28280a2160b1227222db1074d68714c003a5f3516fca8e9c837209da,bc3a8e2064760b934bc0c902d90ffe00886313d59febf09a5dfefa043639b568,383580,False,,1300,956,RGB,clean_retained,,train,data_soil/train/Clay/clay_0057.jpg
data_soil_raw/Clay/clay_0179.jpg,clay_0179.jpg,Clay,003d021e28280a2160b1227222db1074d68714c003a5f3516fca8e9c837209da,bc3a8e2064760b934bc0c902d90ffe00886313d59febf09a5dfefa043639b568,383580,False,,1300,956,RGB,quarantined_exact_duplicate,Exact pixel duplicate of canonical file data_soil_raw/Clay/clay_0178.jpg,,
data_soil_raw/Clay/clay_0180.jpg,clay_0180.jpg,Clay,2361f844a70158f79a1a12b8fccfac271e103ce943c5c3b7d97707fda26d365f,e95a962659d182e50c1ee35a543b0b3d4b3f6689e1a58e646ae945e5f3aa050f,304210,False,,1400,788,RGB,clean_retained,,train,data_soil/train/Clay/clay_0073.jpg
data_soil_raw/Clay/clay_0181.jpg,clay_0181.jpg,Clay,2361f844a70158f79a1a12b8fccfac271e103ce943c5c3b7d97707fda26d365f,e95a962659d182e50c1ee35a543b0b3d4b3f6689e1a58e646ae945e5f3aa050f,304210,False,,1400,788,RGB,quarantined_exact_duplicate,Exact pixel duplicate of canonical file data_soil_raw/Clay/clay_0180.jpg,,
data_soil_raw/Clay/clay_0182.jpeg,clay_0182.jpeg,Clay,feb33028490c4b24048ee47ea07e6088094b019ac46e622c875adc304e25ad57,f07a4656f23d1c17bdbc12167d39b9b2ab3ac5d55104f137dd3ca03c93d0d756,14542,False,,300,168,RGB,clean_retained,,train,data_soil/train/Clay/clay_0078.jpg
data_soil_raw/Clay/clay_0183.jpeg,clay_0183.jpeg,Clay,feb33028490c4b24048ee47ea07e6088094b019ac46e622c875adc304e25ad57,f07a4656f23d1c17bdbc12167d39b9b2ab3ac5d55104f137dd3ca03c93d0d756,14542,False,,300,168,RGB,quarantined_exact_duplicate,Exact pixel duplicate of canonical file data_soil_raw/Clay/clay_0182.jpeg,,
data_soil_raw/Clay/clay_0184.jpeg,clay_0184.jpeg,Clay,36111c4a1308a3f5da1d2838f7e517ecfe08648e420b18f016080c78dadc1987,7cf67fbb07bb47ba0e1617e5fb11c0bf3daf90be4175ce7c2101e3653bbc5c51,14470,False,,281,179,RGB,quarantined_exact_duplicate,Exact pixel duplicate of canonical file data_soil_raw/Clay/clay_0063.jpeg,,
data_soil_raw/Clay/clay_0185.jpeg,clay_0185.jpeg,Clay,36111c4a1308a3f5da1d2838f7e517ecfe08648e420b18f016080c78dadc1987,7cf67fbb07bb47ba0e1617e5fb11c0bf3daf90be4175ce7c2101e3653bbc5c51,14470,False,,281,179,RGB,quarantined_exact_duplicate,Exact pixel duplicate of canonical file data_soil_raw/Clay/clay_0063.jpeg,,
data_soil_raw/Clay/clay_0186.jpeg,clay_0186.jpeg,Clay,76dfea79edc9c0fdb9a6cbf756af12059a6e4b8f6ec1d2d2e477cbe57d66434a,eb851300a6682b462f33913c1bb6d88f5b9adb680d7bdfae8209b3e06020b9bd,3648,False,,100,100,RGB,clean_retained,,train,data_soil/train/Clay/clay_0076.jpg
data_soil_raw/Clay/clay_0187.jpeg,clay_0187.jpeg,Clay,76dfea79edc9c0fdb9a6cbf756af12059a6e4b8f6ec1d2d2e477cbe57d66434a,eb851300a6682b462f33913c1bb6d88f5b9adb680d7bdfae8209b3e06020b9bd,3648,False,,100,100,RGB,quarantined_exact_duplicate,Exact pixel duplicate of canonical file data_soil_raw/Clay/clay_0186.jpeg,,
data_soil_raw/Clay/clay_0188.jpg,clay_0188.jpg,Clay,29259459169f52bccb9ebdab5e640ed6dad7ef26eb85d13e5e761dbefb967e2d,179499d3c85c0ada5b93dc60bab6073d720a23ad0c798d5e693f045a1ceaf114,14723,False,,275,183,RGB,clean_retained,,train,data_soil/train/Clay/clay_0007.jpg
data_soil_raw/Clay/clay_0189.jpg,clay_0189.jpg,Clay,29259459169f52bccb9ebdab5e640ed6dad7ef26eb85d13e5e761dbefb967e2d,179499d3c85c0ada5b93dc60bab6073d720a23ad0c798d5e693f045a1ceaf114,14723,False,,275,183,RGB,quarantined_exact_duplicate,Exact pixel duplicate of canonical file data_soil_raw/Clay/clay_0188.jpg,,
data_soil_raw/Clay/clay_0190.jpg,clay_0190.jpg,Clay,b3b3036de37243b8538faa37f9caecd090e0f53889fd5a8821d7abd848d0db15,849629e0528a606146b27b4e435b66e4da85e40444ecb5707ec8845d4fded110,15513,False,,299,168,RGB,clean_retained,,val,data_soil/val/Clay/clay_0012.jpg
data_soil_raw/Clay/clay_0191.jpg,clay_0191.jpg,Clay,b3b3036de37243b8538faa37f9caecd090e0f53889fd5a8821d7abd848d0db15,849629e0528a606146b27b4e435b66e4da85e40444ecb5707ec8845d4fded110,15513,False,,299,168,RGB,quarantined_exact_duplicate,Exact pixel duplicate of canonical file data_soil_raw/Clay/clay_0190.jpg,,
data_soil_raw/Clay/clay_0192.jpg,clay_0192.jpg,Clay,91076a89df2a505a4721fabb5d9cb82d3ef183973a508215f932bd1e0f49059b,d39f0c1daaabbd66fff2dd3c9e986cc8b1164498e6219447c01f3d40879f40f1,10057,False,,311,162,RGB,quarantined_exact_duplicate,Exact pixel duplicate of canonical file data_soil_raw/Clay/clay_0045.jpg,,
data_soil_raw/Clay/clay_0193.jpg,clay_0193.jpg,Clay,91076a89df2a505a4721fabb5d9cb82d3ef183973a508215f932bd1e0f49059b,d39f0c1daaabbd66fff2dd3c9e986cc8b1164498e6219447c01f3d40879f40f1,10057,False,,311,162,RGB,quarantined_exact_duplicate,Exact pixel duplicate of canonical file data_soil_raw/Clay/clay_0045.jpg,,
data_soil_raw/Clay/clay_0194.jpg,clay_0194.jpg,Clay,2e377324d05f33a525e7d7a8d7e939cb079ac9579942cfb34cbbdb9d9020d076,1bfbc084b71f500cefa244dabe0fea4f8bf87beeed6ec5f4bb3ba503fdc7fa6c,13728,False,,259,194,RGB,quarantined_exact_duplicate,Exact pixel duplicate of canonical file data_soil_raw/Clay/clay_0046.jpg,,
data_soil_raw/Clay/clay_0195.jpg,clay_0195.jpg,Clay,2e377324d05f33a525e7d7a8d7e939cb079ac9579942cfb34cbbdb9d9020d076,1bfbc084b71f500cefa244dabe0fea4f8bf87beeed6ec5f4bb3ba503fdc7fa6c,13728,False,,259,194,RGB,quarantined_exact_duplicate,Exact pixel duplicate of canonical file data_soil_raw/Clay/clay_0046.jpg,,
data_soil_raw/Clay/clay_0196.jpg,clay_0196.jpg,Clay,4dc4be1308fd3b62d79887cc279d698e25e5cb6e5022782e49b700df7ee88c2b,79f8918b03d627617e902598c663648a081185c93bd253f47f78dc5c7456f3ea,19678,False,,271,186,RGB,quarantined_exact_duplicate,Exact pixel duplicate of canonical file data_soil_raw/Clay/clay_0048.jpg,,
data_soil_raw/Clay/clay_0197.jpg,clay_0197.jpg,Clay,4dc4be1308fd3b62d79887cc279d698e25e5cb6e5022782e49b700df7ee88c2b,79f8918b03d627617e902598c663648a081185c93bd253f47f78dc5c7456f3ea,19678,False,,271,186,RGB,quarantined_exact_duplicate,Exact pixel duplicate of canonical file data_soil_raw/Clay/clay_0048.jpg,,
data_soil_raw/Clay/clay_0198.jpg,clay_0198.jpg,Clay,d0a97eea9dba1fab587995cc78cd96133b4b9dfab28c1408f282595690db690f,69167f932a5d2ff492f4176f8e2048d8ec4f1eccbff23c84529c64ed3863382f,12456,False,,225,225,RGB,quarantined_exact_duplicate,Exact pixel duplicate of canonical file data_soil_raw/Clay/clay_0050.jpg,,
data_soil_raw/Clay/clay_0199.jpg,clay_0199.jpg,Clay,d0a97eea9dba1fab587995cc78cd96133b4b9dfab28c1408f282595690db690f,69167f932a5d2ff492f4176f8e2048d8ec4f1eccbff23c84529c64ed3863382f,12456,False,,225,225,RGB,quarantined_exact_duplicate,Exact pixel duplicate of canonical file data_soil_raw/Clay/clay_0050.jpg,,
data_soil_raw/Clay/clay_0200.jpg,clay_0200.jpg,Clay,074c1bc2c2bd995db7e3056214cff52364beb9739e9102ee0ba895dde760d962,c3d4ed96b613a5444b049c9a2fb801619a9345b59d2251afe6a391d177ae554d,3855,False,,100,100,RGB,quarantined_exact_duplicate,Exact pixel duplicate of canonical file data_soil_raw/Clay/clay_0052.jpg,,
data_soil_raw/Clay/clay_0201.jpg,clay_0201.jpg,Clay,074c1bc2c2bd995db7e3056214cff52364beb9739e9102ee0ba895dde760d962,c3d4ed96b613a5444b049c9a2fb801619a9345b59d2251afe6a391d177ae554d,3855,False,,100,100,RGB,quarantined_exact_duplicate,Exact pixel duplicate of canonical file data_soil_raw/Clay/clay_0052.jpg,,
data_soil_raw/Clay/clay_0202.jpg,clay_0202.jpg,Clay,63945612f0f44e7a9940722bb5b5af890575a55960f0df83bfa86ce7fc98748b,b8cb028b9f10e21b89b9b4ca38bd5e6bc663a6dcb499c40ff4bebdf8cf2e0d5b,76368,False,,500,500,RGB,quarantined_exact_duplicate,Exact pixel duplicate of canonical file data_soil_raw/Clay/clay_0056.jpg,,
data_soil_raw/Clay/clay_0203.jpg,clay_0203.jpg,Clay,ef0689b04ca0070a94201372a81854c93e96e8eb688b333eb58ec6c0df8c326c,58d8b3eea2bcdc9b45380c7b5cae6b3ed8454146601d92339d4eb035cbd717f5,197337,False,,800,531,RGB,quarantined_exact_duplicate,Exact pixel duplicate of canonical file data_soil_raw/Clay/clay_0057.jpg,,
data_soil_raw/Clay/clay_0204.jpg,clay_0204.jpg,Clay,b119a7f069581b2dc96d5fae3a28bdea74f76f62c94626acec4bb2af66c4ca6b,eddb9f3a72f3b900caae57c951591c72f4750458d2b75f3903299f7a31c6ed66,437779,False,,1300,954,RGB,quarantined_exact_duplicate,Exact pixel duplicate of canonical file data_soil_raw/Clay/clay_0058.jpg,,
data_soil_raw/Clay/clay_0205.jpg,clay_0205.jpg,Clay,06f0c55102732cbfd2cd63d4a3ca98b3b5f3dc7cd18a92868109702c40614a5c,76d8d31732cffd642394f8443843fd4bac9435fc8a5b389223bd0f16b0c232f4,92460,False,,800,418,RGB,quarantined_exact_duplicate,Exact pixel duplicate of canonical file data_soil_raw/Clay/clay_0132.jpg,,
data_soil_raw/Clay/clay_0206.jpg,clay_0206.jpg,Clay,c43b2c84ebfcdf92ef6bf466e95275e7822968170962032e73dd6d0f2c31966f,b60e94bbfd250fdba6590ae33405f0cad9711663fa9eefe1f4cd13dfecec1c8a,32792,False,,728,728,RGB,quarantined_exact_duplicate,Exact pixel duplicate of canonical file data_soil_raw/Clay/clay_0031.jpg,,
data_soil_raw/Clay/clay_0207.jpg,clay_0207.jpg,Clay,0112c7e4022d2af1fde2d1a3b315b4b8a2fb41b5ffc2e78e8d6e2069b7e41f7d,0d74d503d07c5e4471adcff5b5c8a79d2998c96550ce1a8f700259e19b6828a4,24925,False,,728,728,RGB,quarantined_exact_duplicate,Exact pixel duplicate of canonical file data_soil_raw/Clay/clay_0032.jpg,,
data_soil_raw/Clay/clay_0208.jpg,clay_0208.jpg,Clay,0dc18e9d02fdd21ba64add69c1bcdaa0bf4a2dc9663ab38285d0ef7923a62eab,36c703372fce41fc8d9cf2f21750d7442eade2b69127860262dfbb78769ed42f,25058,False,,728,728,RGB,quarantined_exact_duplicate,Exact pixel duplicate of canonical file data_soil_raw/Clay/clay_0033.jpg,,
data_soil_raw/Clay/clay_0209.jpg,clay_0209.jpg,Clay,8bdd5cc4dd012838f18f546c19c060b72eda8f2765d724423a7a52d63ca030d2,536a0497652bbbe83b00a74644f238c583658856697d9a32f3667273a32d4a92,32784,False,,728,728,RGB,quarantined_exact_duplicate,Exact pixel duplicate of canonical file data_soil_raw/Clay/clay_0137.jpg,,
data_soil_raw/Clay/clay_0210.jpg,clay_0210.jpg,Clay,01b7e0c24ebb44b120bbe44ccd70e2e7159c8b7599694d5dc741e44c436fbe86,6c4adfb577d15e50a52c9809f0735846143981a5bdf9991c6cf0d7f2719e74d6,24932,False,,728,728,RGB,quarantined_exact_duplicate,Exact pixel duplicate of canonical file data_soil_raw/Clay/clay_0034.jpg,,
data_soil_raw/Clay/clay_0211.jpg,clay_0211.jpg,Clay,a91249582074236abd9f7a8e063f34ee697af3c0018f2e6aa5de50cf208b876e,2ce2933f02acf6949471a3c2d0aba55743476024268ab8d624c25fed5cfeb385,24987,False,,728,728,RGB,quarantined_exact_duplicate,Exact pixel duplicate of canonical file data_soil_raw/Clay/clay_0035.jpg,,
data_soil_raw/Clay/clay_0212.jpg,clay_0212.jpg,Clay,a75275c68c7a793776cb348483631c4b76dc084cdfbf1935f7da06657541148d,ecc6b1044a3abf35590fba1df06161b918ef2d9fae7ce839b62d128266c642d5,32647,False,,728,728,RGB,quarantined_exact_duplicate,Exact pixel duplicate of canonical file data_soil_raw/Clay/clay_0036.jpg,,
data_soil_raw/Clay/clay_0213.jpg,clay_0213.jpg,Clay,c8b38907bda184d7a00c1cca8d722053c013b5b20228c66e6612bbb14be2904c,c0df644c9bdabfa11359a9b759a19d91700ba28e10f08c6303f5716fa531fa96,42379,False,,728,728,RGB,quarantined_exact_duplicate,Exact pixel duplicate of canonical file data_soil_raw/Clay/clay_0141.jpg,,
data_soil_raw/Clay/clay_0214.jpg,clay_0214.jpg,Clay,c2ba012c486f95c08f6e7a4560f5587d0cc05664a06ff9f4c60db3eb863bd781,4eb0cc1b1bc4868c4fc9d8a2876f8b4326df50e792f591e51a07884a3c8d225c,27386,False,,728,728,RGB,quarantined_exact_duplicate,Exact pixel duplicate of canonical file data_soil_raw/Clay/clay_0142.jpg,,
data_soil_raw/Clay/clay_0215.jpg,clay_0215.jpg,Clay,052767a9394b72721cdd2267b94f69898924a38669324f6aff6fccfc1ba09046,3a2ca89e5c0f89132c9a22478631fd61f07f6ce9db43952befca3d1799bd13da,27215,False,,728,728,RGB,quarantined_exact_duplicate,Exact pixel duplicate of canonical file data_soil_raw/Clay/clay_0143.jpg,,
data_soil_raw/Clay/clay_0216.jpg,clay_0216.jpg,Clay,ec5f55ab1a6393fb9430b145c0223053193b8ada007f50740ff93b4ab307f7d9,e4046f334c2ad5303d5f442162ad1d95b5d532a90fb21e79efb1a167beac51f7,42332,False,,728,728,RGB,quarantined_exact_duplicate,Exact pixel duplicate of canonical file data_soil_raw/Clay/clay_0144.jpg,,
data_soil_raw/Clay/clay_0217.jpg,clay_0217.jpg,Clay,9e636f3729c106b4ca854658b74dbb449cf6346678bd4825d964fce0c7ea17dd,6f9fb571996b348c80bb6ffddd63b80aa50e483975d8ddc67df7bb736e28919a,27450,False,,728,728,RGB,quarantined_exact_duplicate,Exact pixel duplicate of canonical file data_soil_raw/Clay/clay_0145.jpg,,
data_soil_raw/Clay/clay_0218.jpg,clay_0218.jpg,Clay,270fafb4536bb220b5449393da03a544d7aa3fdb9f6ea960bc0b3209fd55df2d,3aac7227883da10c03d6476b9fcfd33fe96913f5afbffa6db3bd8b9fefc83cc1,27226,False,,728,728,RGB,quarantined_exact_duplicate,Exact pixel duplicate of canonical file data_soil_raw/Clay/clay_0146.jpg,,
data_soil_raw/Clay/clay_0219.jpg,clay_0219.jpg,Clay,3b617a01b92707744ae9ea2dc6a35abcf786e6b4d09c313acb39a0686c40612c,ac15e176c6990b36573b72e2cdaa3075d4726f9cbb1edeb56ee8bc21277954ae,42204,False,,728,728,RGB,quarantined_exact_duplicate,Exact pixel duplicate of canonical file data_soil_raw/Clay/clay_0147.jpg,,
data_soil_raw/Clay/clay_0220.jpg,clay_0220.jpg,Clay,975478e42093ec64bbe27aa886ce472c24add72eb5fb2f685a77c64e712cab6e,40bb07f89c6bab231682dc50e3a6532a2e80ecfd78f770a8c8503487cabdb36a,23897,False,,728,728,RGB,quarantined_exact_duplicate,Exact pixel duplicate of canonical file data_soil_raw/Clay/clay_0148.jpg,,
data_soil_raw/Clay/clay_0221.jpg,clay_0221.jpg,Clay,6a6001abf3a2579b5043031b92be21163667765bba98848397fff5489b3a3e89,fd89bf3b89fbb8b715440ad46cf981f0a525005f0b59a025acd322ebf4dc51d9,17811,False,,728,728,RGB,quarantined_exact_duplicate,Exact pixel duplicate of canonical file data_soil_raw/Clay/clay_0149.jpg,,
data_soil_raw/Clay/clay_0222.jpg,clay_0222.jpg,Clay,62a2de1053a4668a2e0686475cf3d048f6f4cdfd4031103a6f23c57830ad760d,d7234402fcba2839dea83ac1b381e8ec4921a029a403c54fbb9b3d752c4e71da,17928,False,,728,728,RGB,quarantined_exact_duplicate,Exact pixel duplicate of canonical file data_soil_raw/Clay/clay_0150.jpg,,
data_soil_raw/Clay/clay_0223.jpg,clay_0223.jpg,Clay,1dc7f9f16346b9017d0e9c0abbacddd549c940de3616a8c28a643e02ca8f693d,ada58dca9dd582c6246a9160aa4132c15cdcffc4157b66e300e9491f83b47b3b,23857,False,,728,728,RGB,quarantined_exact_duplicate,Exact pixel duplicate of canonical file data_soil_raw/Clay/clay_0151.jpg,,
data_soil_raw/Clay/clay_0224.jpg,clay_0224.jpg,Clay,6840ab74faba908d5f6c73b2fab18ed86e8b28b5b4976594360113389a95a403,5dfb3f8f011be5f80ebcfd1235e0b7efa197d9fdbca64befacff74d543854d33,17757,False,,728,728,RGB,quarantined_exact_duplicate,Exact pixel duplicate of canonical file data_soil_raw/Clay/clay_0152.jpg,,
data_soil_raw/Clay/clay_0225.jpg,clay_0225.jpg,Clay,381982c172439263756099651647db89e80071c6e568efeb471d865cfe757118,389615ad46814bd50bb41cbf2ec275f84130c1b86b7bec68a119f6de88662949,17924,False,,728,728,RGB,quarantined_exact_duplicate,Exact pixel duplicate of canonical file data_soil_raw/Clay/clay_0153.jpg,,
data_soil_raw/Clay/clay_0226.jpg,clay_0226.jpg,Clay,f7f48b2c648564208b5463370b296b6da727c392edaf854de572c3e505a189e7,36305993e27576edcabff0cb353276e2b3f4b46f001d8a0d2d580cd15c32a789,23876,False,,728,728,RGB,quarantined_exact_duplicate,Exact pixel duplicate of canonical file data_soil_raw/Clay/clay_0154.jpg,,
data_soil_raw/Clay/clay_0227.jpg,clay_0227.jpg,Clay,4517070cad423c51d15a23e82bd24c728e2342e41f3295c016a1608774da395f,12ac63272bf985e579240793df054fe87764ec99c0adc5adcd219f986476edc5,92171,False,,728,728,RGB,quarantined_exact_duplicate,Exact pixel duplicate of canonical file data_soil_raw/Clay/clay_0155.jpg,,
data_soil_raw/Clay/clay_0228.jpg,clay_0228.jpg,Clay,60fe07ddf55716d0798857c5c1c66cb1208811174568c7007023d9cf4030ff38,eaad065a356d0b1e8f09a1a156cd9e4c7c04fc72ad8685bb3291e1739d2e6a91,66405,False,,728,728,RGB,quarantined_exact_duplicate,Exact pixel duplicate of canonical file data_soil_raw/Clay/clay_0156.jpg,,
data_soil_raw/Clay/clay_0229.jpg,clay_0229.jpg,Clay,8cfe282ffe8041eeb19806d40fe3e4057a37e9b1590077d59fb1db51de93d143,396d20d1f1e127b733aa12fee18610969caf52213c31494a7b3c6b2017cf2997,67292,False,,728,728,RGB,quarantined_exact_duplicate,Exact pixel duplicate of canonical file data_soil_raw/Clay/clay_0157.jpg,,
data_soil_raw/Clay/clay_0230.jpg,clay_0230.jpg,Clay,9e0a36b41a63bad07a8fd82070c461b451f281c747111531389e103724c4a3b4,00a01c3cb9973e37bbdf5c0937198e727d88ed5301ad09e014319849e29baebe,92111,False,,728,728,RGB,quarantined_exact_duplicate,Exact pixel duplicate of canonical file data_soil_raw/Clay/clay_0158.jpg,,
data_soil_raw/Clay/clay_0231.jpg,clay_0231.jpg,Clay,d4cb5c2b035574c8455d303d021311ca6681e9e298735702cba6cfa03a9c0fc4,b94a48b7babbdeffa3f82ef994aa4f1b5fdf548b688440cc2564bc0a44e4cb5a,66679,False,,728,728,RGB,quarantined_exact_duplicate,Exact pixel duplicate of canonical file data_soil_raw/Clay/clay_0159.jpg,,
data_soil_raw/Clay/clay_0232.jpg,clay_0232.jpg,Clay,52f0627b87b22242b7ef92302aa280fe7414b71f532b64037f89d4ca1412249c,644d1657894b60f7da4e7dbb5ba25538d83570e512eb71ac0d0700c73ed34a8b,66899,False,,728,728,RGB,quarantined_exact_duplicate,Exact pixel duplicate of canonical file data_soil_raw/Clay/clay_0160.jpg,,
data_soil_raw/Clay/clay_0233.jpg,clay_0233.jpg,Clay,45e9d73d15d9d846b231b3b93637a9202b239b494fc0380bae8896802024272b,4badb9c07478074f17c26bc7c5d8dd5b3372cffc92f71c0f0135598c089f5733,92564,False,,728,728,RGB,quarantined_exact_duplicate,Exact pixel duplicate of canonical file data_soil_raw/Clay/clay_0161.jpg,,
data_soil_raw/Clay/clay_0234.jpg,clay_0234.jpg,Clay,b563ca197ed786e18131037abe7c5ffe39dd3a25c43092d9a7d24be97c3fff7d,163a0c0d998fa722d65381cbac40e13009e0d44071dab0f7cc5233b2007cde67,75938,False,,600,409,RGB,quarantined_exact_duplicate,Exact pixel duplicate of canonical file data_soil_raw/Clay/clay_0131.jpg,,
data_soil_raw/Clay/clay_0235.png,clay_0235.png,Clay,70c5cde3d9f741880955af784750cf4f4265be640aa2ba9e4c205c09b149b6a4,5a33732a964962e0fe565867a19d4a3901c1e839c6c78973451214f72ad8693d,318069,False,,392,260,RGBA,clean_retained,,val,data_soil/val/Clay/clay_0008.jpg
data_soil_raw/Clay/clay_0236.jpg,clay_0236.jpg,Clay,bc01ad42925068115a7eb8cd4049ca66370bb9b3106dfa54382c1696590b3caf,54260e2310b01767d08d4edf640d9f749aad57586f0b0ca51ac8d3a962e11aff,399557,False,,1600,1237,RGB,quarantined_exact_duplicate,Exact pixel duplicate of canonical file data_soil_raw/Clay/clay_0038.jpg,,
data_soil_raw/Clay/clay_0237.jpg,clay_0237.jpg,Clay,73c9383883543f53a8483f26838a20969d3820ad1b28cec00ebb5b06e5998225,b1eee661fd931d9b2b6f8f7c3ccb32caa2ba263e3464b8bf72128e495750acad,63377,False,,400,225,RGB,quarantined_exact_duplicate,Exact pixel duplicate of canonical file data_soil_raw/Clay/clay_0039.jpg,,
data_soil_raw/Clay/clay_0238.jpg,clay_0238.jpg,Clay,84e5f34f5d1f1703f2fce28fc2c20072157326a9ca9c7fecb2905d8165e98ff5,d7d84cd7438bfa528069c2e9e76e7ab175b566db9d1577bf5cd236380233254a,123461,False,,800,533,RGB,quarantined_exact_duplicate,Exact pixel duplicate of canonical file data_soil_raw/Clay/clay_0061.jpg,,
data_soil_raw/Clay/clay_0239.jpg,clay_0239.jpg,Clay,f6d31d2908e48ddc181615567674dde2b545599695aa26a72a1d645a6337dee8,4673b9d59edfed5f5eb564b3c875799928e7f2d5b804386b567490a34c0cd289,96881,False,,1078,600,RGB,quarantined_exact_duplicate,Exact pixel duplicate of canonical file data_soil_raw/Clay/clay_0062.jpg,,
data_soil_raw/Clay/clay_0240.jpg,clay_0240.jpg,Clay,a237005d5e7f2d253e7dba54388986b462c534a3e736faf1a532d5f3cb9696cb,37116ba108190ad4da2c4ed24303d936c77e67cf57b48920689c4b431854588c,555640,False,,1920,1284,RGB,quarantined_exact_duplicate,Exact pixel duplicate of canonical file data_soil_raw/Clay/clay_0040.jpg,,
data_soil_raw/Clay/clay_0241.jpg,clay_0241.jpg,Clay,1af5bd6ac29de0afb909a78b61212f3db0f890214cf5fa0724e906836bde3e47,ec0abc23de0e76052211ff356a2ad95eb77e59fbc1ec6051c183c22c2c490f92,371482,False,,1000,500,RGB,quarantined_exact_duplicate,Exact pixel duplicate of canonical file data_soil_raw/Clay/clay_0041.jpg,,
data_soil_raw/Clay/clay_0242.jpg,clay_0242.jpg,Clay,456704170a4e5adc57623ab73e0017fb1b3083ab350052161fbae25734a4b6ee,8a03563996961efbbcadb300e22a8af019ea925af0d1498f59f08cc8ca85109b,74457,False,,505,347,RGB,quarantined_exact_duplicate,Exact pixel duplicate of canonical file data_soil_raw/Clay/clay_0170.jpg,,
data_soil_raw/Clay/clay_0243.jpg,clay_0243.jpg,Clay,abb5fa9efc0c52271d8acf8d59cb7a98f8295a3a21ca1d1435f6c9e2819888e0,fd5024e06e44db491587e437fe7ae4bef246af9b9cf997c91535b5f30e8eec28,27856,False,,325,228,RGB,quarantined_exact_duplicate,Exact pixel duplicate of canonical file data_soil_raw/Clay/clay_0042.jpg,,
data_soil_raw/Clay/clay_0244.jpg,clay_0244.jpg,Clay,098d569fcfc0255d33a1618071e448185044b78cb0978e04029edaa086e90899,057ef9a06708c0886a3fc90723e58ecc9101fc1ec6852748f39504a98fbbaba5,156134,False,,800,533,RGB,quarantined_exact_duplicate,Exact pixel duplicate of canonical file data_soil_raw/Clay/clay_0043.jpg,,
data_soil_raw/Clay/clay_0245.jpg,clay_0245.jpg,Clay,47004c051f336c9531e1c6d5ce72abcb61d44175b6d448d6f08449dc47eac5cd,6464052e6e4810bad76c014eec3c1f8d76996f792ae6cf2c37286135d3d37a6b,194892,False,,1023,682,RGB,quarantined_exact_duplicate,Exact pixel duplicate of canonical file data_soil_raw/Clay/clay_0174.jpg,,
data_soil_raw/Clay/clay_0246.jpg,clay_0246.jpg,Clay,2fd057a986a7a1b53943e6041dc23b1defcd4ff5c9a91ad29c6c836fd85f9275,826fa149a072e8111356d3abc3fa4c1fdec986de7b5b2bb1821e70066a0d5969,81413,False,,1200,900,RGB,quarantined_exact_duplicate,Exact pixel duplicate of canonical file data_soil_raw/Clay/clay_0176.jpg,,
data_soil_raw/Clay/clay_0247.jpg,clay_0247.jpg,Clay,003d021e28280a2160b1227222db1074d68714c003a5f3516fca8e9c837209da,bc3a8e2064760b934bc0c902d90ffe00886313d59febf09a5dfefa043639b568,383580,False,,1300,956,RGB,quarantined_exact_duplicate,Exact pixel duplicate of canonical file data_soil_raw/Clay/clay_0178.jpg,,
data_soil_raw/Clay/clay_0248.jpg,clay_0248.jpg,Clay,2361f844a70158f79a1a12b8fccfac271e103ce943c5c3b7d97707fda26d365f,e95a962659d182e50c1ee35a543b0b3d4b3f6689e1a58e646ae945e5f3aa050f,304210,False,,1400,788,RGB,quarantined_exact_duplicate,Exact pixel duplicate of canonical file data_soil_raw/Clay/clay_0180.jpg,,
data_soil_raw/Clay/clay_0249.jpeg,clay_0249.jpeg,Clay,feb33028490c4b24048ee47ea07e6088094b019ac46e622c875adc304e25ad57,f07a4656f23d1c17bdbc12167d39b9b2ab3ac5d55104f137dd3ca03c93d0d756,14542,False,,300,168,RGB,quarantined_exact_duplicate,Exact pixel duplicate of canonical file data_soil_raw/Clay/clay_0182.jpeg,,
data_soil_raw/Clay/clay_0250.jpeg,clay_0250.jpeg,Clay,36111c4a1308a3f5da1d2838f7e517ecfe08648e420b18f016080c78dadc1987,7cf67fbb07bb47ba0e1617e5fb11c0bf3daf90be4175ce7c2101e3653bbc5c51,14470,False,,281,179,RGB,quarantined_exact_duplicate,Exact pixel duplicate of canonical file data_soil_raw/Clay/clay_0063.jpeg,,
data_soil_raw/Clay/clay_0251.jpeg,clay_0251.jpeg,Clay,76dfea79edc9c0fdb9a6cbf756af12059a6e4b8f6ec1d2d2e477cbe57d66434a,eb851300a6682b462f33913c1bb6d88f5b9adb680d7bdfae8209b3e06020b9bd,3648,False,,100,100,RGB,quarantined_exact_duplicate,Exact pixel duplicate of canonical file data_soil_raw/Clay/clay_0186.jpeg,,
data_soil_raw/Clay/clay_0252.jpg,clay_0252.jpg,Clay,29259459169f52bccb9ebdab5e640ed6dad7ef26eb85d13e5e761dbefb967e2d,179499d3c85c0ada5b93dc60bab6073d720a23ad0c798d5e693f045a1ceaf114,14723,False,,275,183,RGB,quarantined_exact_duplicate,Exact pixel duplicate of canonical file data_soil_raw/Clay/clay_0188.jpg,,
data_soil_raw/Clay/clay_0253.jpg,clay_0253.jpg,Clay,b3b3036de37243b8538faa37f9caecd090e0f53889fd5a8821d7abd848d0db15,849629e0528a606146b27b4e435b66e4da85e40444ecb5707ec8845d4fded110,15513,False,,299,168,RGB,quarantined_exact_duplicate,Exact pixel duplicate of canonical file data_soil_raw/Clay/clay_0190.jpg,,
data_soil_raw/Clay/clay_0254.jpg,clay_0254.jpg,Clay,91076a89df2a505a4721fabb5d9cb82d3ef183973a508215f932bd1e0f49059b,d39f0c1daaabbd66fff2dd3c9e986cc8b1164498e6219447c01f3d40879f40f1,10057,False,,311,162,RGB,quarantined_exact_duplicate,Exact pixel duplicate of canonical file data_soil_raw/Clay/clay_0045.jpg,,
data_soil_raw/Clay/clay_0255.jpg,clay_0255.jpg,Clay,2e377324d05f33a525e7d7a8d7e939cb079ac9579942cfb34cbbdb9d9020d076,1bfbc084b71f500cefa244dabe0fea4f8bf87beeed6ec5f4bb3ba503fdc7fa6c,13728,False,,259,194,RGB,quarantined_exact_duplicate,Exact pixel duplicate of canonical file data_soil_raw/Clay/clay_0046.jpg,,
data_soil_raw/Clay/clay_0256.jpg,clay_0256.jpg,Clay,4dc4be1308fd3b62d79887cc279d698e25e5cb6e5022782e49b700df7ee88c2b,79f8918b03d627617e902598c663648a081185c93bd253f47f78dc5c7456f3ea,19678,False,,271,186,RGB,quarantined_exact_duplicate,Exact pixel duplicate of canonical file data_soil_raw/Clay/clay_0048.jpg,,
data_soil_raw/Clay/clay_0257.jpg,clay_0257.jpg,Clay,d0a97eea9dba1fab587995cc78cd96133b4b9dfab28c1408f282595690db690f,69167f932a5d2ff492f4176f8e2048d8ec4f1eccbff23c84529c64ed3863382f,12456,False,,225,225,RGB,quarantined_exact_duplicate,Exact pixel duplicate of canonical file data_soil_raw/Clay/clay_0050.jpg,,
data_soil_raw/Clay/clay_0258.jpg,clay_0258.jpg,Clay,074c1bc2c2bd995db7e3056214cff52364beb9739e9102ee0ba895dde760d962,c3d4ed96b613a5444b049c9a2fb801619a9345b59d2251afe6a391d177ae554d,3855,False,,100,100,RGB,quarantined_exact_duplicate,Exact pixel duplicate of canonical file data_soil_raw/Clay/clay_0052.jpg,,
data_soil_raw/Clay/clay_0259.png,clay_0259.png,Clay,a94370ef55831b3821c63b96e52e2a2a2777088f3a363d10da58bfd632822b9f,1b583cc259ecf2b8b35188e7e3b6ca94a98bc51bbaedc9a46d3ca540b73d1050,300585,False,,406,263,RGBA,clean_retained,,train,data_soil/train/Clay/clay_0008.jpg
data_soil_raw/Clay/clay_0260.jpg,clay_0260.jpg,Clay,63945612f0f44e7a9940722bb5b5af890575a55960f0df83bfa86ce7fc98748b,b8cb028b9f10e21b89b9b4ca38bd5e6bc663a6dcb499c40ff4bebdf8cf2e0d5b,76368,False,,500,500,RGB,quarantined_exact_duplicate,Exact pixel duplicate of canonical file data_soil_raw/Clay/clay_0056.jpg,,
data_soil_raw/Clay/clay_0261.jpg,clay_0261.jpg,Clay,ef0689b04ca0070a94201372a81854c93e96e8eb688b333eb58ec6c0df8c326c,58d8b3eea2bcdc9b45380c7b5cae6b3ed8454146601d92339d4eb035cbd717f5,197337,False,,800,531,RGB,quarantined_exact_duplicate,Exact pixel duplicate of canonical file data_soil_raw/Clay/clay_0057.jpg,,
data_soil_raw/Clay/clay_0262.jpg,clay_0262.jpg,Clay,b119a7f069581b2dc96d5fae3a28bdea74f76f62c94626acec4bb2af66c4ca6b,eddb9f3a72f3b900caae57c951591c72f4750458d2b75f3903299f7a31c6ed66,437779,False,,1300,954,RGB,quarantined_exact_duplicate,Exact pixel duplicate of canonical file data_soil_raw/Clay/clay_0058.jpg,,
data_soil_raw/Red/red_0001.jpg,red_0001.jpg,Red,3342dac841bdb919d2e0436de37fb8f1942df547cf004a2166febe326fb7ba6b,5114e152564152a4be89828084624ba635bcccd5304f62f4354292f1da5561aa,979837,False,,1000,667,RGB,clean_retained,,train,data_soil/train/Red/red_0043.jpg
data_soil_raw/Red/red_0002.png,red_0002.png,Red,123f556f5b5b25ab34d78c050cdfa5ee8a5ab33af669a4548a8837b7382509e2,0efd3f15d372de7ab2ca39d7717a7d16ca779efe4615a3f73359154b23067790,7729214,False,,1379,2560,RGBA,clean_retained,,train,data_soil/train/Red/red_0007.jpg
data_soil_raw/Red/red_0003.png,red_0003.png,Red,02985d5285a1cbdb8b0032b9a7af06f6508c027950f7e77e069ca5b3a4a6a0a6,cd6daa9c23087beea7f8d8d1000e247571036bdf128672a3eadeb3795716af1a,3460392,False,,1300,861,RGBA,clean_retained,,train,data_soil/train/Red/red_0095.jpg
data_soil_raw/Red/red_0004.jpg,red_0004.jpg,Red,63fce11b5d99ef7ad87dfe7de340863b56c5bc46e40b2fe3c9fcb161e5210ff5,eaf3e9486fa69b91c1a8fcf936d04ca8345c6bfad364f9124e139c8af42f223d,3199902,False,,2496,1664,RGB,clean_retained,,test,data_soil/test/Red/red_0024.jpg
data_soil_raw/Red/red_0005.jpg,red_0005.jpg,Red,917c884805bd74e652e52953c28d97dc70ad3fb60e982f8b08554b26045f6940,194a64c0f08614541c41464fb28b635c762c07e991a75d5959e006f9d517a127,173736,False,,960,1280,RGB,clean_retained,,train,data_soil/train/Red/red_0012.jpg
data_soil_raw/Red/red_0006.jpg,red_0006.jpg,Red,7ccbfed7100a8f112e82a489942da57cc16f595b6aebeeff01e5db87cfd24178,4e3383b6b4c57b33ff714b428f93feb81a641e27994f4763a4fa0d48eb171613,16530,False,,275,183,RGB,clean_retained,,train,data_soil/train/Red/red_0040.jpg
data_soil_raw/Red/red_0007.jpg,red_0007.jpg,Red,76a6388bff0325bf0e2eb794d9adc9bd68c056fc0089fe4c362b3930050a6bc8,1dd3c9b531c752bc38e258dfc0509f77ab183e3ae4e2e4a639f31582134ed1d4,9429,False,,259,194,RGB,clean_retained,,train,data_soil/train/Red/red_0015.jpg
data_soil_raw/Red/red_0008.jpg,red_0008.jpg,Red,b3fe381c01183da196a9e88c49984f27bbc51072b5b617591b1c20036fa2e77c,3707fad991145aa1b9f53a4863fb384007cc17acb62ca4710429f55e43b6fdc9,14458,False,,275,183,RGB,clean_retained,,train,data_soil/train/Red/red_0029.jpg
data_soil_raw/Red/red_0009.png,red_0009.png,Red,9f65c0afad3e8e486c08c642c8aa8b8db0bc0b6d2bad0975bc7d5abe539d1f4a,442b535d1dedbab9e78cf0544b36e2511e192744b583867b3ebfa33d37d81125,361802,False,,461,259,RGBA,clean_retained,,val,data_soil/val/Red/red_0009.jpg
data_soil_raw/Red/red_0010.jpeg,red_0010.jpeg,Red,887d2ee96668dea5bbbe34986b13c392e1712c72396aa638eb28017a4f33695f,41144633d940ccfcd08efbe5f8d8e615bbc7c41265baae1e7f34743b27fa53e5,4359,False,,100,100,RGB,clean_retained,,train,data_soil/train/Red/red_0034.jpg
data_soil_raw/Red/red_0011.jpeg,red_0011.jpeg,Red,b3fe381c01183da196a9e88c49984f27bbc51072b5b617591b1c20036fa2e77c,3707fad991145aa1b9f53a4863fb384007cc17acb62ca4710429f55e43b6fdc9,14458,False,,275,183,RGB,quarantined_exact_duplicate,Exact pixel duplicate of canonical file data_soil_raw/Red/red_0008.jpg,,
data_soil_raw/Red/red_0012.jpeg,red_0012.jpeg,Red,703e4ba9a2695de9b2982395a7d2fb814ef36da279285d1a5a17f72ac9de06f3,55bfc36aa1befda2ab63c24355bd990b571bb187c024593cbf92cdb85e2a10c3,16013,False,,275,183,RGB,clean_retained,,train,data_soil/train/Red/red_0046.jpg
data_soil_raw/Red/red_0013.jpeg,red_0013.jpeg,Red,7ccbfed7100a8f112e82a489942da57cc16f595b6aebeeff01e5db87cfd24178,4e3383b6b4c57b33ff714b428f93feb81a641e27994f4763a4fa0d48eb171613,16530,False,,275,183,RGB,quarantined_exact_duplicate,Exact pixel duplicate of canonical file data_soil_raw/Red/red_0006.jpg,,
data_soil_raw/Red/red_0014.jpeg,red_0014.jpeg,Red,7421c3cd51040e42f23d0cac706b8da76870a6de3851d223b36e49a02b8447bf,27622091f761b17db0aa5316dd93960cdd75422f7aa07394649cdca5df775384,16776,False,,288,175,RGB,clean_retained,,val,data_soil/val/Red/red_0006.jpg
data_soil_raw/Red/red_0015.jpeg,red_0015.jpeg,Red,788a48c53a5b2ed92559b6b26a069961d808657b3308651f19e6c4abe5563c58,9c7befb19906b842f762a228d59be1bd16dab594291a61d93c6ecbe30b9d8568,12685,False,,279,180,RGB,clean_retained,,train,data_soil/train/Red/red_0070.jpg
data_soil_raw/Red/red_0016.jpeg,red_0016.jpeg,Red,2dc9b85e3428f37f298364a39eae01267e9d43e6319ecdedbc8823d15dce9718,66e6079deee3213a8ddf219352c9a459b76f5b09a95578450c54369ee29d7abb,5688,False,,275,183,RGB,clean_retained,,train,data_soil/train/Red/red_0054.jpg
data_soil_raw/Red/red_0017.jpeg,red_0017.jpeg,Red,a27f6a9f5adca1357c9de7cff4a798c06221ab27dbaad1e03100dd88b4394475,7794565a4c33578e250892be2dbc2e32a874462fd3a5558127c5d6dd377b2e68,3661,False,,100,100,RGB,clean_retained,,val,data_soil/val/Red/red_0014.jpg
data_soil_raw/Red/red_0018.jpeg,red_0018.jpeg,Red,fdb9f8ee469bf996b4543820e76546ba000eff8f5f5f9f33c8a3a6afad5013cf,c18c3beb912ab20de33c0ec8476b3535fd24cd323c6e610948034b673b82a33c,11446,False,,225,225,RGB,clean_retained,,train,data_soil/train/Red/red_0092.jpg
data_soil_raw/Red/red_0019.jpeg,red_0019.jpeg,Red,539815f3b9656aa3b0da432561b3d3d4f9f07518c3814282ccf73f92f2f315b8,d4e5dfdf64cf201c5a25314b5105dece888e0f10898c86da5e677ecf93379b63,9928,False,,265,190,RGB,clean_retained,,train,data_soil/train/Red/red_0099.jpg
data_soil_raw/Red/red_0020.jpeg,red_0020.jpeg,Red,410732e98c50c7b832f8d6035464974bc660291d072fc71df800c46b124e171c,038615c2e1a50c8ebfecc5f1a9331142902b3c139d0d7dba06aefe5985941084,10492,False,,276,183,RGB,clean_retained,,train,data_soil/train/Red/red_0004.jpg
data_soil_raw/Red/red_0021.jpeg,red_0021.jpeg,Red,9d1618e89b58019f46ca1784c5c829a9ab9e5df52ef6474172e9b6ece380be93,1abc7dc114078ec0291ed3e7f1904207e15f73f932c6892744c9c4ce95d37f14,6324,False,,265,190,RGB,clean_retained,,val,data_soil/val/Red/red_0003.jpg
data_soil_raw/Red/red_0022.jpeg,red_0022.jpeg,Red,f32e199dc4c3921313660df3731eb12f4aed1819c6f1aff501e5e5ef4cbb143a,340209dea019e01f8a397724257166dab3c1b62a3c10a909dad8e07f7986dcf4,6355,False,,260,194,RGB,clean_retained,,train,data_soil/train/Red/red_0028.jpg
data_soil_raw/Red/red_0023.jpeg,red_0023.jpeg,Red,aa80ed414602d38a4467777978b944f25484595cf124cfceb13596b83c5bb6df,8ed7b0f2190627105711619c2aa113711f3c7dbb89e9cd534cdb763efc86efd0,2492,False,,100,100,RGB,clean_retained,,val,data_soil/val/Red/red_0017.jpg
data_soil_raw/Red/red_0024.jpeg,red_0024.jpeg,Red,533c27142f494f65ff1d47c2327f29a79967534c7a9ac64a0bad915bef199eaa,11f16fc1e3c7c3504bf6c16f9ca0426c86214c79be03b99b25a3932c3bf601b8,7412,False,,275,183,RGB,clean_retained,,train,data_soil/train/Red/red_0008.jpg
data_soil_raw/Red/red_0025.jpeg,red_0025.jpeg,Red,76a6388bff0325bf0e2eb794d9adc9bd68c056fc0089fe4c362b3930050a6bc8,1dd3c9b531c752bc38e258dfc0509f77ab183e3ae4e2e4a639f31582134ed1d4,9429,False,,259,194,RGB,quarantined_exact_duplicate,Exact pixel duplicate of canonical file data_soil_raw/Red/red_0007.jpg,,
data_soil_raw/Red/red_0026.jpeg,red_0026.jpeg,Red,ff20b34e0cb8c9781db1f47256ac5175d4aff088bb6d4feab831be1b9f2a8dc4,b2024c7fd59061edfe8315d51cc581ff3e03eade22a9656528cc201363b13b75,2444,False,,100,100,RGB,clean_retained,,val,data_soil/val/Red/red_0019.jpg
data_soil_raw/Red/red_0027.jpeg,red_0027.jpeg,Red,56c5c76c6b0f61ce03cbbcfc91631db6567e7cc47e92a00760dae7d6a26968a7,16842ad6bbb86b859fd236209fb5cfe2bbabb82335bcb8bf4d489a606867136a,2120,False,,100,100,RGB,clean_retained,,val,data_soil/val/Red/red_0002.jpg
data_soil_raw/Red/red_0028.jpg,red_0028.jpg,Red,f24f5a77159797586c274e0f5a3cddb307402a63942dc820853b597cda8ef399,7551003be4ccf1b45506b271558753c8d202a7fe83ed60341a011708890fb765,13602,False,,275,183,RGB,clean_retained,,train,data_soil/train/Red/red_0058.jpg
data_soil_raw/Red/red_0029.jpg,red_0029.jpg,Red,9b3015d9a2c302ecd85316953190ce2f61fcf6e1503ef8d4b2d005d70dd6b98f,52e371c2dfd1c7d17c00720228c6272c42c710e3e29ee8627eaabdd4ba9af909,12215,False,,275,183,RGB,clean_retained,,train,data_soil/train/Red/red_0044.jpg
data_soil_raw/Red/red_0030.jpg,red_0030.jpg,Red,3ea5efd0ff2a77187d96a6d0ffa06de2cb49f85ed102960ef53551c1046f2c92,1bb860ae6a2a3178bec95128f5f846e83c2ef7c72e3c4775b2fce1b8ef3d04d8,9425,False,,275,183,RGB,clean_retained,,val,data_soil/val/Red/red_0004.jpg
data_soil_raw/Red/red_0031.jpg,red_0031.jpg,Red,0d63c8deaf48c1e8f826b87c735a8545193d291ebb085cdc02d6652c35d401f8,e244b2000e7fc73b2a4c2a18894aa62bd2df2e7df0006ec653645b4eb64de8a8,3329,False,,275,183,RGB,clean_retained,,train,data_soil/train/Red/red_0104.jpg
data_soil_raw/Red/red_0032.jpg,red_0032.jpg,Red,6d64fba6128bfbeaedc745e130f02149c254aeba9693cedb4210e8d59c2e7690,734d9dde67cf75d98f26dde23654ab78f52e37e0db9e69254928005b8c430e52,333,False,,300,168,P,clean_retained,,test,data_soil/test/Red/red_0013.jpg
data_soil_raw/Red/red_0033.jpg,red_0033.jpg,Red,acb3e7c7c0a38fd1ef097cede275d70d1507b8fbd2f41c0a01770f7295ade25f,e190725479def8553c20f1cc42c43090d232594d138a33040eb89a45438fc693,14596,False,,275,183,RGB,clean_retained,,train,data_soil/train/Red/red_0103.jpg
data_soil_raw/Red/red_0034.jpg,red_0034.jpg,Red,d9ca81f81d718085c442f829262bb0d76f604ed49b71a294ef065e932d3676f7,583a80f6278d979cc182909d06b608d2e63ab6b9a6ad668800e06e932e321f86,7715,False,,275,183,RGB,clean_retained,,train,data_soil/train/Red/red_0047.jpg
data_soil_raw/Red/red_0035.jpg,red_0035.jpg,Red,7c68459f5e26fd69523b11b88c1c605cd4a198dea9ee655b05a814750b748f33,c16172e8483c977d26626b61f065d7ccad1b757dca3d9c1980da000f7c8251ce,10702,False,,225,225,RGB,clean_retained,,train,data_soil/train/Red/red_0091.jpg
data_soil_raw/Red/red_0036.jpg,red_0036.jpg,Red,36df65f05152faa75b7e66a0efb39ea53324a1d9308dbb703dcb95ba06ac8eee,ccaf9179a2384312c376d93dfe92812fdeac1e84415687a46e9827eb247c558b,9434,False,,259,194,RGB,clean_retained,,val,data_soil/val/Red/red_0023.jpg
data_soil_raw/Red/red_0037.jpg,red_0037.jpg,Red,c6306da96e75d71b92c3c3734a53ab6357b05d3b67fa2af8f17e83bd610d7043,8cca52586c226bd16e803fd4c2ee64f24150950bf99df3dac52d2bf0e78739a9,1772,False,,100,100,RGB,clean_retained,,val,data_soil/val/Red/red_0016.jpg
data_soil_raw/Red/red_0038.jpg,red_0038.jpg,Red,871f4e4ca3eec514554abd40cc8760d1ac971ca67130a94d13b47262db5ac7b7,64ecab125344eb08d8b4616a01649d6652be6db5586557157c8cdc4b172d0e54,5629,False,,274,184,RGB,clean_retained,,val,data_soil/val/Red/red_0013.jpg
data_soil_raw/Red/red_0039.jpg,red_0039.jpg,Red,2ae01ffe4f4f06ba52fad02d61a0ac6c7625a756dd2e2128fbc69affd6bf0ca0,a672ddc0adc35c68e9b26422ff5171b66eedc8b605ab4190b83eb47f97a0f86c,14818,False,,276,183,RGB,clean_retained,,train,data_soil/train/Red/red_0078.jpg
data_soil_raw/Red/red_0040.jpg,red_0040.jpg,Red,86562f8b7c90d89dbaa62e2616df6d526cb67be5609a940288f263a08580ecab,29892cf5fafec4314651e65c58d9a9813b7e912078c823c7ccff3fa6bb724b29,13809,False,,297,170,RGB,clean_retained,,train,data_soil/train/Red/red_0019.jpg
data_soil_raw/Red/red_0041.jpg,red_0041.jpg,Red,d7b2baa0bd52caaa047aabf0805a3dceace787bfae5d33d355d3b7a4b06c2bd1,780c1ace24bdc4044d706f398c700c39cafb48f39e3ba301785e93daea1e2a4a,16704,False,,275,183,RGB,clean_retained,,val,data_soil/val/Red/red_0015.jpg
data_soil_raw/Red/red_0042.jpg,red_0042.jpg,Red,1f3e08ef3fba442edbdbfe9f3345b79b5480c6127361a7d37380e7d543859cff,bb641b6d81dfaecb86a7a9b7a135391834a407588c9f4f2f0b50a34a87485d7f,12288,False,,275,183,RGB,clean_retained,,train,data_soil/train/Red/red_0086.jpg
data_soil_raw/Red/red_0043.jpg,red_0043.jpg,Red,7f481166e99df0558ac88eee2ea2b8f72f78842ad38286d15a5a08d32d493ef7,fb1c03e4ca30d6fe31cd1b04956d2cfac0a02fe06b990e2d3dc4c66f6899dd37,3402,False,,100,100,RGB,clean_retained,,train,data_soil/train/Red/red_0113.jpg
data_soil_raw/Red/red_0044.jpg,red_0044.jpg,Red,bae84700aaac61a4b1d1b2f3169f42533896980fdeedab52c2d96188316e0237,57dc9804c9427cde5ddb4df8c3459aa705fb68e059e1986c866b1a2753849d92,16290,False,,259,194,RGB,clean_retained,,test,data_soil/test/Red/red_0011.jpg
data_soil_raw/Red/red_0045.jpg,red_0045.jpg,Red,3afb1f991ec44a7e8fd72d13a19078c718459dee1290b4193fd92e3464f4837a,1fc28de4ba2e70f94d0472316af0f28183b82bb2a3be414e56dc2198a8901650,575097,False,,2560,1920,RGB,clean_retained,,test,data_soil/test/Red/red_0004.jpg
data_soil_raw/Red/red_0046.jpg,red_0046.jpg,Red,ef9b9d9b722dc7887c56cf7056f7a1ecffbbc7cffd54cd5037dda54f72893ab8,2d3908a69543ffdb2e731dc6ed7822dc6d7ce5533dd76b3ad797e40f70aa1da0,65259,False,,640,480,RGB,clean_retained,,train,data_soil/train/Red/red_0021.jpg
data_soil_raw/Red/red_0047.jpg,red_0047.jpg,Red,55eee5ed795e49dee91a348d97b385688ab869b102aac86d8b005011866d2ac5,23ee25d3f13abe6465b0fa69fe8cfa3bf9569f98e875043bc01df4345b643d82,6536,False,,265,190,RGB,clean_retained,,val,data_soil/val/Red/red_0005.jpg
data_soil_raw/Red/red_0048.jpg,red_0048.jpg,Red,21482af1b9d5350aa462f62011cc3a9f933491cf14555da46bd757aeb4cf33df,7e2de511c638e4972a70d4eacbfd0bffd0dd136cfb3dbb30665f595f9545ae0a,12400,False,,275,183,RGB,clean_retained,,train,data_soil/train/Red/red_0060.jpg
data_soil_raw/Red/red_0049.jpg,red_0049.jpg,Red,fd234af70a2447ead7988f8f1c83a109cfe25330c44e33e7da32f127bbf9da5f,ca6c13672632149a31bcba2a42e9cddb98417c9c4b22add286315203582a2943,25326,False,,300,90,RGB,clean_retained,,test,data_soil/test/Red/red_0019.jpg
data_soil_raw/Red/red_0050.jpg,red_0050.jpg,Red,d583364c125986808c199e80b30f5671df588083a41532b4793dd2272d1bf16e,17f6acda3cf51c0778a9f9bb28c1a746396c20768d43939f4c47376f36413422,32723,False,,219,124,RGB,clean_retained,,train,data_soil/train/Red/red_0011.jpg
data_soil_raw/Red/red_0051.jpg,red_0051.jpg,Red,f2941ce34520477e9aa3d9b50112061cf0f2dc7fb66285b9865cae3f843565b9,1a98eee5e11447dd9d3ce6069c1fe6b1368b2d26e3e541923aea6a4660af941f,19594,False,,225,225,RGB,clean_retained,,train,data_soil/train/Red/red_0013.jpg
data_soil_raw/Red/red_0052.jpg,red_0052.jpg,Red,40f56f3ad6c886d370d52044731c410761d43059120ebc28c6d648425efa3f92,6f5da088ecd4cb9a4b2bfb5751904b7aef4a7e7fc52d6264bc11908b7c1cb36d,9397,False,,279,180,RGB,clean_retained,,train,data_soil/train/Red/red_0057.jpg
data_soil_raw/Red/red_0053.jpg,red_0053.jpg,Red,0dfb405358d43d94bdd303f17e5b2365d18899602ad1cd65e3316db52dc31d07,1be661c3038f5e66d8b66faff8aa0c6dee9923e39dd1961c8b150ed1afb1899f,6720,False,,275,183,RGB,clean_retained,,train,data_soil/train/Red/red_0014.jpg
data_soil_raw/Red/red_0054.jpg,red_0054.jpg,Red,d500db5f9cb5e37c861c1f8e312ac80b20f122f242cc5396651ae770ff24c777,2cb40412f0ee8bd263deffe9a2c33ec7efbc57a1de937b7fe03f9ddcd1d3fc26,39016,False,,238,115,RGB,clean_retained,,train,data_soil/train/Red/red_0020.jpg
data_soil_raw/Red/red_0055.jpg,red_0055.jpg,Red,26ab268b2b55ac5cb54c277dbb431312e6bd5865023211027203cdc7fe342c99,8f47b2c099e8fdd6d18fd1c72d9a1e2f6cc74a8fa85cb49be0a221c9a7880060,31686,False,,286,82,RGB,clean_retained,,train,data_soil/train/Red/red_0066.jpg
data_soil_raw/Red/red_0056.jpg,red_0056.jpg,Red,a87057b32b3653e0c71a5344ee43e09b83f1e9183a1e392456fdaa1003c7b5f2,65c742bbae5443fa6a4299ec35160d08d0aa22a2a9e1093b776970bb3a7c10cf,14656,False,,275,184,RGB,clean_retained,,train,data_soil/train/Red/red_0053.jpg
data_soil_raw/Red/red_0057.jpg,red_0057.jpg,Red,e420b276f0cd642c98673b07d7d16341f43772a6e3ef656f8c2667c7d9cfe058,d435f48d695e2df755ab92658fe48dda77bca43b4560d79e02a495a0b938a259,38081,False,,274,91,RGB,clean_retained,,train,data_soil/train/Red/red_0098.jpg
data_soil_raw/Red/red_0058.jpg,red_0058.jpg,Red,4af42c9b619f545706c1fec2a35276883ad73a685f8604c2f21cdef0358bd456,077d715064a847917ba74285975e25866d43ffd37f50ded00ca501ab51fba45e,34500,False,,272,98,RGB,clean_retained,,train,data_soil/train/Red/red_0005.jpg
data_soil_raw/Red/red_0059.jpg,red_0059.jpg,Red,9a3282b2e429d870c0c83e5726de63cbc7c12e348ff63d722344a6efbcdac434,cda2595b5c42d4201c781768c50ab53a1e044296a89468b8ea22d19850e94bf3,11421,False,,200,198,RGB,clean_retained,,train,data_soil/train/Red/red_0096.jpg
data_soil_raw/Red/red_0060.jpg,red_0060.jpg,Red,1222c791dcecc5746d54a84d974cabed239d9c418a8da0b408d77cff1ef67a32,bab2d564dbdde89765ae7b796a9e49a335b265e4261fbeacae506a7385f1fb0d,40227,False,,145,169,RGB,clean_retained,,train,data_soil/train/Red/red_0085.jpg
data_soil_raw/Red/red_0061.jpg,red_0061.jpg,Red,557855464d322f8397e0cb2ea77913343aab978c2c6b5c14774162c73596cad8,32d3448df9bebfd13adbaae303cd4e68bf4524c9d7810d364a6346ca09565838,11496,False,,275,183,RGB,clean_retained,,train,data_soil/train/Red/red_0025.jpg
data_soil_raw/Red/red_0062.jpg,red_0062.jpg,Red,830cc04fb1a4bb00477f440ec7e8ad9d463b6e47396e753e30557a5330152f66,12f3df3407a80d36246c7c046a50086b820fda23bc0212902e7237b0c2ae5b27,8984,False,,275,183,RGB,clean_retained,,val,data_soil/val/Red/red_0001.jpg
data_soil_raw/Red/red_0063.jpg,red_0063.jpg,Red,fd4ed4f57ce81a22deb8d4d97ae0755018a74100b003ccde7392d83730fc01fe,897ba330b3a40978b51d1dff4876a9eb6c887b6d41a0e53431f327761d8c038d,42614,False,,147,172,RGB,clean_retained,,train,data_soil/train/Red/red_0064.jpg
data_soil_raw/Red/red_0064.jpg,red_0064.jpg,Red,715d132f8b0f9a906d8607e32fbbd2e6cd7c5126a610c699e7e068143daa094b,f05f30d63c64b311c02f44f9aec1cb8572e9a8468bc58b499c016c9f6d3308d3,10359,False,,240,160,RGB,clean_retained,,train,data_soil/train/Red/red_0111.jpg
data_soil_raw/Red/red_0065.jpg,red_0065.jpg,Red,00ae6dc0b781d3ea5cf618cc4510b3eafee12026022b01ebf0c5d9f4c8c38630,8c6a4aaae627259a15c3c0344e4de087d43d4b1df8a603894f5c466b8e4808f5,40452,False,,287,116,RGB,clean_retained,,train,data_soil/train/Red/red_0065.jpg
data_soil_raw/Red/red_0066.jpg,red_0066.jpg,Red,4d4caa4f84d2655ffa8215e665e2898148f69badf07881c14a37e55a6816f993,d4b84e6e3eea94e558c3e77de1717b4cf8470987acc61af46b1d7cac7aede018,43519,False,,256,129,RGB,clean_retained,,test,data_soil/test/Red/red_0021.jpg
data_soil_raw/Red/red_0067.jpg,red_0067.jpg,Red,ee753adf630ca051052553f20be450f2105a1e6eff34b6effaae5799385935b3,33c913110f804a9b221d7c4d94dfec540a32a0d0f5650b1d2b1c6c19f449342f,27474,False,,197,64,RGB,clean_retained,,train,data_soil/train/Red/red_0026.jpg
data_soil_raw/Red/red_0068.jpg,red_0068.jpg,Red,e3e1c9bc73bfcf840693bfa32b05fe8515f1bd31955bdf7704c4566789afd885,d3e4fd51f70ace01769ecc7de78d01c51061f8834c000e7776609840be055d21,11334,False,,184,274,RGB,clean_retained,,test,data_soil/test/Red/red_0020.jpg
data_soil_raw/Red/red_0069.jpg,red_0069.jpg,Red,6841315183e127cbe306c3f6523f90b5b4947592f9746d7871d680b47f5bbd2f,c6e80abbe0e78d4e2ffaa1abf40bfb97e12b5ffd9fc887710d917026fe20a060,35403,False,,201,133,RGB,clean_retained,,train,data_soil/train/Red/red_0094.jpg
data_soil_raw/Red/red_0070.jpg,red_0070.jpg,Red,86629402af3bd50264910ea3b1e5d546a68abb855a74cb2cd7abce4fc72bd6a5,ff3ce36fb2928639fd496b4c2cc3290a77371a3fceeccf0a468d49678178c8ea,38561,False,,272,113,RGB,clean_retained,,train,data_soil/train/Red/red_0115.jpg
data_soil_raw/Red/red_0071.jpg,red_0071.jpg,Red,427a86bafd4759291d02f2b8a08bb49f23d235441e87b53ac1ce49a7d3a5fdc0,6e2de9fefbe9679f2f1aba2ceac18070f15bcf0044239e031d8fb34871e58d87,15138,False,,260,194,RGB,clean_retained,,train,data_soil/train/Red/red_0056.jpg
data_soil_raw/Red/red_0072.jpg,red_0072.jpg,Red,9a6896d6e296cb3c71b263e7d4c69824d545e3cc7b9f4f7df1f3e6de090b2fb0,2e75dfc3c2bf67bdc3b6cc154a7515970869581db594ea032c1a39fbe28e72d2,8003,False,,368,137,RGB,clean_retained,,train,data_soil/train/Red/red_0022.jpg
data_soil_raw/Red/red_0073.jpg,red_0073.jpg,Red,3a85f10a4bed7f114dcebcb29e0d6c1d31fd1f0930e93b3c73ced1c111f1de0c,46472b0cb18fb64a33571ab80d54df3bc3f261816044f74aba49b611c24a9776,9136,False,,225,225,RGB,clean_retained,,train,data_soil/train/Red/red_0036.jpg
data_soil_raw/Red/red_0074.jpg,red_0074.jpg,Red,e5525d51d559cc2e1dac60f5ca3972e71628e6f1819192684bc322bd0529fb3f,8f00282a6e71f3b9449cb81fc4f935c89be5ae18b9d185f56a571d0bd41c89b7,37816,False,,193,183,RGB,clean_retained,,test,data_soil/test/Red/red_0014.jpg
data_soil_raw/Red/red_0075.jpg,red_0075.jpg,Red,6d64fba6128bfbeaedc745e130f02149c254aeba9693cedb4210e8d59c2e7690,734d9dde67cf75d98f26dde23654ab78f52e37e0db9e69254928005b8c430e52,333,False,,300,168,P,quarantined_exact_duplicate,Exact pixel duplicate of canonical file data_soil_raw/Red/red_0032.jpg,,
data_soil_raw/Red/red_0076.jpg,red_0076.jpg,Red,a29622904ca392354b5ff64c468d2c5243cc260ac9313e2e71cf582a50681d3f,a89a07313abb3c799fb7209df6fb60bcc16d25b43c58a2b47409e40fd1f63aa2,14554,False,,275,183,RGB,clean_retained,,train,data_soil/train/Red/red_0080.jpg
data_soil_raw/Red/red_0077.jpg,red_0077.jpg,Red,0404940aff5680aa8a52e12fc9f7f37caae05065d3e5a8387776ce9575757416,f4a5ca31e0b40810205e8059ba5ec0027395b26a309fb89573711c1a9ab23e54,2481,False,,100,100,RGB,clean_retained,,val,data_soil/val/Red/red_0025.jpg
data_soil_raw/Red/red_0078.jpg,red_0078.jpg,Red,38d4f48b3131ea9ec1a2f54162fb9c18d0462b2b848d40f73bbeb159c367d965,bc970dbec56b6374e3fc85557eb393a17a651b2a5bdf273eefbc7c1216d82980,2370,False,,100,100,RGB,clean_retained,,train,data_soil/train/Red/red_0089.jpg
data_soil_raw/Red/red_0079.jpg,red_0079.jpg,Red,c560e34060f82b7bfba60a523cf8dd1aac86559ebf71121b09dae528f0c5fb91,ea055e5b128d47e20ca4d3e9d388c96f182c9ade0de9f16bfe86fa278bbaf7bc,6519,False,,260,194,RGB,clean_retained,,train,data_soil/train/Red/red_0109.jpg
data_soil_raw/Red/red_0080.jpg,red_0080.jpg,Red,e920c7a72cfeb6804c3f15663e023eee2a2d07ed7cfcdd6829bda98350a0d70e,f1ca612eef34ffb29a0bad3926b4d894dd3719f3bf456ccadbc2945cbab707ba,35979,False,,266,118,RGB,clean_retained,,train,data_soil/train/Red/red_0112.jpg
data_soil_raw/Red/red_0081.jpg,red_0081.jpg,Red,3c7f4ee81897507b7e1fc07ab779a2b6974ead621b2a06ed6c94ea92d4f84908,ac7983df2773de01efa50792d89316b860b3738409ab6e78bf5042c038691938,9597,False,,193,261,RGB,clean_retained,,val,data_soil/val/Red/red_0018.jpg
data_soil_raw/Red/red_0082.jpg,red_0082.jpg,Red,c4bc5d58a4d59d6839ee7d540fb19e121b15a1853abba1a76ffd4dcfc6a5388b,8300604b747e6c8b409c20c4cc0e6f9ac35fa535f3eded8c7b26cd5ce5a9d371,40636,False,,255,140,RGB,clean_retained,,train,data_soil/train/Red/red_0061.jpg
data_soil_raw/Red/red_0083.jpg,red_0083.jpg,Red,887d2ee96668dea5bbbe34986b13c392e1712c72396aa638eb28017a4f33695f,41144633d940ccfcd08efbe5f8d8e615bbc7c41265baae1e7f34743b27fa53e5,4359,False,,100,100,RGB,quarantined_exact_duplicate,Exact pixel duplicate of canonical file data_soil_raw/Red/red_0010.jpeg,,
data_soil_raw/Red/red_0084.jpg,red_0084.jpg,Red,3b74cf3b26a6ecc5602de6f9b728e0d9091eacbb2cd9643122d6d7492533676e,38d97d982ce19f94f322bc2d3ce31585f45d896a0991fcabda5ce0ffb94d0ebd,7951,False,,246,205,RGB,clean_retained,,train,data_soil/train/Red/red_0031.jpg
data_soil_raw/Red/red_0085.jpg,red_0085.jpg,Red,8627a98493faf72458bfdcd0e7cd872aa1d10b07bb902a7e3a26c87c9e04f0bd,a0214c5ebda92be8e0807497449ab0ee60fdbcb5e35103ef4f20b83c5cdb9005,13089,False,,260,194,RGB,clean_retained,,test,data_soil/test/Red/red_0017.jpg
data_soil_raw/Red/red_0086.jpg,red_0086.jpg,Red,8347d9d42d215fd33deebff2612de5a8b86ac32da17450b7158454acfcc79372,d944139e20f3c5d24ea225968e54dfc3e9994ddcdc15db9f77c6de3f2ef35603,18884,False,,259,194,RGB,clean_retained,,train,data_soil/train/Red/red_0101.jpg
data_soil_raw/Red/red_0087.jpg,red_0087.jpg,Red,6a86c990234f77bf91885cb65bf4e800f033a19794b852451607d46dda9005d4,3fc49a425bdcaa2579c010cc1a81bec4312f2acc75cf5f3427085d852326060d,28819,False,,255,57,RGB,clean_retained,,train,data_soil/train/Red/red_0033.jpg
data_soil_raw/Red/red_0088.jpg,red_0088.jpg,Red,c28ae12ba535aec88e23bf9f2c85f7a1a78a8acb8ac79a913184eb21a9202bd0,599714eaeec0739b0426a8b8e1570a80ce84044c5fa1a1b0153642532378a883,32014,False,,159,121,RGB,clean_retained,,val,data_soil/val/Red/red_0012.jpg
data_soil_raw/Red/red_0089.jpg,red_0089.jpg,Red,00580d746f7ac7d98a2b5400ed9d62653187d644ec305b8d2bb5b3133f241870,33ce27b246fef898abdf6e0d64aa5d33a32d5e3a72ca514f741d8d5288bc401f,73249,False,,728,728,RGB,clean_retained,,train,data_soil/train/Red/red_0027.jpg
data_soil_raw/Red/red_0090.jpg,red_0090.jpg,Red,63f7e0b48d2f267c42178edd1bccc073e61b7127fa021b74bf6fbe8188687cac,98817ae84e504bb99f90680f34505313e49ed1a1634c17d08b78f20b4b4e5380,43193,False,,728,728,RGB,clean_retained,,test,data_soil/test/Red/red_0015.jpg
data_soil_raw/Red/red_0091.jpg,red_0091.jpg,Red,ddda7f782cceaba1c59bc7b7c1b87cd43f4424b705b8ae5bdf890d82f58f5958,46a69740f4ca6e9e7c2f527a24d74234e7cc567b44fb8e61c04e371a23d97a5d,43114,False,,728,728,RGB,clean_retained,,train,data_soil/train/Red/red_0038.jpg
data_soil_raw/Red/red_0092.jpg,red_0092.jpg,Red,8ef32ea0522b108f626f4e3f31b1228ae8bc9aff89f34629540fd4cf65b983f6,bc8aac8aecee232ed3c0b4ecca91cd1dae5b74e0a475fc6625acaf1464ef0d89,6780,False,,275,183,RGB,clean_retained,,train,data_soil/train/Red/red_0088.jpg
data_soil_raw/Red/red_0093.jpg,red_0093.jpg,Red,3519a416697b524095b96b885f71a7a18135046508de4512e94efb482f6520f7,411a7449771baa85009b36b79367d9ed682d7b59d3b7aa478af3292a59a8058c,2614,False,,100,100,RGB,clean_retained,,train,data_soil/train/Red/red_0035.jpg
data_soil_raw/Red/red_0094.jpg,red_0094.jpg,Red,5f6baa11910cd2ba4a1807f9a4f818878ebcaafb72f8b53abc9dc8fe42a70837,4b07f90490449de36556e5939ef96985ffec6bd1dac6e2c7fb2d01a3be95dd3e,4238,False,,100,100,RGB,clean_retained,,val,data_soil/val/Red/red_0010.jpg
data_soil_raw/Red/red_0095.jpg,red_0095.jpg,Red,11bb7c48a1df31cd6bfe48b72d9bd76438e37a698ef9fe4a0ab7685758c5522e,507a5821f25f180a1ee037f4ff6f52044c86885ff67e27a50fbba57992e218dd,9898,False,,259,194,RGB,clean_retained,,train,data_soil/train/Red/red_0042.jpg
data_soil_raw/Red/red_0096.jpg,red_0096.jpg,Red,56d1faae3ad7dd6a252d67e6bb91a7f9010fc614a63c2c810529d05ba55586c9,a621b42f6650f95f7e82652d90d7de0e15f25e356c9205cf7519e3a4dcc56626,19904,False,,193,262,RGB,clean_retained,,train,data_soil/train/Red/red_0077.jpg
data_soil_raw/Red/red_0097.jpg,red_0097.jpg,Red,aa80ed414602d38a4467777978b944f25484595cf124cfceb13596b83c5bb6df,8ed7b0f2190627105711619c2aa113711f3c7dbb89e9cd534cdb763efc86efd0,2492,False,,100,100,RGB,quarantined_exact_duplicate,Exact pixel duplicate of canonical file data_soil_raw/Red/red_0023.jpeg,,
data_soil_raw/Red/red_0098.jpg,red_0098.jpg,Red,fbc9b55197ce853d026268d64807faa6c28e0408ef7bfa7a47c3b48ddc9c2499,31f740218f40f5486f1ef0c68f9a4618c4f7d59bb121402e7e7a89c671b5fdd1,9791,False,,198,254,RGB,clean_retained,,test,data_soil/test/Red/red_0007.jpg
data_soil_raw/Red/red_0099.jpg,red_0099.jpg,Red,0d204a1dd0dcbe762e7ae78f331d95e7088ca6929b682e2c4354758ce5b399b7,fe844180832dbd3cdaff2eea45e281f25ed85de5100ddbd9feb2c9c0073ea922,9693,False,,275,183,RGB,clean_retained,,train,data_soil/train/Red/red_0114.jpg
data_soil_raw/Red/red_0100.png,red_0100.png,Red,84af96a7a630b38085b96979c92bd19e329e1301b712d356b668fabd81cb352b,2a395010a1501374491fc0e378fe6654c54871133920be4de8396431642ccb63,251715,False,,390,259,RGBA,clean_retained,,test,data_soil/test/Red/red_0005.jpg
data_soil_raw/Red/red_0101.png,red_0101.png,Red,6686bde7a6d1801319bbf74df6b63694c71fd239f7360746db234c4668eec36a,cf85ae687912ca5b50ed7a5db0b225094171e2e784930a7a8eca9e7f3f05764d,504272,False,,600,600,RGBA,clean_retained,,train,data_soil/train/Red/red_0097.jpg
data_soil_raw/Red/red_0102.jpg,red_0102.jpg,Red,684c7856dd49def694fb3bcab6cf286e00c3547cbf708ba8c8451045546994ad,ae4b76d5350aa4786dcf2657860a80fb2871032b24b4821e6598cbc2a1ae7a97,32707,False,,500,500,RGB,clean_retained,,train,data_soil/train/Red/red_0082.jpg
data_soil_raw/Red/red_0103.png,red_0103.png,Red,e22e390cc2887e3acbeae381cf00f6419f67b5c8f279c1f48c51c8bd4d1055da,9e0751eeb5641afd4d30b997d67ba3248675a83e2107b0c62f25334004f9b0de,449546,False,,371,500,RGBA,clean_retained,,train,data_soil/train/Red/red_0071.jpg
data_soil_raw/Red/red_0104.jpg,red_0104.jpg,Red,27e6b7551be7a130cbc7cd4d6c27f3914fffc6b3ed8f92ddd4d8d85dac2fc622,265f0330e9e5e654405ee4fec863b0d6d763a126e35aaf3bd4fcbb9c0a4d1674,263219,False,,800,533,RGB,clean_retained,,train,data_soil/train/Red/red_0017.jpg
data_soil_raw/Red/red_0105.jpg,red_0105.jpg,Red,d64989da2bd7db5b64b673c73a3ed1965a66caba3a24e3145eef41cabcf11bd3,e0b19bc0c80fd2484b80a507e0a4522e5168d4d61ee9a0c78e3978989a442d91,194598,False,,700,700,RGB,clean_retained,,train,data_soil/train/Red/red_0102.jpg
data_soil_raw/Red/red_0106.jpg,red_0106.jpg,Red,bb4a6bbf190ed2ef3882bbe7365db898a7ae720c6f37ae5d7dc53c113f02dabf,4ed07842018b2c68a3777b23a827a72b51b64d259500651818cbe15afce5f4b0,100411,False,,885,560,RGB,clean_retained,,train,data_soil/train/Red/red_0041.jpg
data_soil_raw/Red/red_0107.jpg,red_0107.jpg,Red,3342dac841bdb919d2e0436de37fb8f1942df547cf004a2166febe326fb7ba6b,5114e152564152a4be89828084624ba635bcccd5304f62f4354292f1da5561aa,979837,False,,1000,667,RGB,quarantined_exact_duplicate,Exact pixel duplicate of canonical file data_soil_raw/Red/red_0001.jpg,,
data_soil_raw/Red/red_0108.png,red_0108.png,Red,1e39c9ce4552ee003054f2d207be9659705d7671ad4a527cd5e77bb8247699aa,497b16b98ae89d8b941273a001645e5b1da9371fcf2d48cd83ab13be2c963381,728124,False,,500,500,RGBA,clean_retained,,test,data_soil/test/Red/red_0009.jpg
data_soil_raw/Red/red_0109.jpg,red_0109.jpg,Red,637a27e1c252f4fc6e2cd7e941ee4495cd3b5251ffaec36ecbfe5ad3ec2b809f,6c557b37b548ba6ea39ea96c76df22f91daa955fe363a20a14e53879b56aaab5,42615,False,,250,424,RGB,clean_retained,,train,data_soil/train/Red/red_0055.jpg
data_soil_raw/Red/red_0110.jpg,red_0110.jpg,Red,70ac36d403f04c864cc21fab281ecd2158968b8eceec28dc800d6cdf40bdbddd,a98bfad17898411621a814cba08b38d4ead969abe22ad7d4fca15546bb8ef6b8,9244273,False,,2505,1395,RGBA,clean_retained,,train,data_soil/train/Red/red_0081.jpg
data_soil_raw/Red/red_0111.jpg,red_0111.jpg,Red,61776dc29eed6b72e2c4b259a29d958a7d4161061f95db0f76e65e7da13cb373,3d8e3bab79839999ccf52f3141d1381420af1202d5a0a5ae748ba2080c9f4aaf,17083,False,,275,183,RGB,clean_retained,,train,data_soil/train/Red/red_0032.jpg
data_soil_raw/Red/red_0112.jpeg,red_0112.jpeg,Red,6355fc6dbe0e2a7cce8645a126730cf0e2563c2c852f9a3603d8bc0be89f74b8,a49d933e7d5047b818d0adb178b8e7939048e130925fe6e6492d11cba5992ab4,32555,False,,300,225,RGB,clean_retained,,train,data_soil/train/Red/red_0076.jpg
data_soil_raw/Red/red_0113.jpg,red_0113.jpg,Red,1710f6b00ee42033981549c60cb99b01e07e12b0588e38b5d90178d7fe1aa8d9,887d5af4cdaab02dd590b9d2d0065610780a17427bf15492fd70b0b19c74c398,843382,False,,1280,627,RGB,clean_retained,,train,data_soil/train/Red/red_0063.jpg
data_soil_raw/Red/red_0114.jpg,red_0114.jpg,Red,d94ac50c0eddec710b96a6f0f26e983df8c822607197317097411a86dd998fcc,00c0ef1ec5b7fae784579fe61930b1a5edabf776cad3b4877063c4bd24384638,35832,False,,466,301,RGB,clean_retained,,train,data_soil/train/Red/red_0002.jpg
data_soil_raw/Red/red_0115.png,red_0115.png,Red,02985d5285a1cbdb8b0032b9a7af06f6508c027950f7e77e069ca5b3a4a6a0a6,cd6daa9c23087beea7f8d8d1000e247571036bdf128672a3eadeb3795716af1a,3460392,False,,1300,861,RGBA,quarantined_exact_duplicate,Exact pixel duplicate of canonical file data_soil_raw/Red/red_0003.png,,
data_soil_raw/Red/red_0116.jpg,red_0116.jpg,Red,8232ce3d1dfccac9b4bdc70e947635ff758d799bc73d88ed68ed11365024ef47,5fe2258880d9e5cd6c202ecc0b23cc9ad64031f08d91c725f2b6f9bbe7accda4,70494,False,,500,333,RGB,clean_retained,,train,data_soil/train/Red/red_0050.jpg
data_soil_raw/Red/red_0117.jpg,red_0117.jpg,Red,fc8526deba6173b6f99d92ab29383bd7766281a76ecd7a5ccdba3ce58a339fdb,136126128c7349848adee6c0d3c4f1bd3eb8b1e94c7d861a8205c4d7ba7d8678,106118,False,,800,600,RGB,clean_retained,,train,data_soil/train/Red/red_0009.jpg
data_soil_raw/Red/red_0118.png,red_0118.png,Red,5e42d3d1ad828598f8c776988e72a1dfe81655a0108083bdb057ce926d4d0058,44a990b5ee1e3f8ab1b39f4e3fe38d6587b189b8cd7d2b6f4d80f35c999d515c,3336599,False,,1300,866,RGBA,quarantined_cross_class_conflict,"Identical pixel content found across conflicting classes: ['Clay', 'Red']",,
data_soil_raw/Red/red_0119.jpg,red_0119.jpg,Red,63fce11b5d99ef7ad87dfe7de340863b56c5bc46e40b2fe3c9fcb161e5210ff5,eaf3e9486fa69b91c1a8fcf936d04ca8345c6bfad364f9124e139c8af42f223d,3199902,False,,2496,1664,RGB,quarantined_exact_duplicate,Exact pixel duplicate of canonical file data_soil_raw/Red/red_0004.jpg,,
data_soil_raw/Red/red_0120.jpg,red_0120.jpg,Red,3342dac841bdb919d2e0436de37fb8f1942df547cf004a2166febe326fb7ba6b,5114e152564152a4be89828084624ba635bcccd5304f62f4354292f1da5561aa,979837,False,,1000,667,RGB,quarantined_exact_duplicate,Exact pixel duplicate of canonical file data_soil_raw/Red/red_0001.jpg,,
data_soil_raw/Red/red_0121.png,red_0121.png,Red,1e39c9ce4552ee003054f2d207be9659705d7671ad4a527cd5e77bb8247699aa,497b16b98ae89d8b941273a001645e5b1da9371fcf2d48cd83ab13be2c963381,728124,False,,500,500,RGBA,quarantined_exact_duplicate,Exact pixel duplicate of canonical file data_soil_raw/Red/red_0108.png,,
data_soil_raw/Red/red_0122.jpg,red_0122.jpg,Red,637a27e1c252f4fc6e2cd7e941ee4495cd3b5251ffaec36ecbfe5ad3ec2b809f,6c557b37b548ba6ea39ea96c76df22f91daa955fe363a20a14e53879b56aaab5,42615,False,,250,424,RGB,quarantined_exact_duplicate,Exact pixel duplicate of canonical file data_soil_raw/Red/red_0109.jpg,,
data_soil_raw/Red/red_0123.png,red_0123.png,Red,063ca63e37ba4cd80f7c41ca9abd86ac609d74cb0e882649aa81a120bba26e06,5809b0640b3fa54d4ea9fbe1948bc7326f2dd5315d9cd851eaa343a910e5d485,7223441,False,,2527,1366,RGBA,clean_retained,,val,data_soil/val/Red/red_0011.jpg
data_soil_raw/Red/red_0124.jpg,red_0124.jpg,Red,61776dc29eed6b72e2c4b259a29d958a7d4161061f95db0f76e65e7da13cb373,3d8e3bab79839999ccf52f3141d1381420af1202d5a0a5ae748ba2080c9f4aaf,17083,False,,275,183,RGB,quarantined_exact_duplicate,Exact pixel duplicate of canonical file data_soil_raw/Red/red_0111.jpg,,
data_soil_raw/Red/red_0125.jpeg,red_0125.jpeg,Red,6355fc6dbe0e2a7cce8645a126730cf0e2563c2c852f9a3603d8bc0be89f74b8,a49d933e7d5047b818d0adb178b8e7939048e130925fe6e6492d11cba5992ab4,32555,False,,300,225,RGB,quarantined_exact_duplicate,Exact pixel duplicate of canonical file data_soil_raw/Red/red_0112.jpeg,,
data_soil_raw/Red/red_0126.jpg,red_0126.jpg,Red,1710f6b00ee42033981549c60cb99b01e07e12b0588e38b5d90178d7fe1aa8d9,887d5af4cdaab02dd590b9d2d0065610780a17427bf15492fd70b0b19c74c398,843382,False,,1280,627,RGB,quarantined_exact_duplicate,Exact pixel duplicate of canonical file data_soil_raw/Red/red_0113.jpg,,
data_soil_raw/Red/red_0127.jpg,red_0127.jpg,Red,d94ac50c0eddec710b96a6f0f26e983df8c822607197317097411a86dd998fcc,00c0ef1ec5b7fae784579fe61930b1a5edabf776cad3b4877063c4bd24384638,35832,False,,466,301,RGB,quarantined_exact_duplicate,Exact pixel duplicate of canonical file data_soil_raw/Red/red_0114.jpg,,
data_soil_raw/Red/red_0128.png,red_0128.png,Red,02985d5285a1cbdb8b0032b9a7af06f6508c027950f7e77e069ca5b3a4a6a0a6,cd6daa9c23087beea7f8d8d1000e247571036bdf128672a3eadeb3795716af1a,3460392,False,,1300,861,RGBA,quarantined_exact_duplicate,Exact pixel duplicate of canonical file data_soil_raw/Red/red_0003.png,,
data_soil_raw/Red/red_0129.jpg,red_0129.jpg,Red,8232ce3d1dfccac9b4bdc70e947635ff758d799bc73d88ed68ed11365024ef47,5fe2258880d9e5cd6c202ecc0b23cc9ad64031f08d91c725f2b6f9bbe7accda4,70494,False,,500,333,RGB,quarantined_exact_duplicate,Exact pixel duplicate of canonical file data_soil_raw/Red/red_0116.jpg,,
data_soil_raw/Red/red_0130.png,red_0130.png,Red,64c78a22ccb006e5122cd2d70d00b0964aa9dadbe30161ee3ac5b44dd0ec7069,2c8ad9d684e0727eedab1be915dd330ad792050680cc0ab43a812e2bd5ca57b8,767440,False,,800,329,RGBA,clean_retained,,test,data_soil/test/Red/red_0006.jpg
data_soil_raw/Red/red_0131.jpg,red_0131.jpg,Red,63fce11b5d99ef7ad87dfe7de340863b56c5bc46e40b2fe3c9fcb161e5210ff5,eaf3e9486fa69b91c1a8fcf936d04ca8345c6bfad364f9124e139c8af42f223d,3199902,False,,2496,1664,RGB,quarantined_exact_duplicate,Exact pixel duplicate of canonical file data_soil_raw/Red/red_0004.jpg,,
data_soil_raw/Red/red_0132.jpg,red_0132.jpg,Red,3afb1f991ec44a7e8fd72d13a19078c718459dee1290b4193fd92e3464f4837a,1fc28de4ba2e70f94d0472316af0f28183b82bb2a3be414e56dc2198a8901650,575097,False,,2560,1920,RGB,quarantined_exact_duplicate,Exact pixel duplicate of canonical file data_soil_raw/Red/red_0045.jpg,,
data_soil_raw/Red/red_0133.jpg,red_0133.jpg,Red,ef9b9d9b722dc7887c56cf7056f7a1ecffbbc7cffd54cd5037dda54f72893ab8,2d3908a69543ffdb2e731dc6ed7822dc6d7ce5533dd76b3ad797e40f70aa1da0,65259,False,,640,480,RGB,quarantined_exact_duplicate,Exact pixel duplicate of canonical file data_soil_raw/Red/red_0046.jpg,,
data_soil_raw/Red/red_0134.jpg,red_0134.jpg,Red,00580d746f7ac7d98a2b5400ed9d62653187d644ec305b8d2bb5b3133f241870,33ce27b246fef898abdf6e0d64aa5d33a32d5e3a72ca514f741d8d5288bc401f,73249,False,,728,728,RGB,quarantined_exact_duplicate,Exact pixel duplicate of canonical file data_soil_raw/Red/red_0089.jpg,,
data_soil_raw/Red/red_0135.jpg,red_0135.jpg,Red,02fa682458f2f5a295feb19b33b05cd2b98ccec79cb3441ca01e9c8500b062d7,9af7f1ff9ae9558b03c565ed5e7863d432e6023c6f578bda0661f27fee2d8e17,42864,False,,728,728,RGB,clean_retained,,train,data_soil/train/Red/red_0068.jpg
data_soil_raw/Red/red_0136.jpg,red_0136.jpg,Red,946a9e3540bf498db63e3e74988a6326c681a8ba4a52b3479b7b4423f80869f4,2fa430bfed734a82d76a0d90dc31c1d106ddb4f3933eb8700eee85cf243fc9f0,42807,False,,728,728,RGB,clean_retained,,train,data_soil/train/Red/red_0023.jpg
data_soil_raw/Red/red_0137.jpg,red_0137.jpg,Red,5c107a5ffef2bcd67ed73f114c39798bf5b29317326eb76c4c1024815588b7b4,1a19c603a3170c2a4b4ce7b2baca46fdda7361dde0e2ee03ee67c9f7c6a4d9b6,73239,False,,728,728,RGB,clean_retained,,test,data_soil/test/Red/red_0002.jpg
data_soil_raw/Red/red_0138.jpg,red_0138.jpg,Red,63f7e0b48d2f267c42178edd1bccc073e61b7127fa021b74bf6fbe8188687cac,98817ae84e504bb99f90680f34505313e49ed1a1634c17d08b78f20b4b4e5380,43193,False,,728,728,RGB,quarantined_exact_duplicate,Exact pixel duplicate of canonical file data_soil_raw/Red/red_0090.jpg,,
data_soil_raw/Red/red_0139.jpg,red_0139.jpg,Red,ddda7f782cceaba1c59bc7b7c1b87cd43f4424b705b8ae5bdf890d82f58f5958,46a69740f4ca6e9e7c2f527a24d74234e7cc567b44fb8e61c04e371a23d97a5d,43114,False,,728,728,RGB,quarantined_exact_duplicate,Exact pixel duplicate of canonical file data_soil_raw/Red/red_0091.jpg,,
data_soil_raw/Red/red_0140.jpg,red_0140.jpg,Red,e8b3427ecf68fddbfc6e4d9f80789b4d34bd63ce99591377eff0435627f7e4d0,4e1ab344c748e4a214b659a5f82d5d78a164bb1ba6a5e37a79bf6d88cd356111,72868,False,,728,728,RGB,clean_retained,,train,data_soil/train/Red/red_0039.jpg
data_soil_raw/Red/red_0141.jpg,red_0141.jpg,Red,4f6edace96c2c1ab19251c220ecfd6ef3cf18a0eacfc4442c0c5d7b0be730a47,378e9a6ec418a58de60f679b5efed6518058e4726d551b05a721a61c37c90de0,68711,False,,728,728,RGB,clean_retained,,train,data_soil/train/Red/red_0030.jpg
data_soil_raw/Red/red_0142.jpg,red_0142.jpg,Red,c28207f42390deed684a5ba51164c3f3b10b53222e6508a066ed53bbe3f640d0,e6d10bf56f9c2399737c25dca530d088310cf16805b429f7f3ca13d88b836a72,42943,False,,728,728,RGB,clean_retained,,train,data_soil/train/Red/red_0108.jpg
data_soil_raw/Red/red_0143.jpg,red_0143.jpg,Red,4ca6f2b0077c381b8d2cd9512ee6c276bc5382794318315e0415e7bb842f2bb0,6b559257ee902319213d8f13b7449890a03acbad4561e2356486b966d913b507,42885,False,,728,728,RGB,clean_retained,,test,data_soil/test/Red/red_0012.jpg
data_soil_raw/Red/red_0144.jpg,red_0144.jpg,Red,af6cd13ca5d6e3ad5f6678cd812bbd979c0fe469e7dc37393f700b28de1739b7,a33e56b02f5589483e0ff9547492e5b7b768e4d6434e686f001049b7719e88d3,68646,False,,728,728,RGB,clean_retained,,train,data_soil/train/Red/red_0074.jpg
data_soil_raw/Red/red_0145.jpg,red_0145.jpg,Red,e1605ad68e24f3872ec7b41c39f2bb97a72539228cd59dff287bc0daf066e638,60d22749128ff6e87f8a6dcc370ae91e2b42bfc5581f87c085c21621a7fede94,42955,False,,728,728,RGB,clean_retained,,train,data_soil/train/Red/red_0051.jpg
data_soil_raw/Red/red_0146.jpg,red_0146.jpg,Red,a26e35e5b891f3f4285ece1dc33616c115b7a1051c9e3331e33f065b029adda5,348625b7d3067359a2cb3ad0c268a43e31c3ea19463564793706fe97abefe2d1,43046,False,,728,728,RGB,clean_retained,,test,data_soil/test/Red/red_0008.jpg
data_soil_raw/Red/red_0147.jpg,red_0147.jpg,Red,f0d429ec6e85dfe9390f786fd49d2e3a1553dac1240838b763bde5a52cd86fa0,eb54c70bc0914f7beb28b9ba1278d5f8ab9b3665cacff6d62dfb71d11714c636,69197,False,,728,728,RGB,clean_retained,,train,data_soil/train/Red/red_0110.jpg
data_soil_raw/Red/red_0148.jpg,red_0148.jpg,Red,917c884805bd74e652e52953c28d97dc70ad3fb60e982f8b08554b26045f6940,194a64c0f08614541c41464fb28b635c762c07e991a75d5959e006f9d517a127,173736,False,,960,1280,RGB,quarantined_exact_duplicate,Exact pixel duplicate of canonical file data_soil_raw/Red/red_0005.jpg,,
data_soil_raw/Red/red_0149.jpg,red_0149.jpg,Red,4f50381e78c54b8cd57c9f4e3ad66bb29f5f3b5072a9328b09eef17e4961a60b,bbe6f7b6257eb0ef617b63a6270af1d2a5a57bb52b88056edb136b3153981c7c,172190,False,,910,683,RGB,clean_retained,,train,data_soil/train/Red/red_0087.jpg
data_soil_raw/Red/red_0150.jpg,red_0150.jpg,Red,7ccbfed7100a8f112e82a489942da57cc16f595b6aebeeff01e5db87cfd24178,4e3383b6b4c57b33ff714b428f93feb81a641e27994f4763a4fa0d48eb171613,16530,False,,275,183,RGB,quarantined_exact_duplicate,Exact pixel duplicate of canonical file data_soil_raw/Red/red_0006.jpg,,
data_soil_raw/Red/red_0151.png,red_0151.png,Red,1f7ab609cd41e5a82d2c5e39d057fdae4254d19016117320ca730acfa9db71ff,e940a464165dff1bd35443598727f0c19725724def4b2dca7f1884e312e99e58,77489,False,,259,143,RGBA,clean_retained,,test,data_soil/test/Red/red_0023.jpg
data_soil_raw/Red/red_0152.jpg,red_0152.jpg,Red,b3fe381c01183da196a9e88c49984f27bbc51072b5b617591b1c20036fa2e77c,3707fad991145aa1b9f53a4863fb384007cc17acb62ca4710429f55e43b6fdc9,14458,False,,275,183,RGB,quarantined_exact_duplicate,Exact pixel duplicate of canonical file data_soil_raw/Red/red_0008.jpg,,
data_soil_raw/Red/red_0153.png,red_0153.png,Red,9f65c0afad3e8e486c08c642c8aa8b8db0bc0b6d2bad0975bc7d5abe539d1f4a,442b535d1dedbab9e78cf0544b36e2511e192744b583867b3ebfa33d37d81125,361802,False,,461,259,RGBA,quarantined_exact_duplicate,Exact pixel duplicate of canonical file data_soil_raw/Red/red_0009.png,,
data_soil_raw/Red/red_0154.jpeg,red_0154.jpeg,Red,887d2ee96668dea5bbbe34986b13c392e1712c72396aa638eb28017a4f33695f,41144633d940ccfcd08efbe5f8d8e615bbc7c41265baae1e7f34743b27fa53e5,4359,False,,100,100,RGB,quarantined_exact_duplicate,Exact pixel duplicate of canonical file data_soil_raw/Red/red_0010.jpeg,,
data_soil_raw/Red/red_0155.jpeg,red_0155.jpeg,Red,b3fe381c01183da196a9e88c49984f27bbc51072b5b617591b1c20036fa2e77c,3707fad991145aa1b9f53a4863fb384007cc17acb62ca4710429f55e43b6fdc9,14458,False,,275,183,RGB,quarantined_exact_duplicate,Exact pixel duplicate of canonical file data_soil_raw/Red/red_0008.jpg,,
data_soil_raw/Red/red_0156.jpeg,red_0156.jpeg,Red,703e4ba9a2695de9b2982395a7d2fb814ef36da279285d1a5a17f72ac9de06f3,55bfc36aa1befda2ab63c24355bd990b571bb187c024593cbf92cdb85e2a10c3,16013,False,,275,183,RGB,quarantined_exact_duplicate,Exact pixel duplicate of canonical file data_soil_raw/Red/red_0012.jpeg,,
data_soil_raw/Red/red_0157.jpeg,red_0157.jpeg,Red,7ccbfed7100a8f112e82a489942da57cc16f595b6aebeeff01e5db87cfd24178,4e3383b6b4c57b33ff714b428f93feb81a641e27994f4763a4fa0d48eb171613,16530,False,,275,183,RGB,quarantined_exact_duplicate,Exact pixel duplicate of canonical file data_soil_raw/Red/red_0006.jpg,,
data_soil_raw/Red/red_0158.jpeg,red_0158.jpeg,Red,7421c3cd51040e42f23d0cac706b8da76870a6de3851d223b36e49a02b8447bf,27622091f761b17db0aa5316dd93960cdd75422f7aa07394649cdca5df775384,16776,False,,288,175,RGB,quarantined_exact_duplicate,Exact pixel duplicate of canonical file data_soil_raw/Red/red_0014.jpeg,,
data_soil_raw/Red/red_0159.jpeg,red_0159.jpeg,Red,788a48c53a5b2ed92559b6b26a069961d808657b3308651f19e6c4abe5563c58,9c7befb19906b842f762a228d59be1bd16dab594291a61d93c6ecbe30b9d8568,12685,False,,279,180,RGB,quarantined_exact_duplicate,Exact pixel duplicate of canonical file data_soil_raw/Red/red_0015.jpeg,,
data_soil_raw/Red/red_0160.jpeg,red_0160.jpeg,Red,2dc9b85e3428f37f298364a39eae01267e9d43e6319ecdedbc8823d15dce9718,66e6079deee3213a8ddf219352c9a459b76f5b09a95578450c54369ee29d7abb,5688,False,,275,183,RGB,quarantined_exact_duplicate,Exact pixel duplicate of canonical file data_soil_raw/Red/red_0016.jpeg,,
data_soil_raw/Red/red_0161.jpeg,red_0161.jpeg,Red,a27f6a9f5adca1357c9de7cff4a798c06221ab27dbaad1e03100dd88b4394475,7794565a4c33578e250892be2dbc2e32a874462fd3a5558127c5d6dd377b2e68,3661,False,,100,100,RGB,quarantined_exact_duplicate,Exact pixel duplicate of canonical file data_soil_raw/Red/red_0017.jpeg,,
data_soil_raw/Red/red_0162.jpeg,red_0162.jpeg,Red,fdb9f8ee469bf996b4543820e76546ba000eff8f5f5f9f33c8a3a6afad5013cf,c18c3beb912ab20de33c0ec8476b3535fd24cd323c6e610948034b673b82a33c,11446,False,,225,225,RGB,quarantined_exact_duplicate,Exact pixel duplicate of canonical file data_soil_raw/Red/red_0018.jpeg,,
data_soil_raw/Red/red_0163.jpeg,red_0163.jpeg,Red,539815f3b9656aa3b0da432561b3d3d4f9f07518c3814282ccf73f92f2f315b8,d4e5dfdf64cf201c5a25314b5105dece888e0f10898c86da5e677ecf93379b63,9928,False,,265,190,RGB,quarantined_exact_duplicate,Exact pixel duplicate of canonical file data_soil_raw/Red/red_0019.jpeg,,
data_soil_raw/Red/red_0164.jpeg,red_0164.jpeg,Red,410732e98c50c7b832f8d6035464974bc660291d072fc71df800c46b124e171c,038615c2e1a50c8ebfecc5f1a9331142902b3c139d0d7dba06aefe5985941084,10492,False,,276,183,RGB,quarantined_exact_duplicate,Exact pixel duplicate of canonical file data_soil_raw/Red/red_0020.jpeg,,
data_soil_raw/Red/red_0165.jpeg,red_0165.jpeg,Red,9d1618e89b58019f46ca1784c5c829a9ab9e5df52ef6474172e9b6ece380be93,1abc7dc114078ec0291ed3e7f1904207e15f73f932c6892744c9c4ce95d37f14,6324,False,,265,190,RGB,quarantined_exact_duplicate,Exact pixel duplicate of canonical file data_soil_raw/Red/red_0021.jpeg,,
data_soil_raw/Red/red_0166.jpeg,red_0166.jpeg,Red,f32e199dc4c3921313660df3731eb12f4aed1819c6f1aff501e5e5ef4cbb143a,340209dea019e01f8a397724257166dab3c1b62a3c10a909dad8e07f7986dcf4,6355,False,,260,194,RGB,quarantined_exact_duplicate,Exact pixel duplicate of canonical file data_soil_raw/Red/red_0022.jpeg,,
data_soil_raw/Red/red_0167.jpeg,red_0167.jpeg,Red,aa80ed414602d38a4467777978b944f25484595cf124cfceb13596b83c5bb6df,8ed7b0f2190627105711619c2aa113711f3c7dbb89e9cd534cdb763efc86efd0,2492,False,,100,100,RGB,quarantined_exact_duplicate,Exact pixel duplicate of canonical file data_soil_raw/Red/red_0023.jpeg,,
data_soil_raw/Red/red_0168.png,red_0168.png,Red,84bc8664687664491f405428fd1e0a71a4fbe230102480b4b056ef877153cdfb,b91738253cd8807a3e16c4e74277c52e1ed0b1bcef22763c4b30875ac6ad2c1f,81074,False,,275,107,RGBA,clean_retained,,train,data_soil/train/Red/red_0084.jpg
data_soil_raw/Red/red_0169.jpeg,red_0169.jpeg,Red,76a6388bff0325bf0e2eb794d9adc9bd68c056fc0089fe4c362b3930050a6bc8,1dd3c9b531c752bc38e258dfc0509f77ab183e3ae4e2e4a639f31582134ed1d4,9429,False,,259,194,RGB,quarantined_exact_duplicate,Exact pixel duplicate of canonical file data_soil_raw/Red/red_0007.jpg,,
data_soil_raw/Red/red_0170.png,red_0170.png,Red,09bb232e749d5171e6f246f28e1c664decbbf0191ed133a614fb55f3504387a6,02ee2ec86cf9f842b715fc453284715f815b7ded912bae0fa515ee5d6cf0a6cc,75802,False,,259,141,RGBA,clean_retained,,test,data_soil/test/Red/red_0001.jpg
data_soil_raw/Red/red_0171.jpeg,red_0171.jpeg,Red,ff20b34e0cb8c9781db1f47256ac5175d4aff088bb6d4feab831be1b9f2a8dc4,b2024c7fd59061edfe8315d51cc581ff3e03eade22a9656528cc201363b13b75,2444,False,,100,100,RGB,quarantined_exact_duplicate,Exact pixel duplicate of canonical file data_soil_raw/Red/red_0026.jpeg,,
data_soil_raw/Red/red_0172.jpeg,red_0172.jpeg,Red,56c5c76c6b0f61ce03cbbcfc91631db6567e7cc47e92a00760dae7d6a26968a7,16842ad6bbb86b859fd236209fb5cfe2bbabb82335bcb8bf4d489a606867136a,2120,False,,100,100,RGB,quarantined_exact_duplicate,Exact pixel duplicate of canonical file data_soil_raw/Red/red_0027.jpeg,,
data_soil_raw/Red/red_0173.png,red_0173.png,Red,d4950ee336da43a28e39cfd89a167a5e8b396d49efc7242ea3da813fd14113c6,a102bc784ddb3c17826cff8b447cd07b28d52a97c9d4d295a26d9e52d555d99b,20910,False,,100,93,RGBA,clean_retained,,train,data_soil/train/Red/red_0073.jpg
data_soil_raw/Red/red_0174.jpg,red_0174.jpg,Red,f24f5a77159797586c274e0f5a3cddb307402a63942dc820853b597cda8ef399,7551003be4ccf1b45506b271558753c8d202a7fe83ed60341a011708890fb765,13602,False,,275,183,RGB,quarantined_exact_duplicate,Exact pixel duplicate of canonical file data_soil_raw/Red/red_0028.jpg,,
data_soil_raw/Red/red_0175.jpg,red_0175.jpg,Red,9b3015d9a2c302ecd85316953190ce2f61fcf6e1503ef8d4b2d005d70dd6b98f,52e371c2dfd1c7d17c00720228c6272c42c710e3e29ee8627eaabdd4ba9af909,12215,False,,275,183,RGB,quarantined_exact_duplicate,Exact pixel duplicate of canonical file data_soil_raw/Red/red_0029.jpg,,
data_soil_raw/Red/red_0176.jpg,red_0176.jpg,Red,340405dc5e87a2f558f22e7086306cb332c891de46dbcf2e8e0c970064fad18e,cc789c7e3b7cd44447ad3839aa6d23e1503997d2eb345db21c6f52e2bbf7cc75,14536,False,,172,293,RGB,clean_retained,,val,data_soil/val/Red/red_0021.jpg
data_soil_raw/Red/red_0177.jpg,red_0177.jpg,Red,3ea5efd0ff2a77187d96a6d0ffa06de2cb49f85ed102960ef53551c1046f2c92,1bb860ae6a2a3178bec95128f5f846e83c2ef7c72e3c4775b2fce1b8ef3d04d8,9425,False,,275,183,RGB,quarantined_exact_duplicate,Exact pixel duplicate of canonical file data_soil_raw/Red/red_0030.jpg,,
data_soil_raw/Red/red_0178.jpg,red_0178.jpg,Red,0d63c8deaf48c1e8f826b87c735a8545193d291ebb085cdc02d6652c35d401f8,e244b2000e7fc73b2a4c2a18894aa62bd2df2e7df0006ec653645b4eb64de8a8,3329,False,,275,183,RGB,quarantined_exact_duplicate,Exact pixel duplicate of canonical file data_soil_raw/Red/red_0031.jpg,,
data_soil_raw/Red/red_0179.jpg,red_0179.jpg,Red,6d64fba6128bfbeaedc745e130f02149c254aeba9693cedb4210e8d59c2e7690,734d9dde67cf75d98f26dde23654ab78f52e37e0db9e69254928005b8c430e52,333,False,,300,168,P,quarantined_exact_duplicate,Exact pixel duplicate of canonical file data_soil_raw/Red/red_0032.jpg,,
data_soil_raw/Red/red_0180.jpg,red_0180.jpg,Red,acb3e7c7c0a38fd1ef097cede275d70d1507b8fbd2f41c0a01770f7295ade25f,e190725479def8553c20f1cc42c43090d232594d138a33040eb89a45438fc693,14596,False,,275,183,RGB,quarantined_exact_duplicate,Exact pixel duplicate of canonical file data_soil_raw/Red/red_0033.jpg,,
data_soil_raw/Red/red_0181.jpg,red_0181.jpg,Red,d9ca81f81d718085c442f829262bb0d76f604ed49b71a294ef065e932d3676f7,583a80f6278d979cc182909d06b608d2e63ab6b9a6ad668800e06e932e321f86,7715,False,,275,183,RGB,quarantined_exact_duplicate,Exact pixel duplicate of canonical file data_soil_raw/Red/red_0034.jpg,,
data_soil_raw/Red/red_0182.jpg,red_0182.jpg,Red,7c68459f5e26fd69523b11b88c1c605cd4a198dea9ee655b05a814750b748f33,c16172e8483c977d26626b61f065d7ccad1b757dca3d9c1980da000f7c8251ce,10702,False,,225,225,RGB,quarantined_exact_duplicate,Exact pixel duplicate of canonical file data_soil_raw/Red/red_0035.jpg,,
data_soil_raw/Red/red_0183.jpg,red_0183.jpg,Red,3d19acef9f075bb7a9a4a7be8b0cb55964f1b83346dd4226314bf545cdd5d630,9f00fe05fb304066b460c53bd4d54bc0101f24cc9553972ec92b3e3a35253a72,2013,False,,100,100,RGB,clean_retained,,train,data_soil/train/Red/red_0072.jpg
data_soil_raw/Red/red_0184.jpg,red_0184.jpg,Red,36df65f05152faa75b7e66a0efb39ea53324a1d9308dbb703dcb95ba06ac8eee,ccaf9179a2384312c376d93dfe92812fdeac1e84415687a46e9827eb247c558b,9434,False,,259,194,RGB,quarantined_exact_duplicate,Exact pixel duplicate of canonical file data_soil_raw/Red/red_0036.jpg,,
data_soil_raw/Red/red_0185.jpg,red_0185.jpg,Red,9b3015d9a2c302ecd85316953190ce2f61fcf6e1503ef8d4b2d005d70dd6b98f,52e371c2dfd1c7d17c00720228c6272c42c710e3e29ee8627eaabdd4ba9af909,12215,False,,275,183,RGB,quarantined_exact_duplicate,Exact pixel duplicate of canonical file data_soil_raw/Red/red_0029.jpg,,
data_soil_raw/Red/red_0186.jpg,red_0186.jpg,Red,c6306da96e75d71b92c3c3734a53ab6357b05d3b67fa2af8f17e83bd610d7043,8cca52586c226bd16e803fd4c2ee64f24150950bf99df3dac52d2bf0e78739a9,1772,False,,100,100,RGB,quarantined_exact_duplicate,Exact pixel duplicate of canonical file data_soil_raw/Red/red_0037.jpg,,
data_soil_raw/Red/red_0187.png,red_0187.png,Red,71ad6ee48a38d045ec9cfdcd0e54797fc10d17e71af34da46e1eab66abcd39de,1a5c84cf5378bc30d6b9770207c23417fa5892ea1a40abcd101fe24421ce3495,54893,False,,274,88,RGBA,clean_retained,,test,data_soil/test/Red/red_0003.jpg
data_soil_raw/Red/red_0188.jpg,red_0188.jpg,Red,2060fd3b7431397acc3aa9438e5b3cd241ecf4c8e9d756ac42db05f1fdefd0bc,6179af1d33ede1ed950a8f3c29bdeb69370607d046e1b63b5b775d90633001c2,9704,False,,193,261,RGB,clean_retained,,train,data_soil/train/Red/red_0052.jpg
data_soil_raw/Red/red_0189.jpg,red_0189.jpg,Red,b6ae77cc1335c8b32f3f159afdd4c9f7f4e1b966cf3a2fb58ff1beb45a2a0326,000c847be2ca934de84c4496813ad0d20e3a67b751048c87384e14248d9cbe4b,3588,False,,100,100,RGB,clean_retained,,train,data_soil/train/Red/red_0001.jpg
data_soil_raw/Red/red_0190.jpg,red_0190.jpg,Red,2ae01ffe4f4f06ba52fad02d61a0ac6c7625a756dd2e2128fbc69affd6bf0ca0,a672ddc0adc35c68e9b26422ff5171b66eedc8b605ab4190b83eb47f97a0f86c,14818,False,,276,183,RGB,quarantined_exact_duplicate,Exact pixel duplicate of canonical file data_soil_raw/Red/red_0039.jpg,,
data_soil_raw/Red/red_0191.jpg,red_0191.jpg,Red,265ed5d9800dc4b36f1246a2d509b487ef8dc75299efd8afb1d821a91ac96a05,2316c26d72a234be5458e28b6d58caf1356b585b7b74f3f39c819e9a79a5962c,20361,False,,275,183,RGB,clean_retained,,train,data_soil/train/Red/red_0016.jpg
data_soil_raw/Red/red_0192.jpg,red_0192.jpg,Red,86562f8b7c90d89dbaa62e2616df6d526cb67be5609a940288f263a08580ecab,29892cf5fafec4314651e65c58d9a9813b7e912078c823c7ccff3fa6bb724b29,13809,False,,297,170,RGB,quarantined_exact_duplicate,Exact pixel duplicate of canonical file data_soil_raw/Red/red_0040.jpg,,
data_soil_raw/Red/red_0193.jpg,red_0193.jpg,Red,f3de10bbda19dfbdd96dede47dc125de7f80d8df6257911b82aee0fe5e5b34f3,c1f91cde83fbc451d7108d75b7b55e7d17fd7252907e7abce4f588ec14b46d77,5589,False,,284,177,RGB,clean_retained,,train,data_soil/train/Red/red_0093.jpg
data_soil_raw/Red/red_0194.jpg,red_0194.jpg,Red,90d8dfef6c137378c5235d70c85d642e1e3de4e111aa27bfd17727f166e372d5,9c7aef25a15040461a873b4c30f1aae89c819584092dbb2175137627dbcd2910,14651,False,,286,176,RGB,clean_retained,,test,data_soil/test/Red/red_0016.jpg
data_soil_raw/Red/red_0195.jpg,red_0195.jpg,Red,7fc59bea8eae524a912ea98c2d6138716de20a768f22d17c20005c3a8ae66e3e,cc8df30e150c7b807e7f562cfc7b2c8b51e3e3aa0a7462731bf9a247aabaa50e,6034,False,,275,183,RGB,clean_retained,,val,data_soil/val/Red/red_0022.jpg
data_soil_raw/Red/red_0196.jpg,red_0196.jpg,Red,d7b2baa0bd52caaa047aabf0805a3dceace787bfae5d33d355d3b7a4b06c2bd1,780c1ace24bdc4044d706f398c700c39cafb48f39e3ba301785e93daea1e2a4a,16704,False,,275,183,RGB,quarantined_exact_duplicate,Exact pixel duplicate of canonical file data_soil_raw/Red/red_0041.jpg,,
data_soil_raw/Red/red_0197.jpg,red_0197.jpg,Red,6eb5eae72da614130ae8b545e87d6eaa69d28d5f419f508aebd1e49a542a9d89,4fafb8664e53e896671f04e7ff0b97ecf59d0fd7260bf44de4cbb3c399cdd24e,3713,False,,100,100,RGB,clean_retained,,test,data_soil/test/Red/red_0010.jpg
data_soil_raw/Red/red_0198.jpg,red_0198.jpg,Red,fcaa4a3cbfb0a424848968b41dd614521a34c9ecafe1e3ade600c77894a34cd4,c09a60b3abdba684335020b09db1449b915c7926138b119d7c29620a2307ca66,15954,False,,275,183,RGB,clean_retained,,test,data_soil/test/Red/red_0018.jpg
data_soil_raw/Red/red_0199.jpg,red_0199.jpg,Red,858d64c70706b946c179f951727accaad28c16db89b2d73469c1b186e0ce4c0b,9b49f7c477c8a014a0662619bdcdb4df9abac948fb80a4064f1d7cdd3ea7b520,11953,False,,194,259,RGB,clean_retained,,train,data_soil/train/Red/red_0069.jpg
data_soil_raw/Red/red_0200.jpg,red_0200.jpg,Red,c5bfb4cc3bd9b85ae18370da67026a9efd064e8f63d7757d86d84f2c53133c48,0a7b2b1ae3990d531e21decb4f857876c93b35b86d9bac4053fda8bc3c243465,4133,False,,259,194,RGB,clean_retained,,train,data_soil/train/Red/red_0006.jpg
data_soil_raw/Red/red_0201.jpg,red_0201.jpg,Red,c19cfc94f907ccaa6db4ac43d15b51bbf9c45022bfa32c14862b9bf8e962279e,e47c174a5558d6b9a1d8396b564e254ea441071d38cc3a1fac735dd24dd8e7a1,12457,False,,275,183,RGB,clean_retained,,train,data_soil/train/Red/red_0106.jpg
data_soil_raw/Red/red_0202.jpg,red_0202.jpg,Red,68000a1498c9290ad9c7c03c29a817ea12df70f6e80cf57d9f4a22bb79c18155,e36b98fdcf5eafc832ea3ad40c1a4f6ef8c264b438d9f87a9b95371c3f3c924a,15804,False,,209,242,RGB,clean_retained,,train,data_soil/train/Red/red_0105.jpg
data_soil_raw/Red/red_0203.jpg,red_0203.jpg,Red,cb9fc0a4bcfb9fffa39bd192543038ca3ec13f2bf9c79f5db49fe0bdf8282e55,e4d65f956db2d3a0d9a12f098f269acb182e1a517ec341b969cddfbe2ed49fff,9456,False,,194,259,RGB,clean_retained,,train,data_soil/train/Red/red_0107.jpg
data_soil_raw/Red/red_0204.jpg,red_0204.jpg,Red,bc96146a6871e33d8e15a51d0b8ac6958b710e1183cf116398f3e6229b8dbe01,ca64c365e59efd214dfc5d44b60131a50b433e15b445d221cca55fdc09f09a71,9428,False,,327,154,RGB,clean_retained,,val,data_soil/val/Red/red_0020.jpg
data_soil_raw/Red/red_0205.jpg,red_0205.jpg,Red,671eb5de9762dc4a70ebe3b7c8d037aa77449d8d1f2de1d08473f8004b1ccbc2,29b314f7b388d4920698d1f7ecc0eb35a7e8a9d773519aaf912523b6da0cc355,12569,False,,275,183,RGB,clean_retained,,val,data_soil/val/Red/red_0007.jpg
data_soil_raw/Red/red_0206.jpg,red_0206.jpg,Red,d0316b3f242974f9caf0aaed9fa74fb5b012b211925dcabf29eded27ff0668e0,382fadd648c4c94c2e566e8463d40fb7113408c47aead90cb7250431fa7a8b25,11246,False,,321,157,RGB,clean_retained,,val,data_soil/val/Red/red_0008.jpg
data_soil_raw/Red/red_0207.jpg,red_0207.jpg,Red,196be6c1f1dc9c4671f5fee4f1333bb61f3d23d6cdef6105cfc01bd674d7b451,46690073003b68b8c4a8fc163403465ecdc6d8a5ff1466bc007501976e8dcc18,15838,False,,225,225,RGB,clean_retained,,train,data_soil/train/Red/red_0037.jpg
data_soil_raw/Red/red_0208.jpg,red_0208.jpg,Red,8ef32ea0522b108f626f4e3f31b1228ae8bc9aff89f34629540fd4cf65b983f6,bc8aac8aecee232ed3c0b4ecca91cd1dae5b74e0a475fc6625acaf1464ef0d89,6780,False,,275,183,RGB,quarantined_exact_duplicate,Exact pixel duplicate of canonical file data_soil_raw/Red/red_0092.jpg,,
data_soil_raw/Red/red_0209.jpg,red_0209.jpg,Red,3519a416697b524095b96b885f71a7a18135046508de4512e94efb482f6520f7,411a7449771baa85009b36b79367d9ed682d7b59d3b7aa478af3292a59a8058c,2614,False,,100,100,RGB,quarantined_exact_duplicate,Exact pixel duplicate of canonical file data_soil_raw/Red/red_0093.jpg,,
data_soil_raw/Red/red_0210.jpg,red_0210.jpg,Red,5f6baa11910cd2ba4a1807f9a4f818878ebcaafb72f8b53abc9dc8fe42a70837,4b07f90490449de36556e5939ef96985ffec6bd1dac6e2c7fb2d01a3be95dd3e,4238,False,,100,100,RGB,quarantined_exact_duplicate,Exact pixel duplicate of canonical file data_soil_raw/Red/red_0094.jpg,,
data_soil_raw/Red/red_0211.jpg,red_0211.jpg,Red,11bb7c48a1df31cd6bfe48b72d9bd76438e37a698ef9fe4a0ab7685758c5522e,507a5821f25f180a1ee037f4ff6f52044c86885ff67e27a50fbba57992e218dd,9898,False,,259,194,RGB,quarantined_exact_duplicate,Exact pixel duplicate of canonical file data_soil_raw/Red/red_0095.jpg,,
data_soil_raw/Red/red_0212.jpg,red_0212.jpg,Red,baa04137680d2197362a7d11ca1c69fcefd06b83374a75b63a7cfbf2ef31be01,871be2fd95285d9b8b8ca610694aee9e637f5428a1855e0a71792269f6606df4,16275,False,,201,251,RGB,clean_retained,,train,data_soil/train/Red/red_0062.jpg
data_soil_raw/Red/red_0213.jpg,red_0213.jpg,Red,56d1faae3ad7dd6a252d67e6bb91a7f9010fc614a63c2c810529d05ba55586c9,a621b42f6650f95f7e82652d90d7de0e15f25e356c9205cf7519e3a4dcc56626,19904,False,,193,262,RGB,quarantined_exact_duplicate,Exact pixel duplicate of canonical file data_soil_raw/Red/red_0096.jpg,,
data_soil_raw/Red/red_0214.jpg,red_0214.jpg,Red,aa80ed414602d38a4467777978b944f25484595cf124cfceb13596b83c5bb6df,8ed7b0f2190627105711619c2aa113711f3c7dbb89e9cd534cdb763efc86efd0,2492,False,,100,100,RGB,quarantined_exact_duplicate,Exact pixel duplicate of canonical file data_soil_raw/Red/red_0023.jpeg,,
data_soil_raw/Red/red_0215.jpg,red_0215.jpg,Red,fbc9b55197ce853d026268d64807faa6c28e0408ef7bfa7a47c3b48ddc9c2499,31f740218f40f5486f1ef0c68f9a4618c4f7d59bb121402e7e7a89c671b5fdd1,9791,False,,198,254,RGB,quarantined_exact_duplicate,Exact pixel duplicate of canonical file data_soil_raw/Red/red_0098.jpg,,
data_soil_raw/Red/red_0216.jpg,red_0216.jpg,Red,052db6dc5e833289a9b516cd7af7199b0bf49ca92007d97c705bff45484c8b04,5c0523698018e892a7464c06e608e75051afeeb8ec861ebc65ed65304005ffee,7849,False,,259,194,RGB,clean_retained,,train,data_soil/train/Red/red_0049.jpg
data_soil_raw/Red/red_0217.jpg,red_0217.jpg,Red,0d204a1dd0dcbe762e7ae78f331d95e7088ca6929b682e2c4354758ce5b399b7,fe844180832dbd3cdaff2eea45e281f25ed85de5100ddbd9feb2c9c0073ea922,9693,False,,275,183,RGB,quarantined_exact_duplicate,Exact pixel duplicate of canonical file data_soil_raw/Red/red_0099.jpg,,
data_soil_raw/Red/red_0218.jpg,red_0218.jpg,Red,70f305d4d7829faf6f7d0b6f516999744df53e1f27f9fa44759ec166d618d211,a4274300ca72fe050331f63c312659641546f315b2b28a1ab0b20ea59dbdeba4,9148,False,,259,194,RGB,clean_retained,,train,data_soil/train/Red/red_0075.jpg
data_soil_raw/Red/red_0219.jpg,red_0219.jpg,Red,bc11e397c68188f1e9d2d0021ee6ad9da56425ddcf5a910d0755d1dc7d8f7d6e,32afb572a49be7462015c43a0339cf013220816160525c7d2cb3b0e781ff9e32,13649,False,,250,202,RGB,clean_retained,,train,data_soil/train/Red/red_0024.jpg
data_soil_raw/Red/red_0220.jpg,red_0220.jpg,Red,1f3e08ef3fba442edbdbfe9f3345b79b5480c6127361a7d37380e7d543859cff,bb641b6d81dfaecb86a7a9b7a135391834a407588c9f4f2f0b50a34a87485d7f,12288,False,,275,183,RGB,quarantined_exact_duplicate,Exact pixel duplicate of canonical file data_soil_raw/Red/red_0042.jpg,,
data_soil_raw/Red/red_0221.jpg,red_0221.jpg,Red,5285d77a482138116502ef623cd8f830a37e5b8a4dcf8a157607735767cd97ac,d5eaab00504bf55731a8cd543ae69a48e996140a03e32e40244beae254b24fa7,4129,False,,100,100,RGB,clean_retained,,train,data_soil/train/Red/red_0100.jpg
data_soil_raw/Red/red_0222.jpg,red_0222.jpg,Red,f26c08b9f1cc276dd5154357f0dc6b030a5688b8787de9989e0bf1c5632be6b4,ee541c3c036ccfbf1898756cc3407069f828269319ef81c9bc968ac572652712,2525,False,,100,100,RGB,clean_retained,,test,data_soil/test/Red/red_0025.jpg
data_soil_raw/Red/red_0223.jpg,red_0223.jpg,Red,b2077e6593ce7b3397f1b01492306785a8927afcd88977a7d695d8ceaa260b98,1524b1b72d4d16f173f93dc62168c70535efa8bf1d4d7bac5a1ba95e525fe68d,11237,False,,275,183,RGB,clean_retained,,train,data_soil/train/Red/red_0010.jpg
data_soil_raw/Red/red_0224.jpg,red_0224.jpg,Red,f42f4143cd94fb4cf309146b02300bdf9e6d034068bd0cf44410c3dc9c6fb0ee,94d2405e6746c52c6f46ed6baba56f7047be9b6b46f81e9f4dca4ce77d4b0164,14098,False,,225,225,RGB,clean_retained,,train,data_soil/train/Red/red_0067.jpg
data_soil_raw/Red/red_0225.jpg,red_0225.jpg,Red,472f3429b48f50372de0afd4629bc1be7f408e6af7a5a960d5a5e4b14d3143a3,5405757b74b84ec0ee30b4185449c671133adbeed128f175d1496d34fefed2f0,9958,False,,259,194,RGB,clean_retained,,train,data_soil/train/Red/red_0045.jpg
data_soil_raw/Red/red_0226.jpg,red_0226.jpg,Red,3b74cf3b26a6ecc5602de6f9b728e0d9091eacbb2cd9643122d6d7492533676e,38d97d982ce19f94f322bc2d3ce31585f45d896a0991fcabda5ce0ffb94d0ebd,7951,False,,246,205,RGB,quarantined_exact_duplicate,Exact pixel duplicate of canonical file data_soil_raw/Red/red_0084.jpg,,
data_soil_raw/Red/red_0227.png,red_0227.png,Red,0e76c2e8a00e7d78cb22bff5e72095e4a5fb7a5351bb9b3b93bf5973803275b1,e6f85da84fa1c89baa07f1a9fc2e09b076fa100e0d53468377f272b0515eaed2,80523,False,,259,109,RGBA,clean_retained,,val,data_soil/val/Red/red_0024.jpg
data_soil_raw/Red/red_0228.jpg,red_0228.jpg,Red,2b4edadacf4965126d65495acbc9c5bc6492d938da33ba900ba548a129d1720b,bff97a08d739f851eceadbc8bd8795a66301af2255a40fd174a4d10167a98d62,9407,False,,275,183,RGB,clean_retained,,train,data_soil/train/Red/red_0090.jpg
data_soil_raw/Red/red_0229.jpg,red_0229.jpg,Red,67eaf19d781ea5189e155f4dd43359fefbd26976e5d47a35da79651728549277,5aa4d4e1b9552ca8c1f65af347d21d71bdcfbf0e98578d8aa71cc7a9551c7342,9369,False,,259,194,RGB,clean_retained,,train,data_soil/train/Red/red_0048.jpg
data_soil_raw/Red/red_0230.jpg,red_0230.jpg,Red,431090134aebcbeaea923567f33dc1fa5c8e3c60058b5a3054cc7ab0f3f5ef0c,0374c7a6ec95c887a53aae385b9c2e1c1e83e5ab34422738a8db857f5039fe3d,8655,False,,282,178,RGB,clean_retained,,train,data_soil/train/Red/red_0003.jpg
data_soil_raw/Red/red_0231.jpg,red_0231.jpg,Red,035ae59acc7e859979cd5e5779e37c2c7218150458b4a4771a3e624524038349,a7ed3f66563559918e384079105090cfd37a89f1e545d6be90d34c457352115f,14783,False,,275,183,RGB,clean_retained,,train,data_soil/train/Red/red_0079.jpg
data_soil_raw/Red/red_0232.jpg,red_0232.jpg,Red,11d8dbb52361c1ce5024977cc58fd2422cba3f921d5748a6ae548fc4b7920076,7bb23ce4e6f1caea49dae88bc792e338a357fab4df890eea112dcf2385701997,12227,False,,194,259,RGB,clean_retained,,train,data_soil/train/Red/red_0059.jpg
data_soil_raw/Red/red_0233.jpg,red_0233.jpg,Red,7f481166e99df0558ac88eee2ea2b8f72f78842ad38286d15a5a08d32d493ef7,fb1c03e4ca30d6fe31cd1b04956d2cfac0a02fe06b990e2d3dc4c66f6899dd37,3402,False,,100,100,RGB,quarantined_exact_duplicate,Exact pixel duplicate of canonical file data_soil_raw/Red/red_0043.jpg,,
data_soil_raw/Red/red_0234.jpg,red_0234.jpg,Red,bae84700aaac61a4b1d1b2f3169f42533896980fdeedab52c2d96188316e0237,57dc9804c9427cde5ddb4df8c3459aa705fb68e059e1986c866b1a2753849d92,16290,False,,259,194,RGB,quarantined_exact_duplicate,Exact pixel duplicate of canonical file data_soil_raw/Red/red_0044.jpg,,
data_soil_raw/Red/red_0235.png,red_0235.png,Red,84af96a7a630b38085b96979c92bd19e329e1301b712d356b668fabd81cb352b,2a395010a1501374491fc0e378fe6654c54871133920be4de8396431642ccb63,251715,False,,390,259,RGBA,quarantined_exact_duplicate,Exact pixel duplicate of canonical file data_soil_raw/Red/red_0100.png,,
data_soil_raw/Red/red_0236.png,red_0236.png,Red,6686bde7a6d1801319bbf74df6b63694c71fd239f7360746db234c4668eec36a,cf85ae687912ca5b50ed7a5db0b225094171e2e784930a7a8eca9e7f3f05764d,504272,False,,600,600,RGBA,quarantined_exact_duplicate,Exact pixel duplicate of canonical file data_soil_raw/Red/red_0101.png,,
data_soil_raw/Red/red_0237.jpg,red_0237.jpg,Red,684c7856dd49def694fb3bcab6cf286e00c3547cbf708ba8c8451045546994ad,ae4b76d5350aa4786dcf2657860a80fb2871032b24b4821e6598cbc2a1ae7a97,32707,False,,500,500,RGB,quarantined_exact_duplicate,Exact pixel duplicate of canonical file data_soil_raw/Red/red_0102.jpg,,
data_soil_raw/Red/red_0238.png,red_0238.png,Red,e22e390cc2887e3acbeae381cf00f6419f67b5c8f279c1f48c51c8bd4d1055da,9e0751eeb5641afd4d30b997d67ba3248675a83e2107b0c62f25334004f9b0de,449546,False,,371,500,RGBA,quarantined_exact_duplicate,Exact pixel duplicate of canonical file data_soil_raw/Red/red_0103.png,,
data_soil_raw/Red/red_0239.jpg,red_0239.jpg,Red,27e6b7551be7a130cbc7cd4d6c27f3914fffc6b3ed8f92ddd4d8d85dac2fc622,265f0330e9e5e654405ee4fec863b0d6d763a126e35aaf3bd4fcbb9c0a4d1674,263219,False,,800,533,RGB,quarantined_exact_duplicate,Exact pixel duplicate of canonical file data_soil_raw/Red/red_0104.jpg,,
data_soil_raw/Red/red_0240.jpg,red_0240.jpg,Red,d64989da2bd7db5b64b673c73a3ed1965a66caba3a24e3145eef41cabcf11bd3,e0b19bc0c80fd2484b80a507e0a4522e5168d4d61ee9a0c78e3978989a442d91,194598,False,,700,700,RGB,quarantined_exact_duplicate,Exact pixel duplicate of canonical file data_soil_raw/Red/red_0105.jpg,,
data_soil_raw/Red/red_0241.jpg,red_0241.jpg,Red,bb4a6bbf190ed2ef3882bbe7365db898a7ae720c6f37ae5d7dc53c113f02dabf,4ed07842018b2c68a3777b23a827a72b51b64d259500651818cbe15afce5f4b0,100411,False,,885,560,RGB,quarantined_exact_duplicate,Exact pixel duplicate of canonical file data_soil_raw/Red/red_0106.jpg,,
data_soil_raw/Red/red_0242.jpg,red_0242.jpg,Red,cf7ed6865842e3a09174eab9b022530d6d97b497a20b1cc6d868ab46fd4f9c73,27d0b5e2c904e8c258de53e2ee9a0fe9c1401295b759b56742239449d5fb422b,144743,False,,800,530,RGB,clean_retained,,train,data_soil/train/Red/red_0018.jpg
data_soil_raw/Red/red_0243.jpg,red_0243.jpg,Red,3afb1f991ec44a7e8fd72d13a19078c718459dee1290b4193fd92e3464f4837a,1fc28de4ba2e70f94d0472316af0f28183b82bb2a3be414e56dc2198a8901650,575097,False,,2560,1920,RGB,quarantined_exact_duplicate,Exact pixel duplicate of canonical file data_soil_raw/Red/red_0045.jpg,,
data_soil_raw/Red/red_0244.jpg,red_0244.jpg,Red,ef9b9d9b722dc7887c56cf7056f7a1ecffbbc7cffd54cd5037dda54f72893ab8,2d3908a69543ffdb2e731dc6ed7822dc6d7ce5533dd76b3ad797e40f70aa1da0,65259,False,,640,480,RGB,quarantined_exact_duplicate,Exact pixel duplicate of canonical file data_soil_raw/Red/red_0046.jpg,,
data_soil_raw/Red/red_0245.jpg,red_0245.jpg,Red,55eee5ed795e49dee91a348d97b385688ab869b102aac86d8b005011866d2ac5,23ee25d3f13abe6465b0fa69fe8cfa3bf9569f98e875043bc01df4345b643d82,6536,False,,265,190,RGB,quarantined_exact_duplicate,Exact pixel duplicate of canonical file data_soil_raw/Red/red_0047.jpg,,
data_soil_raw/Red/red_0246.jpg,red_0246.jpg,Red,21482af1b9d5350aa462f62011cc3a9f933491cf14555da46bd757aeb4cf33df,7e2de511c638e4972a70d4eacbfd0bffd0dd136cfb3dbb30665f595f9545ae0a,12400,False,,275,183,RGB,quarantined_exact_duplicate,Exact pixel duplicate of canonical file data_soil_raw/Red/red_0048.jpg,,
data_soil_raw/Red/red_0247.jpg,red_0247.jpg,Red,fd234af70a2447ead7988f8f1c83a109cfe25330c44e33e7da32f127bbf9da5f,ca6c13672632149a31bcba2a42e9cddb98417c9c4b22add286315203582a2943,25326,False,,300,90,RGB,quarantined_exact_duplicate,Exact pixel duplicate of canonical file data_soil_raw/Red/red_0049.jpg,,
data_soil_raw/Red/red_0248.jpg,red_0248.jpg,Red,d583364c125986808c199e80b30f5671df588083a41532b4793dd2272d1bf16e,17f6acda3cf51c0778a9f9bb28c1a746396c20768d43939f4c47376f36413422,32723,False,,219,124,RGB,quarantined_exact_duplicate,Exact pixel duplicate of canonical file data_soil_raw/Red/red_0050.jpg,,
data_soil_raw/Red/red_0249.jpg,red_0249.jpg,Red,f2941ce34520477e9aa3d9b50112061cf0f2dc7fb66285b9865cae3f843565b9,1a98eee5e11447dd9d3ce6069c1fe6b1368b2d26e3e541923aea6a4660af941f,19594,False,,225,225,RGB,quarantined_exact_duplicate,Exact pixel duplicate of canonical file data_soil_raw/Red/red_0051.jpg,,
data_soil_raw/Red/red_0250.jpg,red_0250.jpg,Red,40f56f3ad6c886d370d52044731c410761d43059120ebc28c6d648425efa3f92,6f5da088ecd4cb9a4b2bfb5751904b7aef4a7e7fc52d6264bc11908b7c1cb36d,9397,False,,279,180,RGB,quarantined_exact_duplicate,Exact pixel duplicate of canonical file data_soil_raw/Red/red_0052.jpg,,
data_soil_raw/Red/red_0251.jpg,red_0251.jpg,Red,0dfb405358d43d94bdd303f17e5b2365d18899602ad1cd65e3316db52dc31d07,1be661c3038f5e66d8b66faff8aa0c6dee9923e39dd1961c8b150ed1afb1899f,6720,False,,275,183,RGB,quarantined_exact_duplicate,Exact pixel duplicate of canonical file data_soil_raw/Red/red_0053.jpg,,
data_soil_raw/Red/red_0252.jpg,red_0252.jpg,Red,d500db5f9cb5e37c861c1f8e312ac80b20f122f242cc5396651ae770ff24c777,2cb40412f0ee8bd263deffe9a2c33ec7efbc57a1de937b7fe03f9ddcd1d3fc26,39016,False,,238,115,RGB,quarantined_exact_duplicate,Exact pixel duplicate of canonical file data_soil_raw/Red/red_0054.jpg,,
data_soil_raw/Red/red_0253.jpg,red_0253.jpg,Red,26ab268b2b55ac5cb54c277dbb431312e6bd5865023211027203cdc7fe342c99,8f47b2c099e8fdd6d18fd1c72d9a1e2f6cc74a8fa85cb49be0a221c9a7880060,31686,False,,286,82,RGB,quarantined_exact_duplicate,Exact pixel duplicate of canonical file data_soil_raw/Red/red_0055.jpg,,
data_soil_raw/Red/red_0254.jpg,red_0254.jpg,Red,a87057b32b3653e0c71a5344ee43e09b83f1e9183a1e392456fdaa1003c7b5f2,65c742bbae5443fa6a4299ec35160d08d0aa22a2a9e1093b776970bb3a7c10cf,14656,False,,275,184,RGB,quarantined_exact_duplicate,Exact pixel duplicate of canonical file data_soil_raw/Red/red_0056.jpg,,
data_soil_raw/Red/red_0255.jpg,red_0255.jpg,Red,e420b276f0cd642c98673b07d7d16341f43772a6e3ef656f8c2667c7d9cfe058,d435f48d695e2df755ab92658fe48dda77bca43b4560d79e02a495a0b938a259,38081,False,,274,91,RGB,quarantined_exact_duplicate,Exact pixel duplicate of canonical file data_soil_raw/Red/red_0057.jpg,,
data_soil_raw/Red/red_0256.jpg,red_0256.jpg,Red,4af42c9b619f545706c1fec2a35276883ad73a685f8604c2f21cdef0358bd456,077d715064a847917ba74285975e25866d43ffd37f50ded00ca501ab51fba45e,34500,False,,272,98,RGB,quarantined_exact_duplicate,Exact pixel duplicate of canonical file data_soil_raw/Red/red_0058.jpg,,
data_soil_raw/Red/red_0257.jpg,red_0257.jpg,Red,9a3282b2e429d870c0c83e5726de63cbc7c12e348ff63d722344a6efbcdac434,cda2595b5c42d4201c781768c50ab53a1e044296a89468b8ea22d19850e94bf3,11421,False,,200,198,RGB,quarantined_exact_duplicate,Exact pixel duplicate of canonical file data_soil_raw/Red/red_0059.jpg,,
data_soil_raw/Red/red_0258.jpg,red_0258.jpg,Red,1222c791dcecc5746d54a84d974cabed239d9c418a8da0b408d77cff1ef67a32,bab2d564dbdde89765ae7b796a9e49a335b265e4261fbeacae506a7385f1fb0d,40227,False,,145,169,RGB,quarantined_exact_duplicate,Exact pixel duplicate of canonical file data_soil_raw/Red/red_0060.jpg,,
data_soil_raw/Red/red_0259.jpg,red_0259.jpg,Red,557855464d322f8397e0cb2ea77913343aab978c2c6b5c14774162c73596cad8,32d3448df9bebfd13adbaae303cd4e68bf4524c9d7810d364a6346ca09565838,11496,False,,275,183,RGB,quarantined_exact_duplicate,Exact pixel duplicate of canonical file data_soil_raw/Red/red_0061.jpg,,
data_soil_raw/Red/red_0260.jpg,red_0260.jpg,Red,830cc04fb1a4bb00477f440ec7e8ad9d463b6e47396e753e30557a5330152f66,12f3df3407a80d36246c7c046a50086b820fda23bc0212902e7237b0c2ae5b27,8984,False,,275,183,RGB,quarantined_exact_duplicate,Exact pixel duplicate of canonical file data_soil_raw/Red/red_0062.jpg,,
data_soil_raw/Red/red_0261.jpg,red_0261.jpg,Red,fd4ed4f57ce81a22deb8d4d97ae0755018a74100b003ccde7392d83730fc01fe,897ba330b3a40978b51d1dff4876a9eb6c887b6d41a0e53431f327761d8c038d,42614,False,,147,172,RGB,quarantined_exact_duplicate,Exact pixel duplicate of canonical file data_soil_raw/Red/red_0063.jpg,,
data_soil_raw/Red/red_0262.jpg,red_0262.jpg,Red,715d132f8b0f9a906d8607e32fbbd2e6cd7c5126a610c699e7e068143daa094b,f05f30d63c64b311c02f44f9aec1cb8572e9a8468bc58b499c016c9f6d3308d3,10359,False,,240,160,RGB,quarantined_exact_duplicate,Exact pixel duplicate of canonical file data_soil_raw/Red/red_0064.jpg,,
data_soil_raw/Red/red_0263.jpg,red_0263.jpg,Red,00ae6dc0b781d3ea5cf618cc4510b3eafee12026022b01ebf0c5d9f4c8c38630,8c6a4aaae627259a15c3c0344e4de087d43d4b1df8a603894f5c466b8e4808f5,40452,False,,287,116,RGB,quarantined_exact_duplicate,Exact pixel duplicate of canonical file data_soil_raw/Red/red_0065.jpg,,
data_soil_raw/Red/red_0264.jpg,red_0264.jpg,Red,4d4caa4f84d2655ffa8215e665e2898148f69badf07881c14a37e55a6816f993,d4b84e6e3eea94e558c3e77de1717b4cf8470987acc61af46b1d7cac7aede018,43519,False,,256,129,RGB,quarantined_exact_duplicate,Exact pixel duplicate of canonical file data_soil_raw/Red/red_0066.jpg,,
data_soil_raw/Red/red_0265.jpg,red_0265.jpg,Red,ee753adf630ca051052553f20be450f2105a1e6eff34b6effaae5799385935b3,33c913110f804a9b221d7c4d94dfec540a32a0d0f5650b1d2b1c6c19f449342f,27474,False,,197,64,RGB,quarantined_exact_duplicate,Exact pixel duplicate of canonical file data_soil_raw/Red/red_0067.jpg,,
data_soil_raw/Red/red_0266.jpg,red_0266.jpg,Red,e3e1c9bc73bfcf840693bfa32b05fe8515f1bd31955bdf7704c4566789afd885,d3e4fd51f70ace01769ecc7de78d01c51061f8834c000e7776609840be055d21,11334,False,,184,274,RGB,quarantined_exact_duplicate,Exact pixel duplicate of canonical file data_soil_raw/Red/red_0068.jpg,,
data_soil_raw/Red/red_0267.jpg,red_0267.jpg,Red,6841315183e127cbe306c3f6523f90b5b4947592f9746d7871d680b47f5bbd2f,c6e80abbe0e78d4e2ffaa1abf40bfb97e12b5ffd9fc887710d917026fe20a060,35403,False,,201,133,RGB,quarantined_exact_duplicate,Exact pixel duplicate of canonical file data_soil_raw/Red/red_0069.jpg,,
data_soil_raw/Red/red_0268.jpg,red_0268.jpg,Red,86629402af3bd50264910ea3b1e5d546a68abb855a74cb2cd7abce4fc72bd6a5,ff3ce36fb2928639fd496b4c2cc3290a77371a3fceeccf0a468d49678178c8ea,38561,False,,272,113,RGB,quarantined_exact_duplicate,Exact pixel duplicate of canonical file data_soil_raw/Red/red_0070.jpg,,
data_soil_raw/Red/red_0269.jpg,red_0269.jpg,Red,427a86bafd4759291d02f2b8a08bb49f23d235441e87b53ac1ce49a7d3a5fdc0,6e2de9fefbe9679f2f1aba2ceac18070f15bcf0044239e031d8fb34871e58d87,15138,False,,260,194,RGB,quarantined_exact_duplicate,Exact pixel duplicate of canonical file data_soil_raw/Red/red_0071.jpg,,
data_soil_raw/Red/red_0270.jpg,red_0270.jpg,Red,9a6896d6e296cb3c71b263e7d4c69824d545e3cc7b9f4f7df1f3e6de090b2fb0,2e75dfc3c2bf67bdc3b6cc154a7515970869581db594ea032c1a39fbe28e72d2,8003,False,,368,137,RGB,quarantined_exact_duplicate,Exact pixel duplicate of canonical file data_soil_raw/Red/red_0072.jpg,,
data_soil_raw/Red/red_0271.jpg,red_0271.jpg,Red,3a85f10a4bed7f114dcebcb29e0d6c1d31fd1f0930e93b3c73ced1c111f1de0c,46472b0cb18fb64a33571ab80d54df3bc3f261816044f74aba49b611c24a9776,9136,False,,225,225,RGB,quarantined_exact_duplicate,Exact pixel duplicate of canonical file data_soil_raw/Red/red_0073.jpg,,
data_soil_raw/Red/red_0272.jpg,red_0272.jpg,Red,e5525d51d559cc2e1dac60f5ca3972e71628e6f1819192684bc322bd0529fb3f,8f00282a6e71f3b9449cb81fc4f935c89be5ae18b9d185f56a571d0bd41c89b7,37816,False,,193,183,RGB,quarantined_exact_duplicate,Exact pixel duplicate of canonical file data_soil_raw/Red/red_0074.jpg,,
data_soil_raw/Red/red_0273.jpg,red_0273.jpg,Red,6d64fba6128bfbeaedc745e130f02149c254aeba9693cedb4210e8d59c2e7690,734d9dde67cf75d98f26dde23654ab78f52e37e0db9e69254928005b8c430e52,333,False,,300,168,P,quarantined_exact_duplicate,Exact pixel duplicate of canonical file data_soil_raw/Red/red_0032.jpg,,
data_soil_raw/Red/red_0274.jpg,red_0274.jpg,Red,a29622904ca392354b5ff64c468d2c5243cc260ac9313e2e71cf582a50681d3f,a89a07313abb3c799fb7209df6fb60bcc16d25b43c58a2b47409e40fd1f63aa2,14554,False,,275,183,RGB,quarantined_exact_duplicate,Exact pixel duplicate of canonical file data_soil_raw/Red/red_0076.jpg,,
data_soil_raw/Red/red_0275.jpg,red_0275.jpg,Red,0404940aff5680aa8a52e12fc9f7f37caae05065d3e5a8387776ce9575757416,f4a5ca31e0b40810205e8059ba5ec0027395b26a309fb89573711c1a9ab23e54,2481,False,,100,100,RGB,quarantined_exact_duplicate,Exact pixel duplicate of canonical file data_soil_raw/Red/red_0077.jpg,,
data_soil_raw/Red/red_0276.jpg,red_0276.jpg,Red,38d4f48b3131ea9ec1a2f54162fb9c18d0462b2b848d40f73bbeb159c367d965,bc970dbec56b6374e3fc85557eb393a17a651b2a5bdf273eefbc7c1216d82980,2370,False,,100,100,RGB,quarantined_exact_duplicate,Exact pixel duplicate of canonical file data_soil_raw/Red/red_0078.jpg,,
data_soil_raw/Red/red_0277.jpg,red_0277.jpg,Red,c560e34060f82b7bfba60a523cf8dd1aac86559ebf71121b09dae528f0c5fb91,ea055e5b128d47e20ca4d3e9d388c96f182c9ade0de9f16bfe86fa278bbaf7bc,6519,False,,260,194,RGB,quarantined_exact_duplicate,Exact pixel duplicate of canonical file data_soil_raw/Red/red_0079.jpg,,
data_soil_raw/Red/red_0278.jpg,red_0278.jpg,Red,e920c7a72cfeb6804c3f15663e023eee2a2d07ed7cfcdd6829bda98350a0d70e,f1ca612eef34ffb29a0bad3926b4d894dd3719f3bf456ccadbc2945cbab707ba,35979,False,,266,118,RGB,quarantined_exact_duplicate,Exact pixel duplicate of canonical file data_soil_raw/Red/red_0080.jpg,,
data_soil_raw/Red/red_0279.jpg,red_0279.jpg,Red,3c7f4ee81897507b7e1fc07ab779a2b6974ead621b2a06ed6c94ea92d4f84908,ac7983df2773de01efa50792d89316b860b3738409ab6e78bf5042c038691938,9597,False,,193,261,RGB,quarantined_exact_duplicate,Exact pixel duplicate of canonical file data_soil_raw/Red/red_0081.jpg,,
data_soil_raw/Red/red_0280.jpg,red_0280.jpg,Red,c4bc5d58a4d59d6839ee7d540fb19e121b15a1853abba1a76ffd4dcfc6a5388b,8300604b747e6c8b409c20c4cc0e6f9ac35fa535f3eded8c7b26cd5ce5a9d371,40636,False,,255,140,RGB,quarantined_exact_duplicate,Exact pixel duplicate of canonical file data_soil_raw/Red/red_0082.jpg,,
data_soil_raw/Red/red_0281.jpg,red_0281.jpg,Red,887d2ee96668dea5bbbe34986b13c392e1712c72396aa638eb28017a4f33695f,41144633d940ccfcd08efbe5f8d8e615bbc7c41265baae1e7f34743b27fa53e5,4359,False,,100,100,RGB,quarantined_exact_duplicate,Exact pixel duplicate of canonical file data_soil_raw/Red/red_0010.jpeg,,
data_soil_raw/Red/red_0282.jpg,red_0282.jpg,Red,3b74cf3b26a6ecc5602de6f9b728e0d9091eacbb2cd9643122d6d7492533676e,38d97d982ce19f94f322bc2d3ce31585f45d896a0991fcabda5ce0ffb94d0ebd,7951,False,,246,205,RGB,quarantined_exact_duplicate,Exact pixel duplicate of canonical file data_soil_raw/Red/red_0084.jpg,,
data_soil_raw/Red/red_0283.jpg,red_0283.jpg,Red,8627a98493faf72458bfdcd0e7cd872aa1d10b07bb902a7e3a26c87c9e04f0bd,a0214c5ebda92be8e0807497449ab0ee60fdbcb5e35103ef4f20b83c5cdb9005,13089,False,,260,194,RGB,quarantined_exact_duplicate,Exact pixel duplicate of canonical file data_soil_raw/Red/red_0085.jpg,,
data_soil_raw/Red/red_0284.jpg,red_0284.jpg,Red,8347d9d42d215fd33deebff2612de5a8b86ac32da17450b7158454acfcc79372,d944139e20f3c5d24ea225968e54dfc3e9994ddcdc15db9f77c6de3f2ef35603,18884,False,,259,194,RGB,quarantined_exact_duplicate,Exact pixel duplicate of canonical file data_soil_raw/Red/red_0086.jpg,,
data_soil_raw/Red/red_0285.jpg,red_0285.jpg,Red,6a86c990234f77bf91885cb65bf4e800f033a19794b852451607d46dda9005d4,3fc49a425bdcaa2579c010cc1a81bec4312f2acc75cf5f3427085d852326060d,28819,False,,255,57,RGB,quarantined_exact_duplicate,Exact pixel duplicate of canonical file data_soil_raw/Red/red_0087.jpg,,
data_soil_raw/Red/red_0286.jpg,red_0286.jpg,Red,c28ae12ba535aec88e23bf9f2c85f7a1a78a8acb8ac79a913184eb21a9202bd0,599714eaeec0739b0426a8b8e1570a80ce84044c5fa1a1b0153642532378a883,32014,False,,159,121,RGB,quarantined_exact_duplicate,Exact pixel duplicate of canonical file data_soil_raw/Red/red_0088.jpg,,
data_soil_raw/Red/red_0287.jpg,red_0287.jpg,Red,00580d746f7ac7d98a2b5400ed9d62653187d644ec305b8d2bb5b3133f241870,33ce27b246fef898abdf6e0d64aa5d33a32d5e3a72ca514f741d8d5288bc401f,73249,False,,728,728,RGB,quarantined_exact_duplicate,Exact pixel duplicate of canonical file data_soil_raw/Red/red_0089.jpg,,
data_soil_raw/Red/red_0288.jpg,red_0288.jpg,Red,02fa682458f2f5a295feb19b33b05cd2b98ccec79cb3441ca01e9c8500b062d7,9af7f1ff9ae9558b03c565ed5e7863d432e6023c6f578bda0661f27fee2d8e17,42864,False,,728,728,RGB,quarantined_exact_duplicate,Exact pixel duplicate of canonical file data_soil_raw/Red/red_0135.jpg,,
data_soil_raw/Red/red_0289.jpg,red_0289.jpg,Red,946a9e3540bf498db63e3e74988a6326c681a8ba4a52b3479b7b4423f80869f4,2fa430bfed734a82d76a0d90dc31c1d106ddb4f3933eb8700eee85cf243fc9f0,42807,False,,728,728,RGB,quarantined_exact_duplicate,Exact pixel duplicate of canonical file data_soil_raw/Red/red_0136.jpg,,
data_soil_raw/Red/red_0290.jpg,red_0290.jpg,Red,5c107a5ffef2bcd67ed73f114c39798bf5b29317326eb76c4c1024815588b7b4,1a19c603a3170c2a4b4ce7b2baca46fdda7361dde0e2ee03ee67c9f7c6a4d9b6,73239,False,,728,728,RGB,quarantined_exact_duplicate,Exact pixel duplicate of canonical file data_soil_raw/Red/red_0137.jpg,,
data_soil_raw/Red/red_0291.jpg,red_0291.jpg,Red,63f7e0b48d2f267c42178edd1bccc073e61b7127fa021b74bf6fbe8188687cac,98817ae84e504bb99f90680f34505313e49ed1a1634c17d08b78f20b4b4e5380,43193,False,,728,728,RGB,quarantined_exact_duplicate,Exact pixel duplicate of canonical file data_soil_raw/Red/red_0090.jpg,,
data_soil_raw/Red/red_0292.jpg,red_0292.jpg,Red,ddda7f782cceaba1c59bc7b7c1b87cd43f4424b705b8ae5bdf890d82f58f5958,46a69740f4ca6e9e7c2f527a24d74234e7cc567b44fb8e61c04e371a23d97a5d,43114,False,,728,728,RGB,quarantined_exact_duplicate,Exact pixel duplicate of canonical file data_soil_raw/Red/red_0091.jpg,,
data_soil_raw/Red/red_0293.jpg,red_0293.jpg,Red,e8b3427ecf68fddbfc6e4d9f80789b4d34bd63ce99591377eff0435627f7e4d0,4e1ab344c748e4a214b659a5f82d5d78a164bb1ba6a5e37a79bf6d88cd356111,72868,False,,728,728,RGB,quarantined_exact_duplicate,Exact pixel duplicate of canonical file data_soil_raw/Red/red_0140.jpg,,
data_soil_raw/Red/red_0294.jpg,red_0294.jpg,Red,4f6edace96c2c1ab19251c220ecfd6ef3cf18a0eacfc4442c0c5d7b0be730a47,378e9a6ec418a58de60f679b5efed6518058e4726d551b05a721a61c37c90de0,68711,False,,728,728,RGB,quarantined_exact_duplicate,Exact pixel duplicate of canonical file data_soil_raw/Red/red_0141.jpg,,
data_soil_raw/Red/red_0295.jpg,red_0295.jpg,Red,c28207f42390deed684a5ba51164c3f3b10b53222e6508a066ed53bbe3f640d0,e6d10bf56f9c2399737c25dca530d088310cf16805b429f7f3ca13d88b836a72,42943,False,,728,728,RGB,quarantined_exact_duplicate,Exact pixel duplicate of canonical file data_soil_raw/Red/red_0142.jpg,,
data_soil_raw/Red/red_0296.jpg,red_0296.jpg,Red,4ca6f2b0077c381b8d2cd9512ee6c276bc5382794318315e0415e7bb842f2bb0,6b559257ee902319213d8f13b7449890a03acbad4561e2356486b966d913b507,42885,False,,728,728,RGB,quarantined_exact_duplicate,Exact pixel duplicate of canonical file data_soil_raw/Red/red_0143.jpg,,
data_soil_raw/Red/red_0297.jpg,red_0297.jpg,Red,af6cd13ca5d6e3ad5f6678cd812bbd979c0fe469e7dc37393f700b28de1739b7,a33e56b02f5589483e0ff9547492e5b7b768e4d6434e686f001049b7719e88d3,68646,False,,728,728,RGB,quarantined_exact_duplicate,Exact pixel duplicate of canonical file data_soil_raw/Red/red_0144.jpg,,
data_soil_raw/Red/red_0298.jpg,red_0298.jpg,Red,e1605ad68e24f3872ec7b41c39f2bb97a72539228cd59dff287bc0daf066e638,60d22749128ff6e87f8a6dcc370ae91e2b42bfc5581f87c085c21621a7fede94,42955,False,,728,728,RGB,quarantined_exact_duplicate,Exact pixel duplicate of canonical file data_soil_raw/Red/red_0145.jpg,,
data_soil_raw/Red/red_0299.jpg,red_0299.jpg,Red,a26e35e5b891f3f4285ece1dc33616c115b7a1051c9e3331e33f065b029adda5,348625b7d3067359a2cb3ad0c268a43e31c3ea19463564793706fe97abefe2d1,43046,False,,728,728,RGB,quarantined_exact_duplicate,Exact pixel duplicate of canonical file data_soil_raw/Red/red_0146.jpg,,
data_soil_raw/Red/red_0300.jpg,red_0300.jpg,Red,f0d429ec6e85dfe9390f786fd49d2e3a1553dac1240838b763bde5a52cd86fa0,eb54c70bc0914f7beb28b9ba1278d5f8ab9b3665cacff6d62dfb71d11714c636,69197,False,,728,728,RGB,quarantined_exact_duplicate,Exact pixel duplicate of canonical file data_soil_raw/Red/red_0147.jpg,,
data_soil_raw/Red/red_0301.jpg,red_0301.jpg,Red,917c884805bd74e652e52953c28d97dc70ad3fb60e982f8b08554b26045f6940,194a64c0f08614541c41464fb28b635c762c07e991a75d5959e006f9d517a127,173736,False,,960,1280,RGB,quarantined_exact_duplicate,Exact pixel duplicate of canonical file data_soil_raw/Red/red_0005.jpg,,
data_soil_raw/Red/red_0302.jpg,red_0302.jpg,Red,4f50381e78c54b8cd57c9f4e3ad66bb29f5f3b5072a9328b09eef17e4961a60b,bbe6f7b6257eb0ef617b63a6270af1d2a5a57bb52b88056edb136b3153981c7c,172190,False,,910,683,RGB,quarantined_exact_duplicate,Exact pixel duplicate of canonical file data_soil_raw/Red/red_0149.jpg,,
data_soil_raw/Red/red_0303.png,red_0303.png,Red,4517863280c68da271cea9bd8b627516ca9a767957584f92bd8af8f16e8f8354,442b535d1dedbab9e78cf0544b36e2511e192744b583867b3ebfa33d37d81125,361736,False,,461,259,RGBA,quarantined_exact_duplicate,Exact pixel duplicate of canonical file data_soil_raw/Red/red_0009.png,,
data_soil_raw/Red/red_0304.jpeg,red_0304.jpeg,Red,887d2ee96668dea5bbbe34986b13c392e1712c72396aa638eb28017a4f33695f,41144633d940ccfcd08efbe5f8d8e615bbc7c41265baae1e7f34743b27fa53e5,4359,False,,100,100,RGB,quarantined_exact_duplicate,Exact pixel duplicate of canonical file data_soil_raw/Red/red_0010.jpeg,,
data_soil_raw/Red/red_0305.jpeg,red_0305.jpeg,Red,b3fe381c01183da196a9e88c49984f27bbc51072b5b617591b1c20036fa2e77c,3707fad991145aa1b9f53a4863fb384007cc17acb62ca4710429f55e43b6fdc9,14458,False,,275,183,RGB,quarantined_exact_duplicate,Exact pixel duplicate of canonical file data_soil_raw/Red/red_0008.jpg,,
data_soil_raw/Red/red_0306.jpeg,red_0306.jpeg,Red,703e4ba9a2695de9b2982395a7d2fb814ef36da279285d1a5a17f72ac9de06f3,55bfc36aa1befda2ab63c24355bd990b571bb187c024593cbf92cdb85e2a10c3,16013,False,,275,183,RGB,quarantined_exact_duplicate,Exact pixel duplicate of canonical file data_soil_raw/Red/red_0012.jpeg,,
data_soil_raw/Red/red_0307.jpeg,red_0307.jpeg,Red,7ccbfed7100a8f112e82a489942da57cc16f595b6aebeeff01e5db87cfd24178,4e3383b6b4c57b33ff714b428f93feb81a641e27994f4763a4fa0d48eb171613,16530,False,,275,183,RGB,quarantined_exact_duplicate,Exact pixel duplicate of canonical file data_soil_raw/Red/red_0006.jpg,,
data_soil_raw/Red/red_0308.jpeg,red_0308.jpeg,Red,7421c3cd51040e42f23d0cac706b8da76870a6de3851d223b36e49a02b8447bf,27622091f761b17db0aa5316dd93960cdd75422f7aa07394649cdca5df775384,16776,False,,288,175,RGB,quarantined_exact_duplicate,Exact pixel duplicate of canonical file data_soil_raw/Red/red_0014.jpeg,,
data_soil_raw/Red/red_0309.jpeg,red_0309.jpeg,Red,788a48c53a5b2ed92559b6b26a069961d808657b3308651f19e6c4abe5563c58,9c7befb19906b842f762a228d59be1bd16dab594291a61d93c6ecbe30b9d8568,12685,False,,279,180,RGB,quarantined_exact_duplicate,Exact pixel duplicate of canonical file data_soil_raw/Red/red_0015.jpeg,,
data_soil_raw/Red/red_0310.jpeg,red_0310.jpeg,Red,2dc9b85e3428f37f298364a39eae01267e9d43e6319ecdedbc8823d15dce9718,66e6079deee3213a8ddf219352c9a459b76f5b09a95578450c54369ee29d7abb,5688,False,,275,183,RGB,quarantined_exact_duplicate,Exact pixel duplicate of canonical file data_soil_raw/Red/red_0016.jpeg,,
data_soil_raw/Red/red_0311.jpeg,red_0311.jpeg,Red,a27f6a9f5adca1357c9de7cff4a798c06221ab27dbaad1e03100dd88b4394475,7794565a4c33578e250892be2dbc2e32a874462fd3a5558127c5d6dd377b2e68,3661,False,,100,100,RGB,quarantined_exact_duplicate,Exact pixel duplicate of canonical file data_soil_raw/Red/red_0017.jpeg,,
data_soil_raw/Red/red_0312.jpeg,red_0312.jpeg,Red,fdb9f8ee469bf996b4543820e76546ba000eff8f5f5f9f33c8a3a6afad5013cf,c18c3beb912ab20de33c0ec8476b3535fd24cd323c6e610948034b673b82a33c,11446,False,,225,225,RGB,quarantined_exact_duplicate,Exact pixel duplicate of canonical file data_soil_raw/Red/red_0018.jpeg,,
data_soil_raw/Red/red_0313.jpeg,red_0313.jpeg,Red,539815f3b9656aa3b0da432561b3d3d4f9f07518c3814282ccf73f92f2f315b8,d4e5dfdf64cf201c5a25314b5105dece888e0f10898c86da5e677ecf93379b63,9928,False,,265,190,RGB,quarantined_exact_duplicate,Exact pixel duplicate of canonical file data_soil_raw/Red/red_0019.jpeg,,
data_soil_raw/Red/red_0314.jpeg,red_0314.jpeg,Red,410732e98c50c7b832f8d6035464974bc660291d072fc71df800c46b124e171c,038615c2e1a50c8ebfecc5f1a9331142902b3c139d0d7dba06aefe5985941084,10492,False,,276,183,RGB,quarantined_exact_duplicate,Exact pixel duplicate of canonical file data_soil_raw/Red/red_0020.jpeg,,
data_soil_raw/Red/red_0315.jpeg,red_0315.jpeg,Red,9d1618e89b58019f46ca1784c5c829a9ab9e5df52ef6474172e9b6ece380be93,1abc7dc114078ec0291ed3e7f1904207e15f73f932c6892744c9c4ce95d37f14,6324,False,,265,190,RGB,quarantined_exact_duplicate,Exact pixel duplicate of canonical file data_soil_raw/Red/red_0021.jpeg,,
data_soil_raw/Red/red_0316.jpeg,red_0316.jpeg,Red,f32e199dc4c3921313660df3731eb12f4aed1819c6f1aff501e5e5ef4cbb143a,340209dea019e01f8a397724257166dab3c1b62a3c10a909dad8e07f7986dcf4,6355,False,,260,194,RGB,quarantined_exact_duplicate,Exact pixel duplicate of canonical file data_soil_raw/Red/red_0022.jpeg,,
data_soil_raw/Red/red_0317.jpeg,red_0317.jpeg,Red,aa80ed414602d38a4467777978b944f25484595cf124cfceb13596b83c5bb6df,8ed7b0f2190627105711619c2aa113711f3c7dbb89e9cd534cdb763efc86efd0,2492,False,,100,100,RGB,quarantined_exact_duplicate,Exact pixel duplicate of canonical file data_soil_raw/Red/red_0023.jpeg,,
data_soil_raw/Red/red_0318.jpeg,red_0318.jpeg,Red,533c27142f494f65ff1d47c2327f29a79967534c7a9ac64a0bad915bef199eaa,11f16fc1e3c7c3504bf6c16f9ca0426c86214c79be03b99b25a3932c3bf601b8,7412,False,,275,183,RGB,quarantined_exact_duplicate,Exact pixel duplicate of canonical file data_soil_raw/Red/red_0024.jpeg,,
data_soil_raw/Red/red_0319.jpeg,red_0319.jpeg,Red,76a6388bff0325bf0e2eb794d9adc9bd68c056fc0089fe4c362b3930050a6bc8,1dd3c9b531c752bc38e258dfc0509f77ab183e3ae4e2e4a639f31582134ed1d4,9429,False,,259,194,RGB,quarantined_exact_duplicate,Exact pixel duplicate of canonical file data_soil_raw/Red/red_0007.jpg,,
data_soil_raw/Red/red_0320.jpeg,red_0320.jpeg,Red,ff20b34e0cb8c9781db1f47256ac5175d4aff088bb6d4feab831be1b9f2a8dc4,b2024c7fd59061edfe8315d51cc581ff3e03eade22a9656528cc201363b13b75,2444,False,,100,100,RGB,quarantined_exact_duplicate,Exact pixel duplicate of canonical file data_soil_raw/Red/red_0026.jpeg,,
data_soil_raw/Red/red_0321.jpeg,red_0321.jpeg,Red,56c5c76c6b0f61ce03cbbcfc91631db6567e7cc47e92a00760dae7d6a26968a7,16842ad6bbb86b859fd236209fb5cfe2bbabb82335bcb8bf4d489a606867136a,2120,False,,100,100,RGB,quarantined_exact_duplicate,Exact pixel duplicate of canonical file data_soil_raw/Red/red_0027.jpeg,,
data_soil_raw/Red/red_0322.jpg,red_0322.jpg,Red,340405dc5e87a2f558f22e7086306cb332c891de46dbcf2e8e0c970064fad18e,cc789c7e3b7cd44447ad3839aa6d23e1503997d2eb345db21c6f52e2bbf7cc75,14536,False,,172,293,RGB,quarantined_exact_duplicate,Exact pixel duplicate of canonical file data_soil_raw/Red/red_0176.jpg,,
data_soil_raw/Red/red_0323.jpg,red_0323.jpg,Red,3d19acef9f075bb7a9a4a7be8b0cb55964f1b83346dd4226314bf545cdd5d630,9f00fe05fb304066b460c53bd4d54bc0101f24cc9553972ec92b3e3a35253a72,2013,False,,100,100,RGB,quarantined_exact_duplicate,Exact pixel duplicate of canonical file data_soil_raw/Red/red_0183.jpg,,
data_soil_raw/Red/red_0324.jpg,red_0324.jpg,Red,9b3015d9a2c302ecd85316953190ce2f61fcf6e1503ef8d4b2d005d70dd6b98f,52e371c2dfd1c7d17c00720228c6272c42c710e3e29ee8627eaabdd4ba9af909,12215,False,,275,183,RGB,quarantined_exact_duplicate,Exact pixel duplicate of canonical file data_soil_raw/Red/red_0029.jpg,,
data_soil_raw/Red/red_0325.jpg,red_0325.jpg,Red,2060fd3b7431397acc3aa9438e5b3cd241ecf4c8e9d756ac42db05f1fdefd0bc,6179af1d33ede1ed950a8f3c29bdeb69370607d046e1b63b5b775d90633001c2,9704,False,,193,261,RGB,quarantined_exact_duplicate,Exact pixel duplicate of canonical file data_soil_raw/Red/red_0188.jpg,,
data_soil_raw/Red/red_0326.jpg,red_0326.jpg,Red,b6ae77cc1335c8b32f3f159afdd4c9f7f4e1b966cf3a2fb58ff1beb45a2a0326,000c847be2ca934de84c4496813ad0d20e3a67b751048c87384e14248d9cbe4b,3588,False,,100,100,RGB,quarantined_exact_duplicate,Exact pixel duplicate of canonical file data_soil_raw/Red/red_0189.jpg,,
data_soil_raw/Red/red_0327.jpg,red_0327.jpg,Red,265ed5d9800dc4b36f1246a2d509b487ef8dc75299efd8afb1d821a91ac96a05,2316c26d72a234be5458e28b6d58caf1356b585b7b74f3f39c819e9a79a5962c,20361,False,,275,183,RGB,quarantined_exact_duplicate,Exact pixel duplicate of canonical file data_soil_raw/Red/red_0191.jpg,,
data_soil_raw/Red/red_0328.jpg,red_0328.jpg,Red,f3de10bbda19dfbdd96dede47dc125de7f80d8df6257911b82aee0fe5e5b34f3,c1f91cde83fbc451d7108d75b7b55e7d17fd7252907e7abce4f588ec14b46d77,5589,False,,284,177,RGB,quarantined_exact_duplicate,Exact pixel duplicate of canonical file data_soil_raw/Red/red_0193.jpg,,
data_soil_raw/Red/red_0329.jpg,red_0329.jpg,Red,90d8dfef6c137378c5235d70c85d642e1e3de4e111aa27bfd17727f166e372d5,9c7aef25a15040461a873b4c30f1aae89c819584092dbb2175137627dbcd2910,14651,False,,286,176,RGB,quarantined_exact_duplicate,Exact pixel duplicate of canonical file data_soil_raw/Red/red_0194.jpg,,
data_soil_raw/Red/red_0330.jpg,red_0330.jpg,Red,7fc59bea8eae524a912ea98c2d6138716de20a768f22d17c20005c3a8ae66e3e,cc8df30e150c7b807e7f562cfc7b2c8b51e3e3aa0a7462731bf9a247aabaa50e,6034,False,,275,183,RGB,quarantined_exact_duplicate,Exact pixel duplicate of canonical file data_soil_raw/Red/red_0195.jpg,,
data_soil_raw/Red/red_0331.jpg,red_0331.jpg,Red,6eb5eae72da614130ae8b545e87d6eaa69d28d5f419f508aebd1e49a542a9d89,4fafb8664e53e896671f04e7ff0b97ecf59d0fd7260bf44de4cbb3c399cdd24e,3713,False,,100,100,RGB,quarantined_exact_duplicate,Exact pixel duplicate of canonical file data_soil_raw/Red/red_0197.jpg,,
data_soil_raw/Red/red_0332.jpg,red_0332.jpg,Red,fcaa4a3cbfb0a424848968b41dd614521a34c9ecafe1e3ade600c77894a34cd4,c09a60b3abdba684335020b09db1449b915c7926138b119d7c29620a2307ca66,15954,False,,275,183,RGB,quarantined_exact_duplicate,Exact pixel duplicate of canonical file data_soil_raw/Red/red_0198.jpg,,
data_soil_raw/Red/red_0333.jpg,red_0333.jpg,Red,858d64c70706b946c179f951727accaad28c16db89b2d73469c1b186e0ce4c0b,9b49f7c477c8a014a0662619bdcdb4df9abac948fb80a4064f1d7cdd3ea7b520,11953,False,,194,259,RGB,quarantined_exact_duplicate,Exact pixel duplicate of canonical file data_soil_raw/Red/red_0199.jpg,,
data_soil_raw/Red/red_0334.jpg,red_0334.jpg,Red,c5bfb4cc3bd9b85ae18370da67026a9efd064e8f63d7757d86d84f2c53133c48,0a7b2b1ae3990d531e21decb4f857876c93b35b86d9bac4053fda8bc3c243465,4133,False,,259,194,RGB,quarantined_exact_duplicate,Exact pixel duplicate of canonical file data_soil_raw/Red/red_0200.jpg,,
data_soil_raw/Red/red_0335.jpg,red_0335.jpg,Red,c19cfc94f907ccaa6db4ac43d15b51bbf9c45022bfa32c14862b9bf8e962279e,e47c174a5558d6b9a1d8396b564e254ea441071d38cc3a1fac735dd24dd8e7a1,12457,False,,275,183,RGB,quarantined_exact_duplicate,Exact pixel duplicate of canonical file data_soil_raw/Red/red_0201.jpg,,
data_soil_raw/Red/red_0336.jpg,red_0336.jpg,Red,68000a1498c9290ad9c7c03c29a817ea12df70f6e80cf57d9f4a22bb79c18155,e36b98fdcf5eafc832ea3ad40c1a4f6ef8c264b438d9f87a9b95371c3f3c924a,15804,False,,209,242,RGB,quarantined_exact_duplicate,Exact pixel duplicate of canonical file data_soil_raw/Red/red_0202.jpg,,
data_soil_raw/Red/red_0337.jpg,red_0337.jpg,Red,cb9fc0a4bcfb9fffa39bd192543038ca3ec13f2bf9c79f5db49fe0bdf8282e55,e4d65f956db2d3a0d9a12f098f269acb182e1a517ec341b969cddfbe2ed49fff,9456,False,,194,259,RGB,quarantined_exact_duplicate,Exact pixel duplicate of canonical file data_soil_raw/Red/red_0203.jpg,,
data_soil_raw/Red/red_0338.jpg,red_0338.jpg,Red,bc96146a6871e33d8e15a51d0b8ac6958b710e1183cf116398f3e6229b8dbe01,ca64c365e59efd214dfc5d44b60131a50b433e15b445d221cca55fdc09f09a71,9428,False,,327,154,RGB,quarantined_exact_duplicate,Exact pixel duplicate of canonical file data_soil_raw/Red/red_0204.jpg,,
data_soil_raw/Red/red_0339.jpg,red_0339.jpg,Red,671eb5de9762dc4a70ebe3b7c8d037aa77449d8d1f2de1d08473f8004b1ccbc2,29b314f7b388d4920698d1f7ecc0eb35a7e8a9d773519aaf912523b6da0cc355,12569,False,,275,183,RGB,quarantined_exact_duplicate,Exact pixel duplicate of canonical file data_soil_raw/Red/red_0205.jpg,,
data_soil_raw/Red/red_0340.jpg,red_0340.jpg,Red,d0316b3f242974f9caf0aaed9fa74fb5b012b211925dcabf29eded27ff0668e0,382fadd648c4c94c2e566e8463d40fb7113408c47aead90cb7250431fa7a8b25,11246,False,,321,157,RGB,quarantined_exact_duplicate,Exact pixel duplicate of canonical file data_soil_raw/Red/red_0206.jpg,,
data_soil_raw/Red/red_0341.jpg,red_0341.jpg,Red,196be6c1f1dc9c4671f5fee4f1333bb61f3d23d6cdef6105cfc01bd674d7b451,46690073003b68b8c4a8fc163403465ecdc6d8a5ff1466bc007501976e8dcc18,15838,False,,225,225,RGB,quarantined_exact_duplicate,Exact pixel duplicate of canonical file data_soil_raw/Red/red_0207.jpg,,
data_soil_raw/Red/red_0342.jpg,red_0342.jpg,Red,8ef32ea0522b108f626f4e3f31b1228ae8bc9aff89f34629540fd4cf65b983f6,bc8aac8aecee232ed3c0b4ecca91cd1dae5b74e0a475fc6625acaf1464ef0d89,6780,False,,275,183,RGB,quarantined_exact_duplicate,Exact pixel duplicate of canonical file data_soil_raw/Red/red_0092.jpg,,
data_soil_raw/Red/red_0343.jpg,red_0343.jpg,Red,3519a416697b524095b96b885f71a7a18135046508de4512e94efb482f6520f7,411a7449771baa85009b36b79367d9ed682d7b59d3b7aa478af3292a59a8058c,2614,False,,100,100,RGB,quarantined_exact_duplicate,Exact pixel duplicate of canonical file data_soil_raw/Red/red_0093.jpg,,
data_soil_raw/Red/red_0344.jpg,red_0344.jpg,Red,5f6baa11910cd2ba4a1807f9a4f818878ebcaafb72f8b53abc9dc8fe42a70837,4b07f90490449de36556e5939ef96985ffec6bd1dac6e2c7fb2d01a3be95dd3e,4238,False,,100,100,RGB,quarantined_exact_duplicate,Exact pixel duplicate of canonical file data_soil_raw/Red/red_0094.jpg,,
data_soil_raw/Red/red_0345.jpg,red_0345.jpg,Red,11bb7c48a1df31cd6bfe48b72d9bd76438e37a698ef9fe4a0ab7685758c5522e,507a5821f25f180a1ee037f4ff6f52044c86885ff67e27a50fbba57992e218dd,9898,False,,259,194,RGB,quarantined_exact_duplicate,Exact pixel duplicate of canonical file data_soil_raw/Red/red_0095.jpg,,
data_soil_raw/Red/red_0346.jpg,red_0346.jpg,Red,baa04137680d2197362a7d11ca1c69fcefd06b83374a75b63a7cfbf2ef31be01,871be2fd95285d9b8b8ca610694aee9e637f5428a1855e0a71792269f6606df4,16275,False,,201,251,RGB,quarantined_exact_duplicate,Exact pixel duplicate of canonical file data_soil_raw/Red/red_0212.jpg,,
data_soil_raw/Red/red_0347.jpg,red_0347.jpg,Red,56d1faae3ad7dd6a252d67e6bb91a7f9010fc614a63c2c810529d05ba55586c9,a621b42f6650f95f7e82652d90d7de0e15f25e356c9205cf7519e3a4dcc56626,19904,False,,193,262,RGB,quarantined_exact_duplicate,Exact pixel duplicate of canonical file data_soil_raw/Red/red_0096.jpg,,
data_soil_raw/Red/red_0348.jpg,red_0348.jpg,Red,aa80ed414602d38a4467777978b944f25484595cf124cfceb13596b83c5bb6df,8ed7b0f2190627105711619c2aa113711f3c7dbb89e9cd534cdb763efc86efd0,2492,False,,100,100,RGB,quarantined_exact_duplicate,Exact pixel duplicate of canonical file data_soil_raw/Red/red_0023.jpeg,,
data_soil_raw/Red/red_0349.jpg,red_0349.jpg,Red,fbc9b55197ce853d026268d64807faa6c28e0408ef7bfa7a47c3b48ddc9c2499,31f740218f40f5486f1ef0c68f9a4618c4f7d59bb121402e7e7a89c671b5fdd1,9791,False,,198,254,RGB,quarantined_exact_duplicate,Exact pixel duplicate of canonical file data_soil_raw/Red/red_0098.jpg,,
data_soil_raw/Red/red_0350.jpg,red_0350.jpg,Red,052db6dc5e833289a9b516cd7af7199b0bf49ca92007d97c705bff45484c8b04,5c0523698018e892a7464c06e608e75051afeeb8ec861ebc65ed65304005ffee,7849,False,,259,194,RGB,quarantined_exact_duplicate,Exact pixel duplicate of canonical file data_soil_raw/Red/red_0216.jpg,,
data_soil_raw/Red/red_0351.jpg,red_0351.jpg,Red,0d204a1dd0dcbe762e7ae78f331d95e7088ca6929b682e2c4354758ce5b399b7,fe844180832dbd3cdaff2eea45e281f25ed85de5100ddbd9feb2c9c0073ea922,9693,False,,275,183,RGB,quarantined_exact_duplicate,Exact pixel duplicate of canonical file data_soil_raw/Red/red_0099.jpg,,
data_soil_raw/Red/red_0352.jpg,red_0352.jpg,Red,70f305d4d7829faf6f7d0b6f516999744df53e1f27f9fa44759ec166d618d211,a4274300ca72fe050331f63c312659641546f315b2b28a1ab0b20ea59dbdeba4,9148,False,,259,194,RGB,quarantined_exact_duplicate,Exact pixel duplicate of canonical file data_soil_raw/Red/red_0218.jpg,,
data_soil_raw/Red/red_0353.jpg,red_0353.jpg,Red,bc11e397c68188f1e9d2d0021ee6ad9da56425ddcf5a910d0755d1dc7d8f7d6e,32afb572a49be7462015c43a0339cf013220816160525c7d2cb3b0e781ff9e32,13649,False,,250,202,RGB,quarantined_exact_duplicate,Exact pixel duplicate of canonical file data_soil_raw/Red/red_0219.jpg,,
data_soil_raw/Red/red_0354.jpg,red_0354.jpg,Red,5285d77a482138116502ef623cd8f830a37e5b8a4dcf8a157607735767cd97ac,d5eaab00504bf55731a8cd543ae69a48e996140a03e32e40244beae254b24fa7,4129,False,,100,100,RGB,quarantined_exact_duplicate,Exact pixel duplicate of canonical file data_soil_raw/Red/red_0221.jpg,,
data_soil_raw/Red/red_0355.jpg,red_0355.jpg,Red,f26c08b9f1cc276dd5154357f0dc6b030a5688b8787de9989e0bf1c5632be6b4,ee541c3c036ccfbf1898756cc3407069f828269319ef81c9bc968ac572652712,2525,False,,100,100,RGB,quarantined_exact_duplicate,Exact pixel duplicate of canonical file data_soil_raw/Red/red_0222.jpg,,
data_soil_raw/Red/red_0356.jpg,red_0356.jpg,Red,b2077e6593ce7b3397f1b01492306785a8927afcd88977a7d695d8ceaa260b98,1524b1b72d4d16f173f93dc62168c70535efa8bf1d4d7bac5a1ba95e525fe68d,11237,False,,275,183,RGB,quarantined_exact_duplicate,Exact pixel duplicate of canonical file data_soil_raw/Red/red_0223.jpg,,
data_soil_raw/Red/red_0357.jpg,red_0357.jpg,Red,f42f4143cd94fb4cf309146b02300bdf9e6d034068bd0cf44410c3dc9c6fb0ee,94d2405e6746c52c6f46ed6baba56f7047be9b6b46f81e9f4dca4ce77d4b0164,14098,False,,225,225,RGB,quarantined_exact_duplicate,Exact pixel duplicate of canonical file data_soil_raw/Red/red_0224.jpg,,
data_soil_raw/Red/red_0358.jpg,red_0358.jpg,Red,472f3429b48f50372de0afd4629bc1be7f408e6af7a5a960d5a5e4b14d3143a3,5405757b74b84ec0ee30b4185449c671133adbeed128f175d1496d34fefed2f0,9958,False,,259,194,RGB,quarantined_exact_duplicate,Exact pixel duplicate of canonical file data_soil_raw/Red/red_0225.jpg,,
data_soil_raw/Red/red_0359.jpg,red_0359.jpg,Red,3b74cf3b26a6ecc5602de6f9b728e0d9091eacbb2cd9643122d6d7492533676e,38d97d982ce19f94f322bc2d3ce31585f45d896a0991fcabda5ce0ffb94d0ebd,7951,False,,246,205,RGB,quarantined_exact_duplicate,Exact pixel duplicate of canonical file data_soil_raw/Red/red_0084.jpg,,
data_soil_raw/Red/red_0360.jpg,red_0360.jpg,Red,d7e7168ccae1126fa979eeb2e9e6c3a9080d168fd4ba8d7d58afe1e90e247621,b7e6498078ad7b5f9bb72f640ce59fa583c8abacd477a10b9268ec8beac593d5,11981,False,,259,194,RGB,clean_retained,,train,data_soil/train/Red/red_0083.jpg
data_soil_raw/Red/red_0361.jpg,red_0361.jpg,Red,2b4edadacf4965126d65495acbc9c5bc6492d938da33ba900ba548a129d1720b,bff97a08d739f851eceadbc8bd8795a66301af2255a40fd174a4d10167a98d62,9407,False,,275,183,RGB,quarantined_exact_duplicate,Exact pixel duplicate of canonical file data_soil_raw/Red/red_0228.jpg,,
data_soil_raw/Red/red_0362.jpg,red_0362.jpg,Red,67eaf19d781ea5189e155f4dd43359fefbd26976e5d47a35da79651728549277,5aa4d4e1b9552ca8c1f65af347d21d71bdcfbf0e98578d8aa71cc7a9551c7342,9369,False,,259,194,RGB,quarantined_exact_duplicate,Exact pixel duplicate of canonical file data_soil_raw/Red/red_0229.jpg,,
data_soil_raw/Red/red_0363.jpg,red_0363.jpg,Red,431090134aebcbeaea923567f33dc1fa5c8e3c60058b5a3054cc7ab0f3f5ef0c,0374c7a6ec95c887a53aae385b9c2e1c1e83e5ab34422738a8db857f5039fe3d,8655,False,,282,178,RGB,quarantined_exact_duplicate,Exact pixel duplicate of canonical file data_soil_raw/Red/red_0230.jpg,,
data_soil_raw/Red/red_0364.jpg,red_0364.jpg,Red,035ae59acc7e859979cd5e5779e37c2c7218150458b4a4771a3e624524038349,a7ed3f66563559918e384079105090cfd37a89f1e545d6be90d34c457352115f,14783,False,,275,183,RGB,quarantined_exact_duplicate,Exact pixel duplicate of canonical file data_soil_raw/Red/red_0231.jpg,,
data_soil_raw/Red/red_0365.jpg,red_0365.jpg,Red,11d8dbb52361c1ce5024977cc58fd2422cba3f921d5748a6ae548fc4b7920076,7bb23ce4e6f1caea49dae88bc792e338a357fab4df890eea112dcf2385701997,12227,False,,194,259,RGB,quarantined_exact_duplicate,Exact pixel duplicate of canonical file data_soil_raw/Red/red_0232.jpg,,
data_soil_raw/Red/red_0366.png,red_0366.png,Red,5d30a8ecda2532efaed6f66259c8fe9d2a6b4c945833fc8a17916d398dbd1054,de676431c28e8fe213c3cc6ed84f4d8645a7a8397f42b84dde610143c54df5ba,253902,False,,390,261,RGBA,clean_retained,,test,data_soil/test/Red/red_0022.jpg
data_soil_raw/Red/red_0367.png,red_0367.png,Red,6686bde7a6d1801319bbf74df6b63694c71fd239f7360746db234c4668eec36a,cf85ae687912ca5b50ed7a5db0b225094171e2e784930a7a8eca9e7f3f05764d,504272,False,,600,600,RGBA,quarantined_exact_duplicate,Exact pixel duplicate of canonical file data_soil_raw/Red/red_0101.png,,
data_soil_raw/Red/red_0368.jpg,red_0368.jpg,Red,684c7856dd49def694fb3bcab6cf286e00c3547cbf708ba8c8451045546994ad,ae4b76d5350aa4786dcf2657860a80fb2871032b24b4821e6598cbc2a1ae7a97,32707,False,,500,500,RGB,quarantined_exact_duplicate,Exact pixel duplicate of canonical file data_soil_raw/Red/red_0102.jpg,,
data_soil_raw/Red/red_0369.png,red_0369.png,Red,e22e390cc2887e3acbeae381cf00f6419f67b5c8f279c1f48c51c8bd4d1055da,9e0751eeb5641afd4d30b997d67ba3248675a83e2107b0c62f25334004f9b0de,449546,False,,371,500,RGBA,quarantined_exact_duplicate,Exact pixel duplicate of canonical file data_soil_raw/Red/red_0103.png,,
data_soil_raw/Red/red_0370.jpg,red_0370.jpg,Red,27e6b7551be7a130cbc7cd4d6c27f3914fffc6b3ed8f92ddd4d8d85dac2fc622,265f0330e9e5e654405ee4fec863b0d6d763a126e35aaf3bd4fcbb9c0a4d1674,263219,False,,800,533,RGB,quarantined_exact_duplicate,Exact pixel duplicate of canonical file data_soil_raw/Red/red_0104.jpg,,
data_soil_raw/Red/red_0371.jpg,red_0371.jpg,Red,d64989da2bd7db5b64b673c73a3ed1965a66caba3a24e3145eef41cabcf11bd3,e0b19bc0c80fd2484b80a507e0a4522e5168d4d61ee9a0c78e3978989a442d91,194598,False,,700,700,RGB,quarantined_exact_duplicate,Exact pixel duplicate of canonical file data_soil_raw/Red/red_0105.jpg,,
data_soil_raw/Red/red_0372.jpg,red_0372.jpg,Red,bb4a6bbf190ed2ef3882bbe7365db898a7ae720c6f37ae5d7dc53c113f02dabf,4ed07842018b2c68a3777b23a827a72b51b64d259500651818cbe15afce5f4b0,100411,False,,885,560,RGB,quarantined_exact_duplicate,Exact pixel duplicate of canonical file data_soil_raw/Red/red_0106.jpg,,
data_soil_raw/Red/red_0373.jpg,red_0373.jpg,Red,cf7ed6865842e3a09174eab9b022530d6d97b497a20b1cc6d868ab46fd4f9c73,27d0b5e2c904e8c258de53e2ee9a0fe9c1401295b759b56742239449d5fb422b,144743,False,,800,530,RGB,quarantined_exact_duplicate,Exact pixel duplicate of canonical file data_soil_raw/Red/red_0242.jpg,,
